cve_id,published,severity,base_score,attack_vector,privileges_required,app_layer,mitigation_class,component,action,source,metric_source,metric_version,known_exploited,ransomware,epss,epss_percentile
CVE-2013-3900,2013-12-11,HIGH,8.8,NETWORK,NONE,False,network_isolate,network,Segment to a restricted VLAN and block inbound access at the host firewall,,nvd@nist.gov,3.1,true,false,0.446470,0.987310
CVE-2019-0887,2019-07-15,HIGH,8.0,NETWORK,LOW,False,service_disable,rdp,"Disable Remote Desktop, or require Network Level Authentication and gate by firewall",Microsoft CVE-2019-0708 guidance,nvd@nist.gov,3.1,false,false,0.709660,0.993870
CVE-2021-26441,2021-10-13,HIGH,7.8,LOCAL,LOW,False,unmitigable,,No documented mitigation that preserves current use; re-role or replace,,nvd@nist.gov,3.1,false,false,0.009440,0.596070
CVE-2021-26442,2021-10-13,HIGH,7.8,LOCAL,LOW,False,service_disable,iis,Remove the IIS role from endpoints,Microsoft IIS guidance,nvd@nist.gov,3.1,false,false,0.007900,0.545870
CVE-2021-26443,2021-11-10,CRITICAL,9.0,ADJACENT_NETWORK,LOW,False,unmitigable,,No documented mitigation that preserves current use; re-role or replace,,nvd@nist.gov,3.1,false,false,0.016820,0.760760
CVE-2021-33110,2022-02-09,MEDIUM,6.5,ADJACENT_NETWORK,NONE,False,service_disable,bluetooth,Disable the Bluetooth radio/stack by policy where unused,Microsoft Bluetooth hardening guidance,nvd@nist.gov,3.1,false,false,0.005490,0.438690
CVE-2021-33113,2022-02-09,HIGH,8.1,ADJACENT_NETWORK,NONE,False,network_isolate,network,Segment to a restricted VLAN and block inbound access at the host firewall,,nvd@nist.gov,3.1,false,false,0.006870,0.508650
CVE-2021-33114,2022-02-09,MEDIUM,5.7,ADJACENT_NETWORK,LOW,False,unmitigable,,No documented mitigation that preserves current use; re-role or replace,,nvd@nist.gov,3.1,false,false,0.004950,0.401400
CVE-2021-34527,2021-07-02,HIGH,8.8,NETWORK,LOW,False,service_disable,spooler,Stop and disable the Print Spooler service on devices that do not print,Microsoft ADV / KB5005010,nvd@nist.gov,3.1,true,true,0.997920,0.999560
CVE-2021-36953,2021-10-13,HIGH,7.5,NETWORK,NONE,False,network_isolate,network,Segment to a restricted VLAN and block inbound access at the host firewall,,nvd@nist.gov,3.1,false,false,0.050460,0.920230
CVE-2021-36970,2021-10-13,MEDIUM,6.5,NETWORK,NONE,False,service_disable,spooler,Stop and disable the Print Spooler service on devices that do not print,Microsoft ADV / KB5005010,nvd@nist.gov,3.1,false,false,0.030590,0.871230
CVE-2021-38631,2021-11-10,MEDIUM,4.4,LOCAL,HIGH,False,service_disable,rdp,"Disable Remote Desktop, or require Network Level Authentication and gate by firewall",Microsoft CVE-2019-0708 guidance,nvd@nist.gov,3.1,false,false,0.018640,0.784770
CVE-2021-38662,2021-10-13,MEDIUM,5.5,LOCAL,LOW,False,unmitigable,,No documented mitigation that preserves current use; re-role or replace,,nvd@nist.gov,3.1,false,false,0.007770,0.541460
CVE-2021-38663,2021-10-13,MEDIUM,5.5,LOCAL,LOW,False,unmitigable,,No documented mitigation that preserves current use; re-role or replace,,nvd@nist.gov,3.1,false,false,0.007320,0.525630
CVE-2021-38665,2021-11-10,MEDIUM,6.5,NETWORK,NONE,False,service_disable,rdp,"Disable Remote Desktop, or require Network Level Authentication and gate by firewall",Microsoft CVE-2019-0708 guidance,nvd@nist.gov,3.1,false,false,0.070180,0.939710
CVE-2021-38666,2021-11-10,HIGH,8.8,NETWORK,NONE,False,service_disable,rdp,"Disable Remote Desktop, or require Network Level Authentication and gate by firewall",Microsoft CVE-2019-0708 guidance,nvd@nist.gov,3.1,false,false,0.150640,0.966270
CVE-2021-38672,2021-10-13,CRITICAL,9.0,ADJACENT_NETWORK,LOW,False,service_disable,hyperv,Remove the Hyper-V role on endpoints that do not host VMs,Microsoft Hyper-V role guidance,nvd@nist.gov,3.1,false,false,0.010900,0.640860
CVE-2021-40443,2021-10-13,HIGH,7.8,LOCAL,LOW,False,unmitigable,,No documented mitigation that preserves current use; re-role or replace,,nvd@nist.gov,3.1,false,false,0.006510,0.492800
CVE-2021-40449,2021-10-13,HIGH,7.8,LOCAL,LOW,False,unmitigable,,No documented mitigation that preserves current use; re-role or replace,,nvd@nist.gov,3.1,true,true,0.741290,0.994730
CVE-2021-40450,2021-10-13,HIGH,7.8,LOCAL,LOW,False,unmitigable,,No documented mitigation that preserves current use; re-role or replace,,nvd@nist.gov,3.1,true,false,0.015820,0.746110
CVE-2021-40454,2021-10-13,MEDIUM,5.5,LOCAL,LOW,False,unmitigable,,No documented mitigation that preserves current use; re-role or replace,,nvd@nist.gov,3.1,false,false,0.004980,0.403830
CVE-2021-40455,2021-10-13,MEDIUM,5.5,LOCAL,LOW,False,unmitigable,,No documented mitigation that preserves current use; re-role or replace,,nvd@nist.gov,3.1,false,false,0.005630,0.447210
CVE-2021-40460,2021-10-13,MEDIUM,6.5,NETWORK,LOW,False,unmitigable,,No documented mitigation that preserves current use; re-role or replace,,nvd@nist.gov,3.1,false,false,0.016080,0.749910
CVE-2021-40461,2021-10-13,CRITICAL,9.0,ADJACENT_NETWORK,LOW,False,service_disable,hyperv,Remove the Hyper-V role on endpoints that do not host VMs,Microsoft Hyper-V role guidance,nvd@nist.gov,3.1,false,false,0.013620,0.707250
CVE-2021-40462,2021-10-13,HIGH,7.8,LOCAL,NONE,False,unmitigable,,No documented mitigation that preserves current use; re-role or replace,,nvd@nist.gov,3.1,false,false,0.025190,0.842520
CVE-2021-40463,2021-10-13,MEDIUM,6.5,NETWORK,LOW,False,unmitigable,,No documented mitigation that preserves current use; re-role or replace,,nvd@nist.gov,3.1,false,false,0.025760,0.846260
CVE-2021-40464,2021-10-13,HIGH,8.0,ADJACENT_NETWORK,LOW,False,unmitigable,,No documented mitigation that preserves current use; re-role or replace,,nvd@nist.gov,3.1,false,false,0.005520,0.439950
CVE-2021-40465,2021-10-13,HIGH,7.8,LOCAL,NONE,False,unmitigable,,No documented mitigation that preserves current use; re-role or replace,,nvd@nist.gov,3.1,false,false,0.024670,0.838950
CVE-2021-40466,2021-10-13,HIGH,7.8,LOCAL,LOW,False,unmitigable,,No documented mitigation that preserves current use; re-role or replace,,nvd@nist.gov,3.1,false,false,0.006510,0.492800
CVE-2021-40467,2021-10-13,HIGH,7.8,LOCAL,LOW,False,unmitigable,,No documented mitigation that preserves current use; re-role or replace,,nvd@nist.gov,3.1,false,false,0.005430,0.434830
CVE-2021-40468,2021-10-13,MEDIUM,5.5,LOCAL,LOW,False,unmitigable,,No documented mitigation that preserves current use; re-role or replace,,nvd@nist.gov,3.1,false,false,0.007320,0.525620
CVE-2021-40470,2021-10-13,HIGH,7.8,LOCAL,LOW,False,unmitigable,,No documented mitigation that preserves current use; re-role or replace,,nvd@nist.gov,3.1,false,false,0.006510,0.492800
CVE-2021-40475,2021-10-13,MEDIUM,5.5,LOCAL,LOW,False,unmitigable,,No documented mitigation that preserves current use; re-role or replace,,nvd@nist.gov,3.1,false,false,0.007320,0.525630
CVE-2021-40476,2021-10-13,HIGH,7.8,LOCAL,NONE,False,unmitigable,,No documented mitigation that preserves current use; re-role or replace,,nvd@nist.gov,3.1,false,false,0.024030,0.834210
CVE-2021-40477,2021-10-13,HIGH,7.8,LOCAL,LOW,False,unmitigable,,No documented mitigation that preserves current use; re-role or replace,,nvd@nist.gov,3.1,false,false,0.005820,0.457610
CVE-2021-40478,2021-10-13,HIGH,7.8,LOCAL,LOW,False,unmitigable,,No documented mitigation that preserves current use; re-role or replace,,nvd@nist.gov,3.1,false,false,0.008380,0.561850
CVE-2021-40488,2021-10-13,HIGH,7.8,LOCAL,LOW,False,unmitigable,,No documented mitigation that preserves current use; re-role or replace,,nvd@nist.gov,3.1,false,false,0.010020,0.614810
CVE-2021-40489,2021-10-13,HIGH,7.8,LOCAL,LOW,False,unmitigable,,No documented mitigation that preserves current use; re-role or replace,,nvd@nist.gov,3.1,false,false,0.008380,0.561850
CVE-2021-41332,2021-10-13,MEDIUM,6.5,NETWORK,LOW,False,service_disable,spooler,Stop and disable the Print Spooler service on devices that do not print,Microsoft ADV / KB5005010,nvd@nist.gov,3.1,false,false,0.027150,0.854730
CVE-2021-41333,2021-12-15,HIGH,7.8,LOCAL,LOW,False,service_disable,spooler,Stop and disable the Print Spooler service on devices that do not print,Microsoft ADV / KB5005010,nvd@nist.gov,3.1,false,false,0.010500,0.629420
CVE-2021-41334,2021-10-13,HIGH,7.8,LOCAL,LOW,False,unmitigable,,No documented mitigation that preserves current use; re-role or replace,,nvd@nist.gov,3.1,false,false,0.003680,0.282710
CVE-2021-41336,2021-10-13,MEDIUM,5.5,LOCAL,LOW,False,unmitigable,,No documented mitigation that preserves current use; re-role or replace,,nvd@nist.gov,3.1,false,false,0.007320,0.525620
CVE-2021-41338,2021-10-13,MEDIUM,5.5,LOCAL,LOW,False,unmitigable,,No documented mitigation that preserves current use; re-role or replace,,nvd@nist.gov,3.1,false,false,0.032990,0.880940
CVE-2021-41339,2021-10-13,HIGH,7.8,LOCAL,LOW,False,unmitigable,,No documented mitigation that preserves current use; re-role or replace,,nvd@nist.gov,3.1,false,false,0.004550,0.371620
CVE-2021-41340,2021-10-13,HIGH,7.8,LOCAL,NONE,False,unmitigable,,No documented mitigation that preserves current use; re-role or replace,,nvd@nist.gov,3.1,false,false,0.020270,0.802760
CVE-2021-41342,2021-10-13,HIGH,8.8,NETWORK,NONE,False,service_disable,ie,Disable Internet Explorer / MSHTML rendering and set Edge as the only browser,Microsoft IE retirement + ADV guidance,nvd@nist.gov,3.1,false,false,0.016290,0.752830
CVE-2021-41343,2021-10-13,MEDIUM,5.5,LOCAL,LOW,False,unmitigable,,No documented mitigation that preserves current use; re-role or replace,,nvd@nist.gov,3.1,false,false,0.007320,0.525620
CVE-2021-41345,2021-10-13,HIGH,7.8,LOCAL,LOW,False,unmitigable,,No documented mitigation that preserves current use; re-role or replace,,nvd@nist.gov,3.1,false,false,0.008270,0.558530
CVE-2021-41347,2021-10-13,HIGH,7.8,LOCAL,LOW,False,unmitigable,,No documented mitigation that preserves current use; re-role or replace,,nvd@nist.gov,3.1,false,false,0.007060,0.515870
CVE-2021-41351,2021-11-10,MEDIUM,4.3,NETWORK,NONE,True,app_update,application,Update the affected application; it services independently of the OS,,nvd@nist.gov,3.1,false,false,0.038780,0.898760
CVE-2021-41356,2021-11-10,HIGH,7.5,NETWORK,NONE,False,network_isolate,network,Segment to a restricted VLAN and block inbound access at the host firewall,,nvd@nist.gov,3.1,false,false,0.029930,0.868490
CVE-2021-41357,2021-10-13,HIGH,7.8,LOCAL,LOW,False,unmitigable,,No documented mitigation that preserves current use; re-role or replace,,nvd@nist.gov,3.1,true,false,0.015820,0.746110
CVE-2021-41366,2021-11-10,HIGH,7.8,LOCAL,LOW,False,unmitigable,,No documented mitigation that preserves current use; re-role or replace,,nvd@nist.gov,3.1,false,false,0.004850,0.394560
CVE-2021-41367,2021-11-10,HIGH,7.8,LOCAL,LOW,False,unmitigable,,No documented mitigation that preserves current use; re-role or replace,,nvd@nist.gov,3.1,false,false,0.004850,0.394560
CVE-2021-41370,2021-11-10,HIGH,7.8,LOCAL,LOW,False,unmitigable,,No documented mitigation that preserves current use; re-role or replace,,nvd@nist.gov,3.1,false,false,0.004850,0.394570
CVE-2021-41371,2021-11-10,MEDIUM,4.4,LOCAL,HIGH,False,service_disable,rdp,"Disable Remote Desktop, or require Network Level Authentication and gate by firewall",Microsoft CVE-2019-0708 guidance,nvd@nist.gov,3.1,false,false,0.016360,0.754150
CVE-2021-41377,2021-11-10,HIGH,7.8,LOCAL,LOW,False,unmitigable,,No documented mitigation that preserves current use; re-role or replace,,nvd@nist.gov,3.1,false,false,0.004850,0.394560
CVE-2021-41378,2021-11-10,HIGH,8.8,NETWORK,LOW,False,unmitigable,,No documented mitigation that preserves current use; re-role or replace,,nvd@nist.gov,3.1,false,false,0.015520,0.741750
CVE-2021-41379,2021-11-10,HIGH,7.8,LOCAL,LOW,False,unmitigable,,No documented mitigation that preserves current use; re-role or replace,,nvd@nist.gov,3.1,true,true,0.194520,0.972920
CVE-2021-42274,2021-11-10,MEDIUM,6.5,LOCAL,LOW,False,service_disable,hyperv,Remove the Hyper-V role on endpoints that do not host VMs,Microsoft Hyper-V role guidance,nvd@nist.gov,3.1,false,false,0.006840,0.507270
CVE-2021-42275,2021-11-10,HIGH,8.8,NETWORK,LOW,False,unmitigable,,No documented mitigation that preserves current use; re-role or replace,,nvd@nist.gov,3.1,false,false,0.020810,0.808030
CVE-2021-42276,2021-11-10,HIGH,7.8,LOCAL,NONE,False,unmitigable,,No documented mitigation that preserves current use; re-role or replace,,nvd@nist.gov,3.1,false,false,0.024690,0.839080
CVE-2021-42277,2021-11-10,HIGH,7.8,LOCAL,LOW,False,unmitigable,,No documented mitigation that preserves current use; re-role or replace,,nvd@nist.gov,3.1,false,false,0.008600,0.569330
CVE-2021-42279,2021-11-10,HIGH,7.5,NETWORK,NONE,False,network_isolate,network,Segment to a restricted VLAN and block inbound access at the host firewall,,nvd@nist.gov,3.1,false,false,0.023000,0.826560
CVE-2021-42280,2021-11-10,HIGH,7.8,LOCAL,LOW,False,unmitigable,,No documented mitigation that preserves current use; re-role or replace,,nvd@nist.gov,3.1,false,false,0.009490,0.597710
CVE-2021-42283,2021-11-10,HIGH,7.8,LOCAL,LOW,False,unmitigable,,No documented mitigation that preserves current use; re-role or replace,,nvd@nist.gov,3.1,false,false,0.004850,0.394560
CVE-2021-42284,2021-11-10,HIGH,7.5,NETWORK,NONE,False,service_disable,hyperv,Remove the Hyper-V role on endpoints that do not host VMs,Microsoft Hyper-V role guidance,nvd@nist.gov,3.1,false,false,0.037290,0.894580
CVE-2021-42285,2021-11-10,HIGH,7.8,LOCAL,LOW,False,unmitigable,,No documented mitigation that preserves current use; re-role or replace,,nvd@nist.gov,3.1,false,false,0.005460,0.436810
CVE-2021-43207,2021-12-15,HIGH,7.8,LOCAL,LOW,False,unmitigable,,No documented mitigation that preserves current use; re-role or replace,,nvd@nist.gov,3.1,false,false,0.006320,0.483090
CVE-2021-43215,2021-12-15,CRITICAL,9.8,NETWORK,NONE,False,network_isolate,network,Segment to a restricted VLAN and block inbound access at the host firewall,,nvd@nist.gov,3.1,false,false,0.027130,0.854620
CVE-2021-43216,2021-12-15,MEDIUM,6.5,NETWORK,LOW,False,unmitigable,,No documented mitigation that preserves current use; re-role or replace,,nvd@nist.gov,3.1,false,false,0.032460,0.878650
CVE-2021-43217,2021-12-15,CRITICAL,9.8,NETWORK,NONE,False,network_isolate,network,Segment to a restricted VLAN and block inbound access at the host firewall,,nvd@nist.gov,3.1,false,false,0.064190,0.934790
CVE-2021-43219,2021-12-15,HIGH,7.5,NETWORK,NONE,False,network_isolate,network,Segment to a restricted VLAN and block inbound access at the host firewall,,nvd@nist.gov,3.1,false,false,0.036630,0.892650
CVE-2021-43222,2021-12-15,HIGH,7.5,NETWORK,NONE,False,network_isolate,network,Segment to a restricted VLAN and block inbound access at the host firewall,,nvd@nist.gov,3.1,false,false,0.029970,0.868620
CVE-2021-43224,2021-12-15,MEDIUM,5.5,LOCAL,LOW,False,unmitigable,,No documented mitigation that preserves current use; re-role or replace,,nvd@nist.gov,3.1,false,false,0.038720,0.898610
CVE-2021-43226,2021-12-15,HIGH,7.8,LOCAL,LOW,False,unmitigable,,No documented mitigation that preserves current use; re-role or replace,,nvd@nist.gov,3.1,true,true,0.030720,0.871770
CVE-2021-43227,2021-12-15,MEDIUM,5.5,LOCAL,LOW,False,unmitigable,,No documented mitigation that preserves current use; re-role or replace,,nvd@nist.gov,3.1,false,false,0.007690,0.539040
CVE-2021-43228,2021-12-15,HIGH,7.5,NETWORK,NONE,False,network_isolate,network,Segment to a restricted VLAN and block inbound access at the host firewall,,nvd@nist.gov,3.1,false,false,0.036630,0.892650
CVE-2021-43229,2021-12-15,HIGH,7.8,LOCAL,LOW,False,unmitigable,,No documented mitigation that preserves current use; re-role or replace,,nvd@nist.gov,3.1,false,false,0.017590,0.771240
CVE-2021-43230,2021-12-15,HIGH,7.8,LOCAL,LOW,False,unmitigable,,No documented mitigation that preserves current use; re-role or replace,,nvd@nist.gov,3.1,false,false,0.005570,0.443670
CVE-2021-43231,2021-12-15,HIGH,7.8,LOCAL,LOW,False,unmitigable,,No documented mitigation that preserves current use; re-role or replace,,nvd@nist.gov,3.1,false,false,0.007010,0.514260
CVE-2021-43232,2021-12-15,HIGH,7.8,LOCAL,NONE,False,unmitigable,,No documented mitigation that preserves current use; re-role or replace,,nvd@nist.gov,3.1,false,false,0.020640,0.806400
CVE-2021-43233,2021-12-15,HIGH,7.5,NETWORK,NONE,False,service_disable,rdp,"Disable Remote Desktop, or require Network Level Authentication and gate by firewall",Microsoft CVE-2019-0708 guidance,nvd@nist.gov,3.1,false,false,0.022360,0.821530
CVE-2021-43234,2021-12-15,HIGH,7.8,LOCAL,NONE,False,service_disable,fax,Remove the Fax and Scan optional feature,Microsoft optional feature guidance,nvd@nist.gov,3.1,false,false,0.020640,0.806400
CVE-2021-43235,2021-12-15,MEDIUM,5.5,LOCAL,LOW,False,unmitigable,,No documented mitigation that preserves current use; re-role or replace,,nvd@nist.gov,3.1,false,false,0.007690,0.539030
CVE-2021-43236,2021-12-15,HIGH,7.5,NETWORK,NONE,False,network_isolate,network,Segment to a restricted VLAN and block inbound access at the host firewall,,nvd@nist.gov,3.1,false,false,0.029970,0.868620
CVE-2021-43237,2021-12-15,HIGH,7.3,LOCAL,LOW,False,unmitigable,,No documented mitigation that preserves current use; re-role or replace,,nvd@nist.gov,3.1,false,false,0.010470,0.628770
CVE-2021-43238,2021-12-15,HIGH,7.8,LOCAL,LOW,False,unmitigable,,No documented mitigation that preserves current use; re-role or replace,,nvd@nist.gov,3.1,false,false,0.008920,0.579180
CVE-2021-43239,2021-12-15,HIGH,7.8,LOCAL,LOW,False,unmitigable,,No documented mitigation that preserves current use; re-role or replace,,nvd@nist.gov,3.1,false,false,0.005440,0.435430
CVE-2021-43240,2021-12-15,HIGH,7.8,LOCAL,LOW,False,unmitigable,,No documented mitigation that preserves current use; re-role or replace,,nvd@nist.gov,3.1,false,false,0.005570,0.443670
CVE-2021-43247,2021-12-15,HIGH,7.8,LOCAL,LOW,False,unmitigable,,No documented mitigation that preserves current use; re-role or replace,,nvd@nist.gov,3.1,false,false,0.009010,0.581990
CVE-2021-43248,2021-12-15,HIGH,7.8,LOCAL,LOW,False,unmitigable,,No documented mitigation that preserves current use; re-role or replace,,nvd@nist.gov,3.1,false,false,0.005300,0.426810
CVE-2021-43880,2021-12-15,MEDIUM,5.5,LOCAL,LOW,False,unmitigable,,No documented mitigation that preserves current use; re-role or replace,,nvd@nist.gov,3.1,false,false,0.006560,0.494870
CVE-2021-43883,2021-12-15,HIGH,7.8,LOCAL,LOW,False,unmitigable,,No documented mitigation that preserves current use; re-role or replace,,nvd@nist.gov,3.1,false,false,0.119630,0.959950
CVE-2021-43890,2021-12-15,HIGH,7.1,NETWORK,LOW,True,app_update,application,Update the affected application; it services independently of the OS,,nvd@nist.gov,3.1,true,true,0.102950,0.955570
CVE-2021-43893,2021-12-15,HIGH,7.5,NETWORK,LOW,False,unmitigable,,No documented mitigation that preserves current use; re-role or replace,,nvd@nist.gov,3.1,false,false,0.066150,0.936420
CVE-2022-21833,2022-01-11,HIGH,7.8,LOCAL,LOW,False,unmitigable,,No documented mitigation that preserves current use; re-role or replace,,nvd@nist.gov,3.1,false,false,0.006380,0.486080
CVE-2022-21834,2022-01-11,HIGH,7.8,LOCAL,LOW,False,unmitigable,,No documented mitigation that preserves current use; re-role or replace,,nvd@nist.gov,3.1,false,false,0.006380,0.486080
CVE-2022-21835,2022-01-11,HIGH,7.8,LOCAL,LOW,False,unmitigable,,No documented mitigation that preserves current use; re-role or replace,,secure@microsoft.com,3.1,false,false,0.006690,0.500580
CVE-2022-21836,2022-01-11,HIGH,7.8,LOCAL,LOW,False,unmitigable,,No documented mitigation that preserves current use; re-role or replace,,secure@microsoft.com,3.1,false,false,0.007040,0.515080
CVE-2022-21838,2022-01-11,HIGH,7.8,LOCAL,LOW,False,unmitigable,,No documented mitigation that preserves current use; re-role or replace,,nvd@nist.gov,3.1,false,false,0.014830,0.730000
CVE-2022-21843,2022-01-11,HIGH,7.5,NETWORK,NONE,False,network_isolate,network,Segment to a restricted VLAN and block inbound access at the host firewall,,secure@microsoft.com,3.1,false,false,0.033650,0.883200
CVE-2022-21845,2022-07-12,MEDIUM,4.7,LOCAL,LOW,False,unmitigable,,No documented mitigation that preserves current use; re-role or replace,,secure@microsoft.com,3.1,false,false,0.006770,0.504420
CVE-2022-21847,2022-01-11,MEDIUM,6.5,LOCAL,LOW,False,service_disable,hyperv,Remove the Hyper-V role on endpoints that do not host VMs,Microsoft Hyper-V role guidance,secure@microsoft.com,3.1,false,false,0.009970,0.613150
CVE-2022-21848,2022-01-11,HIGH,7.5,NETWORK,NONE,False,network_isolate,network,Segment to a restricted VLAN and block inbound access at the host firewall,,secure@microsoft.com,3.1,false,false,0.041630,0.905540
CVE-2022-21849,2022-01-11,CRITICAL,9.8,NETWORK,NONE,False,network_isolate,network,Segment to a restricted VLAN and block inbound access at the host firewall,,secure@microsoft.com,3.1,false,false,0.062420,0.933270
CVE-2022-21850,2022-01-11,HIGH,8.8,NETWORK,NONE,False,service_disable,rdp,"Disable Remote Desktop, or require Network Level Authentication and gate by firewall",Microsoft CVE-2019-0708 guidance,secure@microsoft.com,3.1,false,false,0.027830,0.858740
CVE-2022-21851,2022-01-11,HIGH,8.8,NETWORK,NONE,False,service_disable,rdp,"Disable Remote Desktop, or require Network Level Authentication and gate by firewall",Microsoft CVE-2019-0708 guidance,secure@microsoft.com,3.1,false,false,0.027830,0.858740
CVE-2022-21852,2022-01-11,HIGH,7.8,LOCAL,LOW,False,unmitigable,,No documented mitigation that preserves current use; re-role or replace,,secure@microsoft.com,3.1,false,false,0.006920,0.510530
CVE-2022-21857,2022-01-11,HIGH,8.8,NETWORK,LOW,False,unmitigable,,No documented mitigation that preserves current use; re-role or replace,,secure@microsoft.com,3.1,false,false,0.024960,0.840920
CVE-2022-21858,2022-01-11,HIGH,7.8,LOCAL,LOW,False,unmitigable,,No documented mitigation that preserves current use; re-role or replace,,secure@microsoft.com,3.1,false,false,0.006920,0.510530
CVE-2022-21861,2022-01-11,HIGH,7.8,LOCAL,LOW,False,unmitigable,,No documented mitigation that preserves current use; re-role or replace,,nvd@nist.gov,3.1,false,false,0.006600,0.496700
CVE-2022-21862,2022-01-11,HIGH,7.0,LOCAL,LOW,False,unmitigable,,No documented mitigation that preserves current use; re-role or replace,,secure@microsoft.com,3.1,false,false,0.006340,0.484040
CVE-2022-21864,2022-01-11,HIGH,7.0,LOCAL,LOW,False,unmitigable,,No documented mitigation that preserves current use; re-role or replace,,secure@microsoft.com,3.1,false,false,0.007720,0.539740
CVE-2022-21866,2022-01-11,HIGH,7.0,LOCAL,LOW,False,unmitigable,,No documented mitigation that preserves current use; re-role or replace,,secure@microsoft.com,3.1,false,false,0.005820,0.457660
CVE-2022-21870,2022-01-11,HIGH,7.8,LOCAL,LOW,False,unmitigable,,No documented mitigation that preserves current use; re-role or replace,,nvd@nist.gov,3.1,false,false,0.006780,0.504740
CVE-2022-21871,2022-01-11,HIGH,7.8,LOCAL,LOW,False,unmitigable,,No documented mitigation that preserves current use; re-role or replace,,nvd@nist.gov,3.1,false,false,0.006800,0.505490
CVE-2022-21872,2022-01-11,HIGH,7.8,LOCAL,LOW,False,unmitigable,,No documented mitigation that preserves current use; re-role or replace,,nvd@nist.gov,3.1,false,false,0.006780,0.504740
CVE-2022-21873,2022-01-11,HIGH,7.8,LOCAL,LOW,False,unmitigable,,No documented mitigation that preserves current use; re-role or replace,,nvd@nist.gov,3.1,false,false,0.006780,0.504750
CVE-2022-21874,2022-01-11,CRITICAL,9.8,NETWORK,NONE,False,network_isolate,network,Segment to a restricted VLAN and block inbound access at the host firewall,,nvd@nist.gov,3.1,false,false,0.023430,0.829990
CVE-2022-21876,2022-01-11,MEDIUM,5.5,LOCAL,LOW,False,unmitigable,,No documented mitigation that preserves current use; re-role or replace,,secure@microsoft.com,3.1,false,false,0.012870,0.690820
CVE-2022-21877,2022-01-11,MEDIUM,5.5,LOCAL,LOW,False,unmitigable,,No documented mitigation that preserves current use; re-role or replace,,secure@microsoft.com,3.1,false,false,0.028940,0.864120
CVE-2022-21880,2022-01-11,HIGH,7.5,NETWORK,NONE,False,network_isolate,network,Segment to a restricted VLAN and block inbound access at the host firewall,,secure@microsoft.com,3.1,false,false,0.038830,0.898890
CVE-2022-21882,2022-01-11,HIGH,7.8,LOCAL,LOW,False,unmitigable,,No documented mitigation that preserves current use; re-role or replace,,nvd@nist.gov,3.1,true,true,0.592050,0.990900
CVE-2022-21883,2022-01-11,HIGH,7.5,NETWORK,NONE,False,network_isolate,network,Segment to a restricted VLAN and block inbound access at the host firewall,,secure@microsoft.com,3.1,false,false,0.043950,0.909940
CVE-2022-21885,2022-01-11,HIGH,7.8,LOCAL,LOW,False,unmitigable,,No documented mitigation that preserves current use; re-role or replace,,secure@microsoft.com,3.1,false,false,0.006690,0.500590
CVE-2022-21887,2022-01-11,HIGH,7.8,LOCAL,LOW,False,unmitigable,,No documented mitigation that preserves current use; re-role or replace,,nvd@nist.gov,3.1,false,false,0.010940,0.642450
CVE-2022-21888,2022-01-11,HIGH,7.8,LOCAL,NONE,False,unmitigable,,No documented mitigation that preserves current use; re-role or replace,,secure@microsoft.com,3.1,false,false,0.025440,0.844130
CVE-2022-21889,2022-01-11,HIGH,7.5,NETWORK,NONE,False,network_isolate,network,Segment to a restricted VLAN and block inbound access at the host firewall,,secure@microsoft.com,3.1,false,false,0.030300,0.870050
CVE-2022-21890,2022-01-11,HIGH,7.5,NETWORK,NONE,False,network_isolate,network,Segment to a restricted VLAN and block inbound access at the host firewall,,secure@microsoft.com,3.1,false,false,0.030300,0.870050
CVE-2022-21892,2022-01-11,MEDIUM,6.8,PHYSICAL,NONE,False,unmitigable,,No documented mitigation that preserves current use; re-role or replace,,secure@microsoft.com,3.1,false,false,0.007400,0.528530
CVE-2022-21893,2022-01-11,HIGH,8.0,NETWORK,LOW,False,service_disable,rdp,"Disable Remote Desktop, or require Network Level Authentication and gate by firewall",Microsoft CVE-2019-0708 guidance,nvd@nist.gov,3.1,false,false,0.078600,0.945150
CVE-2022-21894,2022-01-11,MEDIUM,4.4,LOCAL,HIGH,False,unmitigable,,No documented mitigation that preserves current use; re-role or replace,,secure@microsoft.com,3.1,false,false,0.065670,0.936080
CVE-2022-21896,2022-01-11,HIGH,7.0,LOCAL,LOW,False,unmitigable,,No documented mitigation that preserves current use; re-role or replace,,secure@microsoft.com,3.1,false,false,0.005860,0.459600
CVE-2022-21897,2022-01-11,HIGH,7.8,LOCAL,LOW,False,unmitigable,,No documented mitigation that preserves current use; re-role or replace,,secure@microsoft.com,3.1,false,false,0.010590,0.632210
CVE-2022-21900,2022-01-11,MEDIUM,4.6,ADJACENT_NETWORK,LOW,False,service_disable,hyperv,Remove the Hyper-V role on endpoints that do not host VMs,Microsoft Hyper-V role guidance,secure@microsoft.com,3.1,false,false,0.006640,0.498640
CVE-2022-21901,2022-01-11,HIGH,8.0,ADJACENT_NETWORK,LOW,False,service_disable,hyperv,Remove the Hyper-V role on endpoints that do not host VMs,Microsoft Hyper-V role guidance,nvd@nist.gov,3.1,false,false,0.009280,0.590410
CVE-2022-21902,2022-01-11,HIGH,7.8,LOCAL,LOW,False,unmitigable,,No documented mitigation that preserves current use; re-role or replace,,secure@microsoft.com,3.1,false,false,0.006630,0.498110
CVE-2022-21905,2022-01-11,HIGH,8.0,ADJACENT_NETWORK,LOW,False,service_disable,hyperv,Remove the Hyper-V role on endpoints that do not host VMs,Microsoft Hyper-V role guidance,nvd@nist.gov,3.1,false,false,0.007310,0.525290
CVE-2022-21906,2022-01-11,MEDIUM,5.5,LOCAL,LOW,False,unmitigable,,No documented mitigation that preserves current use; re-role or replace,,nvd@nist.gov,3.1,false,false,0.010910,0.641090
CVE-2022-21907,2022-01-11,CRITICAL,9.8,NETWORK,NONE,False,network_isolate,network,Segment to a restricted VLAN and block inbound access at the host firewall,,secure@microsoft.com,3.1,false,false,0.927900,0.998280
CVE-2022-21908,2022-01-11,HIGH,7.8,LOCAL,LOW,False,unmitigable,,No documented mitigation that preserves current use; re-role or replace,,secure@microsoft.com,3.1,false,false,0.009080,0.584310
CVE-2022-21911,2022-01-11,HIGH,7.5,NETWORK,NONE,True,app_update,application,Update the affected application; it services independently of the OS,,secure@microsoft.com,3.1,false,false,0.030520,0.870910
CVE-2022-21913,2022-01-11,HIGH,7.5,NETWORK,NONE,False,network_isolate,network,Segment to a restricted VLAN and block inbound access at the host firewall,,nvd@nist.gov,3.1,false,false,0.026880,0.853260
CVE-2022-21914,2022-01-11,HIGH,7.8,LOCAL,LOW,False,unmitigable,,No documented mitigation that preserves current use; re-role or replace,,secure@microsoft.com,3.1,false,false,0.006690,0.500580
CVE-2022-21915,2022-01-11,MEDIUM,6.5,NETWORK,LOW,False,unmitigable,,No documented mitigation that preserves current use; re-role or replace,,secure@microsoft.com,3.1,false,false,0.027610,0.857290
CVE-2022-21916,2022-01-11,HIGH,7.8,LOCAL,LOW,False,unmitigable,,No documented mitigation that preserves current use; re-role or replace,,secure@microsoft.com,3.1,false,false,0.010310,0.623760
CVE-2022-21918,2022-01-11,MEDIUM,6.5,LOCAL,LOW,False,unmitigable,,No documented mitigation that preserves current use; re-role or replace,,secure@microsoft.com,3.1,false,false,0.010890,0.640670
CVE-2022-21919,2022-01-11,HIGH,7.0,LOCAL,LOW,False,unmitigable,,No documented mitigation that preserves current use; re-role or replace,,secure@microsoft.com,3.1,true,false,0.024340,0.836650
CVE-2022-21920,2022-01-11,HIGH,8.8,NETWORK,LOW,False,unmitigable,,No documented mitigation that preserves current use; re-role or replace,,nvd@nist.gov,3.1,false,false,0.027710,0.857890
CVE-2022-21921,2022-01-11,MEDIUM,4.4,LOCAL,HIGH,False,unmitigable,,No documented mitigation that preserves current use; re-role or replace,,secure@microsoft.com,3.1,false,false,0.009000,0.581440
CVE-2022-21922,2022-01-11,HIGH,8.8,NETWORK,LOW,False,unmitigable,,No documented mitigation that preserves current use; re-role or replace,,nvd@nist.gov,3.1,false,false,0.027710,0.857890
CVE-2022-21924,2022-01-11,MEDIUM,5.3,NETWORK,NONE,False,network_isolate,network,Segment to a restricted VLAN and block inbound access at the host firewall,,secure@microsoft.com,3.1,false,false,0.029050,0.864650
CVE-2022-21928,2022-01-11,MEDIUM,6.4,PHYSICAL,NONE,False,unmitigable,,No documented mitigation that preserves current use; re-role or replace,,nvd@nist.gov,3.1,false,false,0.006560,0.494970
CVE-2022-21958,2022-01-11,MEDIUM,6.8,PHYSICAL,NONE,False,unmitigable,,No documented mitigation that preserves current use; re-role or replace,,secure@microsoft.com,3.1,false,false,0.007400,0.528530
CVE-2022-21959,2022-01-11,MEDIUM,6.8,PHYSICAL,NONE,False,unmitigable,,No documented mitigation that preserves current use; re-role or replace,,secure@microsoft.com,3.1,false,false,0.007400,0.528540
CVE-2022-21960,2022-01-11,MEDIUM,6.8,PHYSICAL,NONE,False,unmitigable,,No documented mitigation that preserves current use; re-role or replace,,secure@microsoft.com,3.1,false,false,0.007400,0.528530
CVE-2022-21961,2022-01-11,MEDIUM,6.8,PHYSICAL,NONE,False,unmitigable,,No documented mitigation that preserves current use; re-role or replace,,secure@microsoft.com,3.1,false,false,0.007400,0.528520
CVE-2022-21962,2022-01-11,MEDIUM,6.8,PHYSICAL,NONE,False,unmitigable,,No documented mitigation that preserves current use; re-role or replace,,secure@microsoft.com,3.1,false,false,0.007400,0.528530
CVE-2022-21963,2022-01-11,MEDIUM,6.8,PHYSICAL,NONE,False,unmitigable,,No documented mitigation that preserves current use; re-role or replace,,nvd@nist.gov,3.1,false,false,0.006990,0.513310
CVE-2022-21967,2022-03-09,HIGH,7.0,LOCAL,LOW,False,unmitigable,,No documented mitigation that preserves current use; re-role or replace,,nvd@nist.gov,3.1,false,false,0.006810,0.506030
CVE-2022-21971,2022-02-09,HIGH,7.8,LOCAL,NONE,False,unmitigable,,No documented mitigation that preserves current use; re-role or replace,,secure@microsoft.com,3.1,true,false,0.539340,0.989700
CVE-2022-21972,2022-05-10,HIGH,8.1,NETWORK,NONE,False,network_isolate,network,Segment to a restricted VLAN and block inbound access at the host firewall,,secure@microsoft.com,3.1,false,false,0.793470,0.995920
CVE-2022-21974,2022-02-09,HIGH,7.8,LOCAL,NONE,False,unmitigable,,No documented mitigation that preserves current use; re-role or replace,,secure@microsoft.com,3.1,false,false,0.049690,0.919150
CVE-2022-21977,2022-03-09,LOW,3.3,LOCAL,NONE,False,unmitigable,,No documented mitigation that preserves current use; re-role or replace,,nvd@nist.gov,3.1,false,false,0.025270,0.843030
CVE-2022-21981,2022-02-09,HIGH,7.8,LOCAL,LOW,False,unmitigable,,No documented mitigation that preserves current use; re-role or replace,,secure@microsoft.com,3.1,false,false,0.005710,0.451330
CVE-2022-21983,2022-04-15,HIGH,7.5,NETWORK,NONE,False,network_isolate,network,Segment to a restricted VLAN and block inbound access at the host firewall,,nvd@nist.gov,3.1,false,false,0.020500,0.805060
CVE-2022-21984,2022-02-09,HIGH,8.8,NETWORK,LOW,False,unmitigable,,No documented mitigation that preserves current use; re-role or replace,,secure@microsoft.com,3.1,false,false,0.047970,0.916520
CVE-2022-21985,2022-02-09,MEDIUM,5.5,LOCAL,LOW,False,unmitigable,,No documented mitigation that preserves current use; re-role or replace,,secure@microsoft.com,3.1,false,false,0.007880,0.545020
CVE-2022-21989,2022-02-09,HIGH,7.8,LOCAL,LOW,False,unmitigable,,No documented mitigation that preserves current use; re-role or replace,,secure@microsoft.com,3.1,false,false,0.031930,0.876450
CVE-2022-21990,2022-03-09,HIGH,8.8,NETWORK,NONE,False,service_disable,rdp,"Disable Remote Desktop, or require Network Level Authentication and gate by firewall",Microsoft CVE-2019-0708 guidance,nvd@nist.gov,3.1,false,false,0.188420,0.972030
CVE-2022-21992,2022-02-09,HIGH,7.8,LOCAL,NONE,False,unmitigable,,No documented mitigation that preserves current use; re-role or replace,,secure@microsoft.com,3.1,false,false,0.024960,0.840910
CVE-2022-21993,2022-02-09,HIGH,7.5,NETWORK,NONE,False,network_isolate,network,Segment to a restricted VLAN and block inbound access at the host firewall,,secure@microsoft.com,3.1,false,false,0.436180,0.987010
CVE-2022-21994,2022-02-09,HIGH,7.8,LOCAL,LOW,False,unmitigable,,No documented mitigation that preserves current use; re-role or replace,,secure@microsoft.com,3.1,false,false,0.041960,0.906220
CVE-2022-21995,2022-02-09,HIGH,7.9,ADJACENT_NETWORK,NONE,False,service_disable,hyperv,Remove the Hyper-V role on endpoints that do not host VMs,Microsoft Hyper-V role guidance,nvd@nist.gov,3.1,false,false,0.009650,0.602590
CVE-2022-21996,2022-02-09,HIGH,7.8,LOCAL,LOW,False,unmitigable,,No documented mitigation that preserves current use; re-role or replace,,secure@microsoft.com,3.1,false,false,0.030460,0.870570
CVE-2022-21997,2022-02-09,HIGH,7.1,LOCAL,LOW,False,service_disable,spooler,Stop and disable the Print Spooler service on devices that do not print,Microsoft ADV / KB5005010,secure@microsoft.com,3.1,false,false,0.007950,0.547680
CVE-2022-21998,2022-02-09,MEDIUM,5.5,LOCAL,LOW,False,unmitigable,,No documented mitigation that preserves current use; re-role or replace,,secure@microsoft.com,3.1,false,false,0.008360,0.561460
CVE-2022-21999,2022-02-09,HIGH,7.8,LOCAL,LOW,False,service_disable,spooler,Stop and disable the Print Spooler service on devices that do not print,Microsoft ADV / KB5005010,secure@microsoft.com,3.1,true,true,0.410070,0.986190
CVE-2022-22000,2022-02-09,HIGH,7.8,LOCAL,LOW,False,unmitigable,,No documented mitigation that preserves current use; re-role or replace,,secure@microsoft.com,3.1,false,false,0.043270,0.908640
CVE-2022-22001,2022-02-09,HIGH,7.8,LOCAL,LOW,False,unmitigable,,No documented mitigation that preserves current use; re-role or replace,,secure@microsoft.com,3.1,false,false,0.006420,0.488240
CVE-2022-22002,2022-02-09,MEDIUM,5.5,LOCAL,LOW,False,unmitigable,,No documented mitigation that preserves current use; re-role or replace,,secure@microsoft.com,3.1,false,false,0.012820,0.689590
CVE-2022-22008,2022-04-15,HIGH,7.8,LOCAL,LOW,False,service_disable,hyperv,Remove the Hyper-V role on endpoints that do not host VMs,Microsoft Hyper-V role guidance,nvd@nist.gov,3.1,false,false,0.004240,0.343170
CVE-2022-22009,2022-04-15,HIGH,7.8,LOCAL,LOW,False,service_disable,hyperv,Remove the Hyper-V role on endpoints that do not host VMs,Microsoft Hyper-V role guidance,nvd@nist.gov,3.1,false,false,0.005710,0.451310
CVE-2022-22010,2022-03-09,MEDIUM,5.5,LOCAL,NONE,False,unmitigable,,No documented mitigation that preserves current use; re-role or replace,,nvd@nist.gov,3.1,false,false,0.026270,0.849360
CVE-2022-22012,2022-05-10,CRITICAL,9.8,NETWORK,NONE,False,network_isolate,network,Segment to a restricted VLAN and block inbound access at the host firewall,,secure@microsoft.com,3.1,false,false,0.041760,0.905810
CVE-2022-22013,2022-05-10,HIGH,8.8,NETWORK,LOW,False,unmitigable,,No documented mitigation that preserves current use; re-role or replace,,secure@microsoft.com,3.1,false,false,0.024750,0.839480
CVE-2022-22014,2022-05-10,HIGH,8.8,NETWORK,LOW,False,unmitigable,,No documented mitigation that preserves current use; re-role or replace,,secure@microsoft.com,3.1,false,false,0.024750,0.839490
CVE-2022-22015,2022-05-10,MEDIUM,6.5,NETWORK,LOW,False,service_disable,rdp,"Disable Remote Desktop, or require Network Level Authentication and gate by firewall",Microsoft CVE-2019-0708 guidance,secure@microsoft.com,3.1,false,false,0.026840,0.852930
CVE-2022-22016,2022-05-10,HIGH,7.0,LOCAL,LOW,False,unmitigable,,No documented mitigation that preserves current use; re-role or replace,,secure@microsoft.com,3.1,false,false,0.005800,0.456350
CVE-2022-22017,2022-05-10,HIGH,8.8,NETWORK,NONE,False,service_disable,rdp,"Disable Remote Desktop, or require Network Level Authentication and gate by firewall",Microsoft CVE-2019-0708 guidance,secure@microsoft.com,3.1,false,false,0.371050,0.984730
CVE-2022-22019,2022-05-10,HIGH,8.8,NETWORK,NONE,False,network_isolate,network,Segment to a restricted VLAN and block inbound access at the host firewall,,secure@microsoft.com,3.1,false,false,0.027180,0.854930
CVE-2022-22022,2022-07-12,HIGH,7.1,LOCAL,LOW,False,service_disable,spooler,Stop and disable the Print Spooler service on devices that do not print,Microsoft ADV / KB5005010,nvd@nist.gov,3.1,false,false,0.007760,0.541020
CVE-2022-22023,2022-07-12,MEDIUM,6.6,PHYSICAL,LOW,False,unmitigable,,No documented mitigation that preserves current use; re-role or replace,,secure@microsoft.com,3.1,false,false,0.006020,0.467990
CVE-2022-22024,2022-07-12,HIGH,7.8,LOCAL,NONE,False,service_disable,fax,Remove the Fax and Scan optional feature,Microsoft optional feature guidance,secure@microsoft.com,3.1,false,false,0.021090,0.810720
CVE-2022-22025,2022-07-12,HIGH,7.5,NETWORK,NONE,False,service_disable,iis,Remove the IIS role from endpoints,Microsoft IIS guidance,secure@microsoft.com,3.1,false,false,0.326990,0.982960
CVE-2022-22026,2022-07-12,HIGH,8.8,LOCAL,LOW,False,unmitigable,,No documented mitigation that preserves current use; re-role or replace,,secure@microsoft.com,3.1,false,false,0.010240,0.622020
CVE-2022-22027,2022-07-12,HIGH,7.8,LOCAL,NONE,False,service_disable,fax,Remove the Fax and Scan optional feature,Microsoft optional feature guidance,secure@microsoft.com,3.1,false,false,0.022280,0.820870
CVE-2022-22031,2022-07-12,HIGH,7.8,LOCAL,LOW,False,unmitigable,,No documented mitigation that preserves current use; re-role or replace,,secure@microsoft.com,3.1,false,false,0.007090,0.517170
CVE-2022-22034,2022-07-12,HIGH,7.8,LOCAL,LOW,False,unmitigable,,No documented mitigation that preserves current use; re-role or replace,,secure@microsoft.com,3.1,false,false,0.062480,0.933340
CVE-2022-22035,2022-10-11,HIGH,8.1,NETWORK,NONE,False,network_isolate,network,Segment to a restricted VLAN and block inbound access at the host firewall,,secure@microsoft.com,3.1,false,false,0.012600,0.684790
CVE-2022-22036,2022-07-12,HIGH,7.0,LOCAL,LOW,False,unmitigable,,No documented mitigation that preserves current use; re-role or replace,,secure@microsoft.com,3.1,false,false,0.005060,0.408980
CVE-2022-22037,2022-07-12,HIGH,7.5,NETWORK,LOW,False,unmitigable,,No documented mitigation that preserves current use; re-role or replace,,secure@microsoft.com,3.1,false,false,0.024980,0.841030
CVE-2022-22038,2022-07-12,HIGH,8.1,NETWORK,NONE,False,network_isolate,network,Segment to a restricted VLAN and block inbound access at the host firewall,,secure@microsoft.com,3.1,false,false,0.025180,0.842500
CVE-2022-22040,2022-07-12,HIGH,7.3,NETWORK,NONE,False,service_disable,iis,Remove the IIS role from endpoints,Microsoft IIS guidance,secure@microsoft.com,3.1,false,false,0.014980,0.732420
CVE-2022-22041,2022-07-12,MEDIUM,6.8,NETWORK,HIGH,False,service_disable,spooler,Stop and disable the Print Spooler service on devices that do not print,Microsoft ADV / KB5005010,nvd@nist.gov,3.1,false,false,0.027050,0.854150
CVE-2022-22042,2022-07-12,MEDIUM,6.5,NETWORK,LOW,False,service_disable,hyperv,Remove the Hyper-V role on endpoints that do not host VMs,Microsoft Hyper-V role guidance,secure@microsoft.com,3.1,false,false,0.026600,0.851470
CVE-2022-22043,2022-07-12,HIGH,7.8,LOCAL,LOW,False,unmitigable,,No documented mitigation that preserves current use; re-role or replace,,secure@microsoft.com,3.1,false,false,0.007210,0.521660
CVE-2022-22045,2022-07-12,HIGH,7.8,LOCAL,LOW,False,unmitigable,,No documented mitigation that preserves current use; re-role or replace,,secure@microsoft.com,3.1,false,false,0.005500,0.438990
CVE-2022-22047,2022-07-12,HIGH,7.8,LOCAL,LOW,False,unmitigable,,No documented mitigation that preserves current use; re-role or replace,,secure@microsoft.com,3.1,true,false,0.187650,0.971940
CVE-2022-22048,2022-07-12,MEDIUM,6.1,PHYSICAL,NONE,False,unmitigable,,No documented mitigation that preserves current use; re-role or replace,,secure@microsoft.com,3.1,false,false,0.007600,0.535720
CVE-2022-22049,2022-07-12,HIGH,7.8,LOCAL,LOW,False,unmitigable,,No documented mitigation that preserves current use; re-role or replace,,secure@microsoft.com,3.1,false,false,0.010560,0.631210
CVE-2022-22050,2022-07-12,HIGH,7.8,LOCAL,LOW,False,service_disable,fax,Remove the Fax and Scan optional feature,Microsoft optional feature guidance,secure@microsoft.com,3.1,false,false,0.006340,0.484040
CVE-2022-22710,2022-02-09,MEDIUM,5.5,LOCAL,LOW,False,unmitigable,,No documented mitigation that preserves current use; re-role or replace,,secure@microsoft.com,3.1,false,false,0.008910,0.578820
CVE-2022-22711,2022-07-12,MEDIUM,5.7,LOCAL,HIGH,False,unmitigable,,No documented mitigation that preserves current use; re-role or replace,,nvd@nist.gov,3.1,false,false,0.005130,0.415040
CVE-2022-22712,2022-02-09,MEDIUM,5.6,LOCAL,LOW,False,service_disable,hyperv,Remove the Hyper-V role on endpoints that do not host VMs,Microsoft Hyper-V role guidance,secure@microsoft.com,3.1,false,false,0.008020,0.550210
CVE-2022-22715,2022-02-09,HIGH,7.8,LOCAL,LOW,False,unmitigable,,No documented mitigation that preserves current use; re-role or replace,,secure@microsoft.com,3.1,false,false,0.135050,0.963280
CVE-2022-22717,2022-02-09,HIGH,7.0,LOCAL,LOW,False,service_disable,spooler,Stop and disable the Print Spooler service on devices that do not print,Microsoft ADV / KB5005010,secure@microsoft.com,3.1,false,false,0.007140,0.518820
CVE-2022-22718,2022-02-09,HIGH,7.8,LOCAL,LOW,False,service_disable,spooler,Stop and disable the Print Spooler service on devices that do not print,Microsoft ADV / KB5005010,secure@microsoft.com,3.1,true,false,0.184640,0.971580
CVE-2022-23253,2022-03-09,MEDIUM,6.5,NETWORK,LOW,False,unmitigable,,No documented mitigation that preserves current use; re-role or replace,,nvd@nist.gov,3.1,false,false,0.563760,0.990280
CVE-2022-23257,2022-04-15,HIGH,8.8,LOCAL,LOW,False,service_disable,hyperv,Remove the Hyper-V role on endpoints that do not host VMs,Microsoft Hyper-V role guidance,secure@microsoft.com,3.1,false,false,0.006340,0.484420
CVE-2022-23268,2022-04-15,MEDIUM,6.5,LOCAL,LOW,False,service_disable,hyperv,Remove the Hyper-V role on endpoints that do not host VMs,Microsoft Hyper-V role guidance,secure@microsoft.com,3.1,false,false,0.006530,0.493660
CVE-2022-23270,2022-05-10,HIGH,8.1,NETWORK,NONE,False,network_isolate,network,Segment to a restricted VLAN and block inbound access at the host firewall,,secure@microsoft.com,3.1,false,false,0.703500,0.993670
CVE-2022-23278,2022-03-09,MEDIUM,5.9,NETWORK,NONE,True,app_update,application,Update the affected application; it services independently of the OS,,nvd@nist.gov,3.1,false,false,0.018920,0.788170
CVE-2022-23279,2022-05-10,HIGH,7.0,LOCAL,LOW,False,unmitigable,,No documented mitigation that preserves current use; re-role or replace,,secure@microsoft.com,3.1,false,false,0.047240,0.915420
CVE-2022-23281,2022-03-09,MEDIUM,5.5,LOCAL,LOW,False,unmitigable,,No documented mitigation that preserves current use; re-role or replace,,nvd@nist.gov,3.1,false,false,0.011330,0.652120
CVE-2022-23283,2022-03-09,HIGH,7.0,LOCAL,LOW,False,unmitigable,,No documented mitigation that preserves current use; re-role or replace,,nvd@nist.gov,3.1,false,false,0.003860,0.301840
CVE-2022-23284,2022-03-09,HIGH,7.2,NETWORK,HIGH,False,service_disable,spooler,Stop and disable the Print Spooler service on devices that do not print,Microsoft ADV / KB5005010,nvd@nist.gov,3.1,false,false,0.031660,0.875370
CVE-2022-23286,2022-03-09,HIGH,7.0,LOCAL,LOW,False,unmitigable,,No documented mitigation that preserves current use; re-role or replace,,nvd@nist.gov,3.1,false,false,0.043040,0.908240
CVE-2022-23287,2022-03-09,HIGH,7.0,LOCAL,LOW,False,unmitigable,,No documented mitigation that preserves current use; re-role or replace,,nvd@nist.gov,3.1,false,false,0.005770,0.454580
CVE-2022-23290,2022-03-09,HIGH,7.8,LOCAL,LOW,False,unmitigable,,No documented mitigation that preserves current use; re-role or replace,,nvd@nist.gov,3.1,false,false,0.006250,0.479910
CVE-2022-23291,2022-03-09,HIGH,7.8,LOCAL,LOW,False,unmitigable,,No documented mitigation that preserves current use; re-role or replace,,nvd@nist.gov,3.1,false,false,0.006420,0.488250
CVE-2022-23293,2022-03-09,HIGH,7.8,LOCAL,LOW,False,unmitigable,,No documented mitigation that preserves current use; re-role or replace,,nvd@nist.gov,3.1,false,false,0.006670,0.499950
CVE-2022-23294,2022-03-09,HIGH,8.8,NETWORK,LOW,False,unmitigable,,No documented mitigation that preserves current use; re-role or replace,,nvd@nist.gov,3.1,false,false,0.022960,0.826210
CVE-2022-23296,2022-03-09,HIGH,7.8,LOCAL,LOW,False,unmitigable,,No documented mitigation that preserves current use; re-role or replace,,nvd@nist.gov,3.1,false,false,0.006660,0.499400
CVE-2022-23297,2022-03-09,MEDIUM,5.5,LOCAL,LOW,False,unmitigable,,No documented mitigation that preserves current use; re-role or replace,,nvd@nist.gov,3.1,false,false,0.007880,0.545020
CVE-2022-23298,2022-03-09,HIGH,7.0,LOCAL,LOW,False,unmitigable,,No documented mitigation that preserves current use; re-role or replace,,nvd@nist.gov,3.1,false,false,0.005770,0.454580
CVE-2022-23299,2022-03-09,HIGH,7.8,LOCAL,LOW,False,unmitigable,,No documented mitigation that preserves current use; re-role or replace,,nvd@nist.gov,3.1,false,false,0.076180,0.943690
CVE-2022-24454,2022-03-09,HIGH,7.8,LOCAL,LOW,False,unmitigable,,No documented mitigation that preserves current use; re-role or replace,,nvd@nist.gov,3.1,false,false,0.006250,0.479920
CVE-2022-24459,2022-03-09,HIGH,7.8,LOCAL,LOW,False,service_disable,fax,Remove the Fax and Scan optional feature,Microsoft optional feature guidance,nvd@nist.gov,3.1,false,false,0.006410,0.487340
CVE-2022-24460,2022-03-09,HIGH,7.0,LOCAL,NONE,False,unmitigable,,No documented mitigation that preserves current use; re-role or replace,,nvd@nist.gov,3.1,false,false,0.020100,0.801100
CVE-2022-24466,2022-05-10,MEDIUM,4.1,ADJACENT_NETWORK,LOW,False,service_disable,hyperv,Remove the Hyper-V role on endpoints that do not host VMs,Microsoft Hyper-V role guidance,nvd@nist.gov,3.1,false,false,0.007400,0.528550
CVE-2022-24474,2022-04-15,HIGH,7.8,LOCAL,LOW,False,unmitigable,,No documented mitigation that preserves current use; re-role or replace,,secure@microsoft.com,3.1,false,false,0.065140,0.935600
CVE-2022-24479,2022-04-15,HIGH,7.8,LOCAL,LOW,False,unmitigable,,No documented mitigation that preserves current use; re-role or replace,,secure@microsoft.com,3.1,false,false,0.009480,0.597310
CVE-2022-24481,2022-04-15,HIGH,7.8,LOCAL,LOW,False,unmitigable,,No documented mitigation that preserves current use; re-role or replace,,secure@microsoft.com,3.1,false,false,0.166480,0.969290
CVE-2022-24482,2022-04-15,HIGH,7.0,LOCAL,LOW,False,unmitigable,,No documented mitigation that preserves current use; re-role or replace,,secure@microsoft.com,3.1,false,false,0.003310,0.238960
CVE-2022-24483,2022-04-15,MEDIUM,5.5,LOCAL,LOW,False,unmitigable,,No documented mitigation that preserves current use; re-role or replace,,secure@microsoft.com,3.1,false,false,0.022570,0.823110
CVE-2022-24485,2022-04-15,HIGH,7.5,NETWORK,NONE,False,network_isolate,network,Segment to a restricted VLAN and block inbound access at the host firewall,,nvd@nist.gov,3.1,false,false,0.017000,0.763300
CVE-2022-24486,2022-04-15,HIGH,7.8,LOCAL,LOW,False,unmitigable,,No documented mitigation that preserves current use; re-role or replace,,secure@microsoft.com,3.1,false,false,0.005300,0.426720
CVE-2022-24487,2022-04-15,HIGH,8.8,NETWORK,LOW,False,unmitigable,,No documented mitigation that preserves current use; re-role or replace,,nvd@nist.gov,3.1,false,false,0.022160,0.819890
CVE-2022-24488,2022-04-15,HIGH,7.8,LOCAL,LOW,False,unmitigable,,No documented mitigation that preserves current use; re-role or replace,,secure@microsoft.com,3.1,false,false,0.006450,0.489900
CVE-2022-24491,2022-04-15,CRITICAL,9.8,NETWORK,NONE,False,network_isolate,network,Segment to a restricted VLAN and block inbound access at the host firewall,,secure@microsoft.com,3.1,false,false,0.334740,0.983320
CVE-2022-24492,2022-04-15,HIGH,8.8,NETWORK,NONE,False,network_isolate,network,Segment to a restricted VLAN and block inbound access at the host firewall,,secure@microsoft.com,3.1,false,false,0.030880,0.872360
CVE-2022-24493,2022-04-15,MEDIUM,5.5,LOCAL,LOW,False,unmitigable,,No documented mitigation that preserves current use; re-role or replace,,secure@microsoft.com,3.1,false,false,0.008420,0.563120
CVE-2022-24494,2022-04-15,HIGH,7.8,LOCAL,LOW,False,unmitigable,,No documented mitigation that preserves current use; re-role or replace,,secure@microsoft.com,3.1,false,false,0.019050,0.789660
CVE-2022-24495,2022-04-15,HIGH,7.5,NETWORK,LOW,False,unmitigable,,No documented mitigation that preserves current use; re-role or replace,,nvd@nist.gov,3.1,false,false,0.013360,0.701320
CVE-2022-24496,2022-04-15,HIGH,7.8,LOCAL,LOW,False,unmitigable,,No documented mitigation that preserves current use; re-role or replace,,secure@microsoft.com,3.1,false,false,0.006450,0.489900
CVE-2022-24497,2022-04-15,CRITICAL,9.8,NETWORK,NONE,False,network_isolate,network,Segment to a restricted VLAN and block inbound access at the host firewall,,secure@microsoft.com,3.1,false,false,0.345520,0.983730
CVE-2022-24498,2022-04-15,MEDIUM,6.5,NETWORK,LOW,False,unmitigable,,No documented mitigation that preserves current use; re-role or replace,,secure@microsoft.com,3.1,false,false,0.025680,0.845710
CVE-2022-24499,2022-04-15,HIGH,7.8,LOCAL,LOW,False,unmitigable,,No documented mitigation that preserves current use; re-role or replace,,secure@microsoft.com,3.1,false,false,0.009950,0.612710
CVE-2022-24500,2022-04-15,HIGH,8.8,NETWORK,NONE,False,network_isolate,network,Segment to a restricted VLAN and block inbound access at the host firewall,,secure@microsoft.com,3.1,false,false,0.380490,0.985110
CVE-2022-24502,2022-03-09,MEDIUM,6.5,NETWORK,NONE,False,network_isolate,network,Segment to a restricted VLAN and block inbound access at the host firewall,,nvd@nist.gov,3.1,false,false,0.330630,0.983130
CVE-2022-24503,2022-03-09,MEDIUM,5.3,NETWORK,NONE,False,service_disable,rdp,"Disable Remote Desktop, or require Network Level Authentication and gate by firewall",Microsoft CVE-2019-0708 guidance,nvd@nist.gov,3.1,false,false,0.024370,0.836850
CVE-2022-24504,2022-10-11,HIGH,8.1,NETWORK,NONE,False,network_isolate,network,Segment to a restricted VLAN and block inbound access at the host firewall,,secure@microsoft.com,3.1,false,false,0.011650,0.660790
CVE-2022-24505,2022-03-09,HIGH,7.0,LOCAL,LOW,False,unmitigable,,No documented mitigation that preserves current use; re-role or replace,,secure@microsoft.com,3.1,false,false,0.003570,0.270000
CVE-2022-24507,2022-03-09,HIGH,7.8,LOCAL,LOW,False,unmitigable,,No documented mitigation that preserves current use; re-role or replace,,secure@microsoft.com,3.1,false,false,0.038670,0.898480
CVE-2022-24508,2022-03-09,HIGH,8.8,NETWORK,LOW,False,unmitigable,,No documented mitigation that preserves current use; re-role or replace,,secure@microsoft.com,3.1,false,false,0.025470,0.844310
CVE-2022-24521,2022-04-15,HIGH,7.8,LOCAL,LOW,False,unmitigable,,No documented mitigation that preserves current use; re-role or replace,,secure@microsoft.com,3.1,true,true,0.070760,0.940170
CVE-2022-24525,2022-03-09,HIGH,7.0,LOCAL,LOW,False,unmitigable,,No documented mitigation that preserves current use; re-role or replace,,nvd@nist.gov,3.1,false,false,0.004410,0.359210
CVE-2022-24528,2022-04-15,HIGH,8.8,NETWORK,NONE,False,network_isolate,network,Segment to a restricted VLAN and block inbound access at the host firewall,,secure@microsoft.com,3.1,false,false,0.025790,0.846400
CVE-2022-24530,2022-04-15,HIGH,7.8,LOCAL,LOW,False,unmitigable,,No documented mitigation that preserves current use; re-role or replace,,secure@microsoft.com,3.1,false,false,0.005490,0.438070
CVE-2022-24533,2022-04-15,HIGH,8.0,NETWORK,LOW,False,service_disable,rdp,"Disable Remote Desktop, or require Network Level Authentication and gate by firewall",Microsoft CVE-2019-0708 guidance,secure@microsoft.com,3.1,false,false,0.056040,0.926590
CVE-2022-24534,2022-04-15,HIGH,7.5,NETWORK,NONE,False,network_isolate,network,Segment to a restricted VLAN and block inbound access at the host firewall,,secure@microsoft.com,3.1,false,false,0.018970,0.788660
CVE-2022-24537,2022-04-15,HIGH,7.8,LOCAL,LOW,False,service_disable,hyperv,Remove the Hyper-V role on endpoints that do not host VMs,Microsoft Hyper-V role guidance,nvd@nist.gov,3.1,false,false,0.003730,0.287840
CVE-2022-24540,2022-04-15,HIGH,7.0,LOCAL,LOW,False,unmitigable,,No documented mitigation that preserves current use; re-role or replace,,secure@microsoft.com,3.1,false,false,0.004120,0.330170
CVE-2022-24541,2022-04-15,HIGH,8.8,NETWORK,NONE,False,network_isolate,network,Segment to a restricted VLAN and block inbound access at the host firewall,,secure@microsoft.com,3.1,false,false,0.030450,0.870540
CVE-2022-24542,2022-04-15,HIGH,7.8,LOCAL,LOW,False,unmitigable,,No documented mitigation that preserves current use; re-role or replace,,secure@microsoft.com,3.1,false,false,0.091540,0.951720
CVE-2022-24544,2022-04-15,HIGH,7.8,LOCAL,LOW,False,unmitigable,,No documented mitigation that preserves current use; re-role or replace,,secure@microsoft.com,3.1,false,false,0.006770,0.504600
CVE-2022-24545,2022-04-15,HIGH,7.5,NETWORK,NONE,False,network_isolate,network,Segment to a restricted VLAN and block inbound access at the host firewall,,nvd@nist.gov,3.1,false,false,0.022060,0.819060
CVE-2022-24546,2022-04-15,HIGH,7.8,LOCAL,LOW,False,unmitigable,,No documented mitigation that preserves current use; re-role or replace,,secure@microsoft.com,3.1,false,false,0.008200,0.556250
CVE-2022-24547,2022-04-15,HIGH,7.8,LOCAL,LOW,False,unmitigable,,No documented mitigation that preserves current use; re-role or replace,,secure@microsoft.com,3.1,false,false,0.060330,0.931270
CVE-2022-24549,2022-04-15,HIGH,7.8,LOCAL,LOW,False,unmitigable,,No documented mitigation that preserves current use; re-role or replace,,secure@microsoft.com,3.1,false,false,0.005350,0.430200
CVE-2022-24550,2022-04-15,HIGH,7.8,LOCAL,LOW,False,unmitigable,,No documented mitigation that preserves current use; re-role or replace,,secure@microsoft.com,3.1,false,false,0.008760,0.574790
CVE-2022-26786,2022-04-15,HIGH,7.8,LOCAL,LOW,False,service_disable,spooler,Stop and disable the Print Spooler service on devices that do not print,Microsoft ADV / KB5005010,secure@microsoft.com,3.1,false,false,0.007850,0.543990
CVE-2022-26787,2022-04-15,HIGH,7.8,LOCAL,LOW,False,service_disable,spooler,Stop and disable the Print Spooler service on devices that do not print,Microsoft ADV / KB5005010,secure@microsoft.com,3.1,false,false,0.007960,0.547790
CVE-2022-26788,2022-04-15,HIGH,7.8,LOCAL,LOW,False,unmitigable,,No documented mitigation that preserves current use; re-role or replace,,secure@microsoft.com,3.1,false,false,0.006500,0.492340
CVE-2022-26789,2022-04-15,HIGH,7.8,LOCAL,LOW,False,service_disable,spooler,Stop and disable the Print Spooler service on devices that do not print,Microsoft ADV / KB5005010,secure@microsoft.com,3.1,false,false,0.007690,0.538820
CVE-2022-26790,2022-04-15,HIGH,7.8,LOCAL,LOW,False,service_disable,spooler,Stop and disable the Print Spooler service on devices that do not print,Microsoft ADV / KB5005010,secure@microsoft.com,3.1,false,false,0.007070,0.516420
CVE-2022-26792,2022-04-15,HIGH,7.8,LOCAL,LOW,False,service_disable,spooler,Stop and disable the Print Spooler service on devices that do not print,Microsoft ADV / KB5005010,secure@microsoft.com,3.1,false,false,0.007960,0.547800
CVE-2022-26793,2022-04-15,HIGH,7.8,LOCAL,LOW,False,service_disable,spooler,Stop and disable the Print Spooler service on devices that do not print,Microsoft ADV / KB5005010,secure@microsoft.com,3.1,false,false,0.006830,0.507040
CVE-2022-26794,2022-04-15,HIGH,7.8,LOCAL,LOW,False,service_disable,spooler,Stop and disable the Print Spooler service on devices that do not print,Microsoft ADV / KB5005010,secure@microsoft.com,3.1,false,false,0.007070,0.516420
CVE-2022-26795,2022-04-15,HIGH,7.8,LOCAL,LOW,False,service_disable,spooler,Stop and disable the Print Spooler service on devices that do not print,Microsoft ADV / KB5005010,secure@microsoft.com,3.1,false,false,0.006000,0.467170
CVE-2022-26796,2022-04-15,HIGH,7.8,LOCAL,LOW,False,service_disable,spooler,Stop and disable the Print Spooler service on devices that do not print,Microsoft ADV / KB5005010,secure@microsoft.com,3.1,false,false,0.007960,0.547800
CVE-2022-26797,2022-04-15,HIGH,7.8,LOCAL,LOW,False,service_disable,spooler,Stop and disable the Print Spooler service on devices that do not print,Microsoft ADV / KB5005010,secure@microsoft.com,3.1,false,false,0.007070,0.516420
CVE-2022-26798,2022-04-15,HIGH,7.8,LOCAL,LOW,False,service_disable,spooler,Stop and disable the Print Spooler service on devices that do not print,Microsoft ADV / KB5005010,secure@microsoft.com,3.1,false,false,0.008510,0.566430
CVE-2022-26801,2022-04-15,HIGH,7.8,LOCAL,LOW,False,service_disable,spooler,Stop and disable the Print Spooler service on devices that do not print,Microsoft ADV / KB5005010,secure@microsoft.com,3.1,false,false,0.007960,0.547790
CVE-2022-26802,2022-04-15,HIGH,7.8,LOCAL,LOW,False,service_disable,spooler,Stop and disable the Print Spooler service on devices that do not print,Microsoft ADV / KB5005010,secure@microsoft.com,3.1,false,false,0.007960,0.547800
CVE-2022-26803,2022-04-15,HIGH,7.8,LOCAL,LOW,False,service_disable,spooler,Stop and disable the Print Spooler service on devices that do not print,Microsoft ADV / KB5005010,secure@microsoft.com,3.1,false,false,0.008510,0.566440
CVE-2022-26807,2022-04-15,HIGH,7.0,LOCAL,LOW,False,unmitigable,,No documented mitigation that preserves current use; re-role or replace,,secure@microsoft.com,3.1,false,false,0.003460,0.257420
CVE-2022-26808,2022-04-15,HIGH,7.0,LOCAL,LOW,False,unmitigable,,No documented mitigation that preserves current use; re-role or replace,,secure@microsoft.com,3.1,false,false,0.004280,0.346970
CVE-2022-26809,2022-04-15,CRITICAL,9.8,NETWORK,NONE,False,network_isolate,network,Segment to a restricted VLAN and block inbound access at the host firewall,,secure@microsoft.com,3.1,false,false,0.909610,0.998050
CVE-2022-26826,2022-04-15,HIGH,7.2,NETWORK,HIGH,False,unmitigable,,No documented mitigation that preserves current use; re-role or replace,,secure@microsoft.com,3.1,false,false,0.039760,0.901480
CVE-2022-26827,2022-04-15,HIGH,7.0,LOCAL,LOW,False,unmitigable,,No documented mitigation that preserves current use; re-role or replace,,secure@microsoft.com,3.1,false,false,0.004090,0.327420
CVE-2022-26830,2022-04-15,HIGH,7.5,NETWORK,NONE,False,network_isolate,network,Segment to a restricted VLAN and block inbound access at the host firewall,,secure@microsoft.com,3.1,false,false,0.017430,0.768970
CVE-2022-26831,2022-04-15,HIGH,7.5,NETWORK,NONE,False,network_isolate,network,Segment to a restricted VLAN and block inbound access at the host firewall,,secure@microsoft.com,3.1,false,false,0.032700,0.879800
CVE-2022-26832,2022-04-15,HIGH,7.5,NETWORK,NONE,True,app_update,application,Update the affected application; it services independently of the OS,,secure@microsoft.com,3.1,false,false,0.036080,0.890950
CVE-2022-26903,2022-04-15,HIGH,7.8,LOCAL,NONE,False,unmitigable,,No documented mitigation that preserves current use; re-role or replace,,secure@microsoft.com,3.1,false,false,0.026640,0.851720
CVE-2022-26904,2022-04-15,HIGH,7.0,LOCAL,LOW,False,unmitigable,,No documented mitigation that preserves current use; re-role or replace,,secure@microsoft.com,3.1,true,false,0.169480,0.969710
CVE-2022-26913,2022-05-10,HIGH,7.4,NETWORK,NONE,False,network_isolate,network,Segment to a restricted VLAN and block inbound access at the host firewall,,secure@microsoft.com,3.1,false,false,0.024570,0.838270
CVE-2022-26914,2022-04-15,HIGH,7.8,LOCAL,LOW,False,unmitigable,,No documented mitigation that preserves current use; re-role or replace,,secure@microsoft.com,3.1,false,false,0.008200,0.556240
CVE-2022-26915,2022-04-15,HIGH,7.5,NETWORK,NONE,False,network_isolate,network,Segment to a restricted VLAN and block inbound access at the host firewall,,secure@microsoft.com,3.1,false,false,0.035580,0.889270
CVE-2022-26916,2022-04-15,HIGH,7.8,LOCAL,NONE,False,service_disable,fax,Remove the Fax and Scan optional feature,Microsoft optional feature guidance,secure@microsoft.com,3.1,false,false,0.020580,0.805790
CVE-2022-26917,2022-04-15,HIGH,7.8,LOCAL,NONE,False,service_disable,fax,Remove the Fax and Scan optional feature,Microsoft optional feature guidance,secure@microsoft.com,3.1,false,false,0.020580,0.805800
CVE-2022-26918,2022-04-15,HIGH,7.8,LOCAL,NONE,False,service_disable,fax,Remove the Fax and Scan optional feature,Microsoft optional feature guidance,secure@microsoft.com,3.1,false,false,0.020580,0.805790
CVE-2022-26919,2022-04-15,HIGH,8.1,NETWORK,NONE,False,network_isolate,network,Segment to a restricted VLAN and block inbound access at the host firewall,,secure@microsoft.com,3.1,false,false,0.025670,0.845630
CVE-2022-26920,2022-04-15,MEDIUM,5.5,LOCAL,LOW,False,unmitigable,,No documented mitigation that preserves current use; re-role or replace,,secure@microsoft.com,3.1,false,false,0.008630,0.570330
CVE-2022-26923,2022-05-10,HIGH,8.8,NETWORK,LOW,False,unmitigable,,No documented mitigation that preserves current use; re-role or replace,,secure@microsoft.com,3.1,true,false,0.835000,0.996770
CVE-2022-26925,2022-05-10,MEDIUM,5.9,NETWORK,NONE,False,network_isolate,network,Segment to a restricted VLAN and block inbound access at the host firewall,,nvd@nist.gov,3.1,true,false,0.104760,0.956140
CVE-2022-26926,2022-05-10,HIGH,7.8,LOCAL,NONE,False,unmitigable,,No documented mitigation that preserves current use; re-role or replace,,secure@microsoft.com,3.1,false,false,0.028050,0.859760
CVE-2022-26927,2022-05-10,HIGH,8.8,NETWORK,NONE,False,network_isolate,network,Segment to a restricted VLAN and block inbound access at the host firewall,,nvd@nist.gov,3.1,false,false,0.045990,0.913590
CVE-2022-26928,2022-09-13,HIGH,7.0,LOCAL,LOW,False,unmitigable,,No documented mitigation that preserves current use; re-role or replace,,secure@microsoft.com,3.1,false,false,0.007940,0.547480
CVE-2022-26929,2022-09-13,HIGH,7.8,LOCAL,NONE,True,app_update,application,Update the affected application; it services independently of the OS,,secure@microsoft.com,3.1,false,false,0.015720,0.744610
CVE-2022-26930,2022-05-10,MEDIUM,5.5,LOCAL,LOW,False,unmitigable,,No documented mitigation that preserves current use; re-role or replace,,secure@microsoft.com,3.1,false,false,0.008650,0.570930
CVE-2022-26931,2022-05-10,HIGH,7.5,NETWORK,LOW,False,unmitigable,,No documented mitigation that preserves current use; re-role or replace,,secure@microsoft.com,3.1,false,false,0.026880,0.853250
CVE-2022-26933,2022-05-10,MEDIUM,5.5,LOCAL,LOW,False,unmitigable,,No documented mitigation that preserves current use; re-role or replace,,secure@microsoft.com,3.1,false,false,0.009190,0.587760
CVE-2022-26934,2022-05-10,MEDIUM,6.5,NETWORK,NONE,False,network_isolate,network,Segment to a restricted VLAN and block inbound access at the host firewall,,nvd@nist.gov,3.1,false,false,0.030830,0.872220
CVE-2022-26935,2022-05-10,MEDIUM,6.5,ADJACENT_NETWORK,NONE,False,network_isolate,network,Segment to a restricted VLAN and block inbound access at the host firewall,,nvd@nist.gov,3.1,false,false,0.010870,0.640190
CVE-2022-26936,2022-05-10,MEDIUM,6.5,NETWORK,LOW,False,unmitigable,,No documented mitigation that preserves current use; re-role or replace,,secure@microsoft.com,3.1,false,false,0.030730,0.871820
CVE-2022-26940,2022-05-10,MEDIUM,6.5,NETWORK,LOW,False,service_disable,rdp,"Disable Remote Desktop, or require Network Level Authentication and gate by firewall",Microsoft CVE-2019-0708 guidance,secure@microsoft.com,3.1,false,false,0.026840,0.852930
CVE-2022-29103,2022-05-10,HIGH,7.8,LOCAL,LOW,False,unmitigable,,No documented mitigation that preserves current use; re-role or replace,,secure@microsoft.com,3.1,false,false,0.006420,0.488370
CVE-2022-29104,2022-05-10,HIGH,7.8,LOCAL,LOW,False,service_disable,spooler,Stop and disable the Print Spooler service on devices that do not print,Microsoft ADV / KB5005010,secure@microsoft.com,3.1,false,false,0.117580,0.959480
CVE-2022-29105,2022-05-10,HIGH,7.8,LOCAL,NONE,False,unmitigable,,No documented mitigation that preserves current use; re-role or replace,,nvd@nist.gov,3.1,false,false,0.028310,0.861080
CVE-2022-29112,2022-05-10,MEDIUM,6.5,NETWORK,NONE,False,network_isolate,network,Segment to a restricted VLAN and block inbound access at the host firewall,,secure@microsoft.com,3.1,false,false,0.034660,0.886540
CVE-2022-29113,2022-05-10,HIGH,7.8,LOCAL,LOW,False,unmitigable,,No documented mitigation that preserves current use; re-role or replace,,secure@microsoft.com,3.1,false,false,0.004350,0.354260
CVE-2022-29114,2022-05-10,MEDIUM,5.5,LOCAL,LOW,False,service_disable,spooler,Stop and disable the Print Spooler service on devices that do not print,Microsoft ADV / KB5005010,secure@microsoft.com,3.1,false,false,0.013220,0.698000
CVE-2022-29115,2022-05-10,HIGH,7.8,LOCAL,NONE,False,service_disable,fax,Remove the Fax and Scan optional feature,Microsoft optional feature guidance,secure@microsoft.com,3.1,false,false,0.024070,0.834500
CVE-2022-29116,2022-05-10,MEDIUM,4.7,LOCAL,LOW,False,unmitigable,,No documented mitigation that preserves current use; re-role or replace,,secure@microsoft.com,3.1,false,false,0.005830,0.457940
CVE-2022-29121,2022-05-10,MEDIUM,6.5,ADJACENT_NETWORK,NONE,False,network_isolate,network,Segment to a restricted VLAN and block inbound access at the host firewall,,secure@microsoft.com,3.1,false,false,0.009730,0.605940
CVE-2022-29125,2022-05-10,HIGH,7.0,LOCAL,LOW,False,unmitigable,,No documented mitigation that preserves current use; re-role or replace,,secure@microsoft.com,3.1,false,false,0.007270,0.524060
CVE-2022-29126,2022-05-10,HIGH,7.0,LOCAL,LOW,False,unmitigable,,No documented mitigation that preserves current use; re-role or replace,,secure@microsoft.com,3.1,false,false,0.006360,0.485050
CVE-2022-29127,2022-05-10,MEDIUM,4.2,PHYSICAL,NONE,False,unmitigable,,No documented mitigation that preserves current use; re-role or replace,,secure@microsoft.com,3.1,false,false,0.008650,0.570840
CVE-2022-29128,2022-05-10,HIGH,8.8,NETWORK,LOW,False,unmitigable,,No documented mitigation that preserves current use; re-role or replace,,secure@microsoft.com,3.1,false,false,0.028980,0.864340
CVE-2022-29129,2022-05-10,HIGH,8.8,NETWORK,LOW,False,unmitigable,,No documented mitigation that preserves current use; re-role or replace,,secure@microsoft.com,3.1,false,false,0.028980,0.864350
CVE-2022-29130,2022-05-10,CRITICAL,9.8,NETWORK,NONE,False,network_isolate,network,Segment to a restricted VLAN and block inbound access at the host firewall,,secure@microsoft.com,3.1,false,false,0.039320,0.900310
CVE-2022-29131,2022-05-10,HIGH,8.8,NETWORK,LOW,False,unmitigable,,No documented mitigation that preserves current use; re-role or replace,,secure@microsoft.com,3.1,false,false,0.028980,0.864350
CVE-2022-29132,2022-05-10,HIGH,7.8,LOCAL,LOW,False,service_disable,spooler,Stop and disable the Print Spooler service on devices that do not print,Microsoft ADV / KB5005010,secure@microsoft.com,3.1,false,false,0.007050,0.515710
CVE-2022-29133,2022-05-10,HIGH,8.8,LOCAL,LOW,False,unmitigable,,No documented mitigation that preserves current use; re-role or replace,,secure@microsoft.com,3.1,false,false,0.007640,0.537110
CVE-2022-29137,2022-05-10,HIGH,8.8,NETWORK,LOW,False,unmitigable,,No documented mitigation that preserves current use; re-role or replace,,secure@microsoft.com,3.1,false,false,0.024750,0.839490
CVE-2022-29139,2022-05-10,HIGH,8.8,NETWORK,NONE,False,network_isolate,network,Segment to a restricted VLAN and block inbound access at the host firewall,,secure@microsoft.com,3.1,false,false,0.024310,0.836450
CVE-2022-29140,2022-05-10,MEDIUM,5.5,LOCAL,LOW,False,service_disable,spooler,Stop and disable the Print Spooler service on devices that do not print,Microsoft ADV / KB5005010,secure@microsoft.com,3.1,false,false,0.012120,0.673490
CVE-2022-29141,2022-05-10,HIGH,8.8,NETWORK,LOW,False,unmitigable,,No documented mitigation that preserves current use; re-role or replace,,secure@microsoft.com,3.1,false,false,0.028310,0.861100
CVE-2022-30130,2022-05-10,MEDIUM,5.5,LOCAL,NONE,True,app_update,application,Update the affected application; it services independently of the OS,,nvd@nist.gov,3.1,false,false,0.031510,0.874800
CVE-2022-30132,2022-06-15,HIGH,7.8,LOCAL,LOW,False,unmitigable,,No documented mitigation that preserves current use; re-role or replace,,secure@microsoft.com,3.1,false,false,0.006540,0.493910
CVE-2022-30133,2022-08-09,CRITICAL,9.8,NETWORK,NONE,False,network_isolate,network,Segment to a restricted VLAN and block inbound access at the host firewall,,secure@microsoft.com,3.1,false,false,0.026710,0.852180
CVE-2022-30138,2022-05-18,HIGH,7.8,LOCAL,LOW,False,service_disable,spooler,Stop and disable the Print Spooler service on devices that do not print,Microsoft ADV / KB5005010,secure@microsoft.com,3.1,false,false,0.009950,0.612680
CVE-2022-30139,2022-06-15,HIGH,7.5,NETWORK,LOW,False,unmitigable,,No documented mitigation that preserves current use; re-role or replace,,nvd@nist.gov,3.1,false,false,0.022360,0.821570
CVE-2022-30140,2022-06-15,HIGH,7.5,NETWORK,NONE,False,network_isolate,network,Segment to a restricted VLAN and block inbound access at the host firewall,,nvd@nist.gov,3.1,false,false,0.019200,0.791350
CVE-2022-30141,2022-06-15,HIGH,8.1,NETWORK,NONE,False,network_isolate,network,Segment to a restricted VLAN and block inbound access at the host firewall,,secure@microsoft.com,3.1,false,false,0.025880,0.846980
CVE-2022-30142,2022-06-15,HIGH,7.5,NETWORK,NONE,False,network_isolate,network,Segment to a restricted VLAN and block inbound access at the host firewall,,nvd@nist.gov,3.1,false,false,0.022490,0.822550
CVE-2022-30143,2022-06-15,HIGH,7.5,NETWORK,NONE,False,network_isolate,network,Segment to a restricted VLAN and block inbound access at the host firewall,,secure@microsoft.com,3.1,false,false,0.019200,0.791350
CVE-2022-30144,2022-08-09,HIGH,7.5,ADJACENT_NETWORK,NONE,False,service_disable,bluetooth,Disable the Bluetooth radio/stack by policy where unused,Microsoft Bluetooth hardening guidance,secure@microsoft.com,3.1,false,false,0.008970,0.580790
CVE-2022-30145,2022-06-15,HIGH,7.5,NETWORK,LOW,False,unmitigable,,No documented mitigation that preserves current use; re-role or replace,,nvd@nist.gov,3.1,false,false,0.020760,0.807580
CVE-2022-30146,2022-06-15,HIGH,7.5,NETWORK,NONE,False,network_isolate,network,Segment to a restricted VLAN and block inbound access at the host firewall,,secure@microsoft.com,3.1,false,false,0.019200,0.791350
CVE-2022-30147,2022-06-15,HIGH,7.8,LOCAL,LOW,False,unmitigable,,No documented mitigation that preserves current use; re-role or replace,,secure@microsoft.com,3.1,false,false,0.045330,0.912390
CVE-2022-30148,2022-06-15,MEDIUM,5.5,LOCAL,LOW,False,unmitigable,,No documented mitigation that preserves current use; re-role or replace,,secure@microsoft.com,3.1,false,false,0.012300,0.677830
CVE-2022-30149,2022-06-15,HIGH,7.5,NETWORK,NONE,False,network_isolate,network,Segment to a restricted VLAN and block inbound access at the host firewall,,secure@microsoft.com,3.1,false,false,0.019200,0.791350
CVE-2022-30150,2022-06-15,HIGH,7.5,NETWORK,LOW,False,unmitigable,,No documented mitigation that preserves current use; re-role or replace,,nvd@nist.gov,3.1,false,false,0.034430,0.885840
CVE-2022-30151,2022-06-15,HIGH,7.0,LOCAL,LOW,False,unmitigable,,No documented mitigation that preserves current use; re-role or replace,,secure@microsoft.com,3.1,false,false,0.005350,0.429740
CVE-2022-30152,2022-06-15,HIGH,7.5,NETWORK,NONE,False,network_isolate,network,Segment to a restricted VLAN and block inbound access at the host firewall,,secure@microsoft.com,3.1,false,false,0.028090,0.859930
CVE-2022-30153,2022-06-15,HIGH,8.8,NETWORK,NONE,False,network_isolate,network,Segment to a restricted VLAN and block inbound access at the host firewall,,secure@microsoft.com,3.1,false,false,0.024650,0.838790
CVE-2022-30155,2022-06-15,MEDIUM,5.5,LOCAL,NONE,False,unmitigable,,No documented mitigation that preserves current use; re-role or replace,,secure@microsoft.com,3.1,false,false,0.049610,0.919060
CVE-2022-30160,2022-06-15,HIGH,7.8,LOCAL,LOW,False,unmitigable,,No documented mitigation that preserves current use; re-role or replace,,secure@microsoft.com,3.1,false,false,0.062920,0.933760
CVE-2022-30161,2022-06-15,HIGH,8.8,NETWORK,NONE,False,network_isolate,network,Segment to a restricted VLAN and block inbound access at the host firewall,,secure@microsoft.com,3.1,false,false,0.024650,0.838790
CVE-2022-30162,2022-06-15,MEDIUM,5.5,LOCAL,LOW,False,unmitigable,,No documented mitigation that preserves current use; re-role or replace,,secure@microsoft.com,3.1,false,false,0.007700,0.539300
CVE-2022-30163,2022-06-15,HIGH,8.5,NETWORK,LOW,False,service_disable,hyperv,Remove the Hyper-V role on endpoints that do not host VMs,Microsoft Hyper-V role guidance,secure@microsoft.com,3.1,false,false,0.018530,0.783420
CVE-2022-30164,2022-06-15,HIGH,7.8,LOCAL,LOW,False,unmitigable,,No documented mitigation that preserves current use; re-role or replace,,nvd@nist.gov,3.1,false,false,0.011530,0.657490
CVE-2022-30165,2022-06-15,HIGH,8.8,NETWORK,LOW,False,unmitigable,,No documented mitigation that preserves current use; re-role or replace,,secure@microsoft.com,3.1,false,false,0.049270,0.918490
CVE-2022-30166,2022-06-15,HIGH,7.8,LOCAL,LOW,False,unmitigable,,No documented mitigation that preserves current use; re-role or replace,,secure@microsoft.com,3.1,false,false,0.013890,0.712700
CVE-2022-30170,2022-09-13,HIGH,7.3,LOCAL,LOW,False,unmitigable,,No documented mitigation that preserves current use; re-role or replace,,nvd@nist.gov,3.1,false,false,0.016330,0.753600
CVE-2022-30190,2022-06-01,HIGH,7.8,LOCAL,NONE,False,unmitigable,,No documented mitigation that preserves current use; re-role or replace,,nvd@nist.gov,3.1,true,true,0.991630,0.999330
CVE-2022-30194,2022-08-09,HIGH,7.5,NETWORK,LOW,False,unmitigable,,No documented mitigation that preserves current use; re-role or replace,,secure@microsoft.com,3.1,false,false,0.014590,0.725560
CVE-2022-30196,2022-09-13,HIGH,8.2,NETWORK,NONE,False,network_isolate,network,Segment to a restricted VLAN and block inbound access at the host firewall,,secure@microsoft.com,3.1,false,false,0.020840,0.808440
CVE-2022-30197,2022-08-09,MEDIUM,5.5,LOCAL,LOW,False,unmitigable,,No documented mitigation that preserves current use; re-role or replace,,secure@microsoft.com,3.1,false,false,0.009700,0.604640
CVE-2022-30198,2022-10-11,HIGH,8.1,NETWORK,NONE,False,network_isolate,network,Segment to a restricted VLAN and block inbound access at the host firewall,,secure@microsoft.com,3.1,false,false,0.011750,0.663530
CVE-2022-30200,2022-09-13,HIGH,7.8,LOCAL,NONE,False,unmitigable,,No documented mitigation that preserves current use; re-role or replace,,secure@microsoft.com,3.1,false,false,0.013030,0.694080
CVE-2022-30202,2022-07-12,HIGH,7.0,LOCAL,LOW,False,unmitigable,,No documented mitigation that preserves current use; re-role or replace,,secure@microsoft.com,3.1,false,false,0.044690,0.911310
CVE-2022-30203,2022-07-12,HIGH,7.4,PHYSICAL,LOW,False,unmitigable,,No documented mitigation that preserves current use; re-role or replace,,secure@microsoft.com,3.1,false,false,0.014970,0.732380
CVE-2022-30205,2022-07-12,MEDIUM,6.6,NETWORK,HIGH,False,unmitigable,,No documented mitigation that preserves current use; re-role or replace,,secure@microsoft.com,3.1,false,false,0.011950,0.669060
CVE-2022-30206,2022-07-12,HIGH,7.8,LOCAL,LOW,False,service_disable,spooler,Stop and disable the Print Spooler service on devices that do not print,Microsoft ADV / KB5005010,secure@microsoft.com,3.1,false,false,0.022180,0.820040
CVE-2022-30208,2022-07-12,MEDIUM,6.5,NETWORK,LOW,False,unmitigable,,No documented mitigation that preserves current use; re-role or replace,,secure@microsoft.com,3.1,false,false,0.025010,0.841220
CVE-2022-30209,2022-07-12,HIGH,7.4,NETWORK,NONE,False,service_disable,iis,Remove the IIS role from endpoints,Microsoft IIS guidance,secure@microsoft.com,3.1,false,false,0.025620,0.845310
CVE-2022-30211,2022-07-12,HIGH,7.5,NETWORK,LOW,False,unmitigable,,No documented mitigation that preserves current use; re-role or replace,,nvd@nist.gov,3.1,false,false,0.020670,0.806690
CVE-2022-30212,2022-07-12,MEDIUM,4.7,LOCAL,LOW,False,unmitigable,,No documented mitigation that preserves current use; re-role or replace,,secure@microsoft.com,3.1,false,false,0.004550,0.371550
CVE-2022-30213,2022-07-12,MEDIUM,5.5,LOCAL,LOW,False,unmitigable,,No documented mitigation that preserves current use; re-role or replace,,secure@microsoft.com,3.1,false,false,0.007300,0.525080
CVE-2022-30216,2022-07-12,HIGH,8.8,NETWORK,LOW,False,unmitigable,,No documented mitigation that preserves current use; re-role or replace,,secure@microsoft.com,3.1,false,false,0.886170,0.997720
CVE-2022-30220,2022-07-12,HIGH,7.8,LOCAL,LOW,False,unmitigable,,No documented mitigation that preserves current use; re-role or replace,,secure@microsoft.com,3.1,false,false,0.052040,0.922140
CVE-2022-30221,2022-07-12,HIGH,8.8,NETWORK,NONE,False,network_isolate,network,Segment to a restricted VLAN and block inbound access at the host firewall,,secure@microsoft.com,3.1,false,false,0.021190,0.811630
CVE-2022-30222,2022-07-12,HIGH,8.4,LOCAL,NONE,False,unmitigable,,No documented mitigation that preserves current use; re-role or replace,,secure@microsoft.com,3.1,false,false,0.007290,0.524710
CVE-2022-30223,2022-07-12,MEDIUM,5.7,ADJACENT_NETWORK,LOW,False,service_disable,hyperv,Remove the Hyper-V role on endpoints that do not host VMs,Microsoft Hyper-V role guidance,secure@microsoft.com,3.1,false,false,0.008320,0.560030
CVE-2022-30224,2022-07-12,HIGH,7.0,LOCAL,LOW,False,unmitigable,,No documented mitigation that preserves current use; re-role or replace,,secure@microsoft.com,3.1,false,false,0.005130,0.415200
CVE-2022-30225,2022-07-12,HIGH,7.1,LOCAL,LOW,False,unmitigable,,No documented mitigation that preserves current use; re-role or replace,,secure@microsoft.com,3.1,false,false,0.005620,0.446320
CVE-2022-30226,2022-07-12,HIGH,7.1,LOCAL,LOW,False,service_disable,spooler,Stop and disable the Print Spooler service on devices that do not print,Microsoft ADV / KB5005010,secure@microsoft.com,3.1,false,false,0.007760,0.541020
CVE-2022-32230,2022-06-14,HIGH,7.5,NETWORK,NONE,False,network_isolate,network,Segment to a restricted VLAN and block inbound access at the host firewall,,nvd@nist.gov,3.1,false,false,0.075330,0.943150
CVE-2022-33634,2022-10-11,HIGH,8.1,NETWORK,NONE,False,network_isolate,network,Segment to a restricted VLAN and block inbound access at the host firewall,,secure@microsoft.com,3.1,false,false,0.011750,0.663530
CVE-2022-33635,2022-10-11,HIGH,7.8,LOCAL,NONE,False,unmitigable,,No documented mitigation that preserves current use; re-role or replace,,secure@microsoft.com,3.1,false,false,0.010400,0.626400
CVE-2022-33645,2022-10-11,HIGH,7.5,NETWORK,NONE,False,network_isolate,network,Segment to a restricted VLAN and block inbound access at the host firewall,,secure@microsoft.com,3.1,false,false,0.022170,0.819940
CVE-2022-33670,2022-08-09,HIGH,7.8,LOCAL,LOW,False,unmitigable,,No documented mitigation that preserves current use; re-role or replace,,secure@microsoft.com,3.1,false,false,0.005360,0.430460
CVE-2022-33973,2022-11-11,LOW,3.3,LOCAL,LOW,True,app_update,application,Update the affected application; it services independently of the OS,,nvd@nist.gov,3.1,false,false,0.001790,0.067350
CVE-2022-34301,2022-08-26,MEDIUM,6.7,LOCAL,HIGH,False,unmitigable,,No documented mitigation that preserves current use; re-role or replace,,nvd@nist.gov,3.1,false,false,0.009760,0.606830
CVE-2022-34302,2022-08-26,MEDIUM,6.7,LOCAL,HIGH,False,unmitigable,,No documented mitigation that preserves current use; re-role or replace,,nvd@nist.gov,3.1,false,false,0.010810,0.638490
CVE-2022-34303,2022-08-26,MEDIUM,6.7,LOCAL,HIGH,False,unmitigable,,No documented mitigation that preserves current use; re-role or replace,,nvd@nist.gov,3.1,false,false,0.008470,0.564960
CVE-2022-34689,2022-10-11,HIGH,7.5,NETWORK,NONE,False,network_isolate,network,Segment to a restricted VLAN and block inbound access at the host firewall,,secure@microsoft.com,3.1,false,false,0.379260,0.985050
CVE-2022-34690,2022-08-09,HIGH,7.1,LOCAL,LOW,False,service_disable,fax,Remove the Fax and Scan optional feature,Microsoft optional feature guidance,secure@microsoft.com,3.1,false,false,0.006070,0.470760
CVE-2022-34691,2022-08-09,HIGH,8.8,NETWORK,LOW,False,unmitigable,,No documented mitigation that preserves current use; re-role or replace,,secure@microsoft.com,3.1,false,false,0.021030,0.810210
CVE-2022-34696,2022-08-09,HIGH,7.8,LOCAL,LOW,False,service_disable,hyperv,Remove the Hyper-V role on endpoints that do not host VMs,Microsoft Hyper-V role guidance,secure@microsoft.com,3.1,false,false,0.003350,0.244780
CVE-2022-34699,2022-08-09,HIGH,7.8,LOCAL,LOW,False,unmitigable,,No documented mitigation that preserves current use; re-role or replace,,secure@microsoft.com,3.1,false,false,0.043540,0.909170
CVE-2022-34701,2022-08-09,HIGH,7.5,NETWORK,NONE,False,network_isolate,network,Segment to a restricted VLAN and block inbound access at the host firewall,,nvd@nist.gov,3.1,false,false,0.027980,0.859380
CVE-2022-34702,2022-08-09,HIGH,8.1,NETWORK,NONE,False,network_isolate,network,Segment to a restricted VLAN and block inbound access at the host firewall,,secure@microsoft.com,3.1,false,false,0.012440,0.681270
CVE-2022-34703,2022-08-09,HIGH,7.8,LOCAL,LOW,False,unmitigable,,No documented mitigation that preserves current use; re-role or replace,,secure@microsoft.com,3.1,false,false,0.006310,0.482940
CVE-2022-34704,2022-08-09,MEDIUM,4.7,LOCAL,LOW,False,unmitigable,,No documented mitigation that preserves current use; re-role or replace,,nvd@nist.gov,3.1,false,false,0.012420,0.680730
CVE-2022-34705,2022-08-09,HIGH,7.8,LOCAL,LOW,False,unmitigable,,No documented mitigation that preserves current use; re-role or replace,,secure@microsoft.com,3.1,false,false,0.008720,0.573220
CVE-2022-34706,2022-08-09,HIGH,7.8,LOCAL,LOW,False,unmitigable,,No documented mitigation that preserves current use; re-role or replace,,secure@microsoft.com,3.1,false,false,0.004490,0.366860
CVE-2022-34707,2022-08-09,HIGH,7.8,LOCAL,LOW,False,unmitigable,,No documented mitigation that preserves current use; re-role or replace,,secure@microsoft.com,3.1,false,false,0.013190,0.697510
CVE-2022-34708,2022-08-09,MEDIUM,5.5,LOCAL,LOW,False,unmitigable,,No documented mitigation that preserves current use; re-role or replace,,secure@microsoft.com,3.1,false,false,0.015250,0.736940
CVE-2022-34709,2022-08-09,MEDIUM,6.0,LOCAL,HIGH,False,unmitigable,,No documented mitigation that preserves current use; re-role or replace,,nvd@nist.gov,3.1,false,false,0.011860,0.666660
CVE-2022-34710,2022-08-09,MEDIUM,5.5,LOCAL,LOW,False,unmitigable,,No documented mitigation that preserves current use; re-role or replace,,secure@microsoft.com,3.1,false,false,0.015240,0.736910
CVE-2022-34711,2022-08-15,HIGH,7.8,LOCAL,LOW,False,unmitigable,,No documented mitigation that preserves current use; re-role or replace,,secure@microsoft.com,3.1,false,false,0.008160,0.554660
CVE-2022-34712,2022-08-09,MEDIUM,5.5,LOCAL,LOW,False,unmitigable,,No documented mitigation that preserves current use; re-role or replace,,secure@microsoft.com,3.1,false,false,0.015240,0.736910
CVE-2022-34713,2022-08-09,HIGH,7.8,LOCAL,NONE,False,unmitigable,,No documented mitigation that preserves current use; re-role or replace,,secure@microsoft.com,3.1,true,false,0.677570,0.992980
CVE-2022-34714,2022-08-09,HIGH,8.1,NETWORK,NONE,False,network_isolate,network,Segment to a restricted VLAN and block inbound access at the host firewall,,secure@microsoft.com,3.1,false,false,0.019080,0.789960
CVE-2022-34718,2022-09-13,CRITICAL,9.8,NETWORK,NONE,False,network_isolate,network,Segment to a restricted VLAN and block inbound access at the host firewall,,secure@microsoft.com,3.1,false,false,0.544230,0.989820
CVE-2022-34719,2022-09-13,HIGH,7.8,LOCAL,LOW,False,unmitigable,,No documented mitigation that preserves current use; re-role or replace,,secure@microsoft.com,3.1,false,false,0.010590,0.632260
CVE-2022-34720,2022-09-13,HIGH,7.5,NETWORK,NONE,False,network_isolate,network,Segment to a restricted VLAN and block inbound access at the host firewall,,secure@microsoft.com,3.1,false,false,0.036280,0.891530
CVE-2022-34721,2022-09-13,CRITICAL,9.8,NETWORK,NONE,False,network_isolate,network,Segment to a restricted VLAN and block inbound access at the host firewall,,secure@microsoft.com,3.1,false,false,0.762410,0.995210
CVE-2022-34722,2022-09-13,CRITICAL,9.8,NETWORK,NONE,False,network_isolate,network,Segment to a restricted VLAN and block inbound access at the host firewall,,secure@microsoft.com,3.1,false,false,0.028030,0.859700
CVE-2022-34723,2022-09-13,MEDIUM,5.5,LOCAL,LOW,False,unmitigable,,No documented mitigation that preserves current use; re-role or replace,,secure@microsoft.com,3.1,false,false,0.010960,0.643010
CVE-2022-34725,2022-09-13,HIGH,7.0,LOCAL,LOW,False,unmitigable,,No documented mitigation that preserves current use; re-role or replace,,secure@microsoft.com,3.1,false,false,0.053820,0.924050
CVE-2022-34726,2022-09-13,HIGH,8.8,NETWORK,NONE,False,network_isolate,network,Segment to a restricted VLAN and block inbound access at the host firewall,,secure@microsoft.com,3.1,false,false,0.027000,0.853890
CVE-2022-34727,2022-09-13,HIGH,8.8,NETWORK,NONE,False,network_isolate,network,Segment to a restricted VLAN and block inbound access at the host firewall,,secure@microsoft.com,3.1,false,false,0.027000,0.853880
CVE-2022-34728,2022-09-13,MEDIUM,5.5,LOCAL,LOW,False,unmitigable,,No documented mitigation that preserves current use; re-role or replace,,secure@microsoft.com,3.1,false,false,0.043330,0.908760
CVE-2022-34729,2022-09-13,HIGH,7.8,LOCAL,LOW,False,unmitigable,,No documented mitigation that preserves current use; re-role or replace,,secure@microsoft.com,3.1,false,false,0.105290,0.956310
CVE-2022-34730,2022-09-13,HIGH,8.8,NETWORK,NONE,False,network_isolate,network,Segment to a restricted VLAN and block inbound access at the host firewall,,nvd@nist.gov,3.1,false,false,0.027000,0.853890
CVE-2022-34731,2022-09-13,HIGH,8.8,NETWORK,NONE,False,network_isolate,network,Segment to a restricted VLAN and block inbound access at the host firewall,,secure@microsoft.com,3.1,false,false,0.021980,0.818360
CVE-2022-34732,2022-09-13,HIGH,8.8,NETWORK,NONE,False,network_isolate,network,Segment to a restricted VLAN and block inbound access at the host firewall,,nvd@nist.gov,3.1,false,false,0.027000,0.853890
CVE-2022-34733,2022-09-13,HIGH,8.8,NETWORK,NONE,False,network_isolate,network,Segment to a restricted VLAN and block inbound access at the host firewall,,secure@microsoft.com,3.1,false,false,0.021980,0.818350
CVE-2022-34734,2022-09-13,HIGH,8.8,NETWORK,NONE,False,network_isolate,network,Segment to a restricted VLAN and block inbound access at the host firewall,,nvd@nist.gov,3.1,false,false,0.027000,0.853890
CVE-2022-35743,2023-05-31,HIGH,7.8,LOCAL,NONE,False,unmitigable,,No documented mitigation that preserves current use; re-role or replace,,secure@microsoft.com,3.1,false,false,0.014530,0.724420
CVE-2022-35744,2023-05-31,CRITICAL,9.8,NETWORK,NONE,False,network_isolate,network,Segment to a restricted VLAN and block inbound access at the host firewall,,secure@microsoft.com,3.1,false,false,0.019790,0.797470
CVE-2022-35745,2023-05-31,HIGH,8.1,NETWORK,NONE,False,network_isolate,network,Segment to a restricted VLAN and block inbound access at the host firewall,,secure@microsoft.com,3.1,false,false,0.012260,0.676940
CVE-2022-35746,2023-05-31,HIGH,7.8,LOCAL,LOW,False,unmitigable,,No documented mitigation that preserves current use; re-role or replace,,secure@microsoft.com,3.1,false,false,0.005450,0.436210
CVE-2022-35747,2023-05-31,MEDIUM,5.9,NETWORK,NONE,False,network_isolate,network,Segment to a restricted VLAN and block inbound access at the host firewall,,secure@microsoft.com,3.1,false,false,0.016810,0.760570
CVE-2022-35749,2023-05-31,HIGH,7.8,LOCAL,LOW,False,unmitigable,,No documented mitigation that preserves current use; re-role or replace,,secure@microsoft.com,3.1,false,false,0.005450,0.436210
CVE-2022-35750,2023-05-31,HIGH,7.8,LOCAL,LOW,False,unmitigable,,No documented mitigation that preserves current use; re-role or replace,,secure@microsoft.com,3.1,false,false,0.064780,0.935340
CVE-2022-35751,2023-05-31,HIGH,7.8,LOCAL,LOW,False,service_disable,hyperv,Remove the Hyper-V role on endpoints that do not host VMs,Microsoft Hyper-V role guidance,secure@microsoft.com,3.1,false,false,0.054610,0.924820
CVE-2022-35752,2023-05-31,HIGH,8.1,NETWORK,NONE,False,network_isolate,network,Segment to a restricted VLAN and block inbound access at the host firewall,,secure@microsoft.com,3.1,false,false,0.012260,0.676950
CVE-2022-35753,2023-05-31,HIGH,8.1,NETWORK,NONE,False,network_isolate,network,Segment to a restricted VLAN and block inbound access at the host firewall,,secure@microsoft.com,3.1,false,false,0.012260,0.676940
CVE-2022-35754,2023-05-31,MEDIUM,6.7,LOCAL,HIGH,False,unmitigable,,No documented mitigation that preserves current use; re-role or replace,,secure@microsoft.com,3.1,false,false,0.004100,0.327940
CVE-2022-35755,2023-05-31,HIGH,7.3,LOCAL,LOW,False,service_disable,spooler,Stop and disable the Print Spooler service on devices that do not print,Microsoft ADV / KB5005010,secure@microsoft.com,3.1,false,false,0.097950,0.953990
CVE-2022-35756,2023-05-31,HIGH,7.8,LOCAL,NONE,False,unmitigable,,No documented mitigation that preserves current use; re-role or replace,,secure@microsoft.com,3.1,false,false,0.113060,0.958490
CVE-2022-35757,2023-05-31,HIGH,7.3,LOCAL,LOW,False,unmitigable,,No documented mitigation that preserves current use; re-role or replace,,secure@microsoft.com,3.1,false,false,0.007760,0.541110
CVE-2022-35758,2023-05-31,MEDIUM,5.5,LOCAL,LOW,False,unmitigable,,No documented mitigation that preserves current use; re-role or replace,,secure@microsoft.com,3.1,false,false,0.004970,0.402850
CVE-2022-35759,2023-05-31,MEDIUM,6.5,NETWORK,LOW,False,unmitigable,,No documented mitigation that preserves current use; re-role or replace,,secure@microsoft.com,3.1,false,false,0.016950,0.762610
CVE-2022-35760,2022-08-09,HIGH,7.8,LOCAL,NONE,False,unmitigable,,No documented mitigation that preserves current use; re-role or replace,,secure@microsoft.com,3.1,false,false,0.007730,0.540080
CVE-2022-35761,2022-08-09,HIGH,7.8,LOCAL,LOW,False,unmitigable,,No documented mitigation that preserves current use; re-role or replace,,nvd@nist.gov,3.1,false,false,0.040300,0.902650
CVE-2022-35766,2022-08-09,HIGH,8.1,NETWORK,NONE,False,network_isolate,network,Segment to a restricted VLAN and block inbound access at the host firewall,,secure@microsoft.com,3.1,false,false,0.017220,0.766310
CVE-2022-35767,2022-08-09,HIGH,8.1,NETWORK,NONE,False,network_isolate,network,Segment to a restricted VLAN and block inbound access at the host firewall,,secure@microsoft.com,3.1,false,false,0.017220,0.766310
CVE-2022-35768,2022-08-09,HIGH,7.8,LOCAL,LOW,False,unmitigable,,No documented mitigation that preserves current use; re-role or replace,,secure@microsoft.com,3.1,false,false,0.010720,0.636060
CVE-2022-35769,2022-08-09,HIGH,7.5,NETWORK,NONE,False,network_isolate,network,Segment to a restricted VLAN and block inbound access at the host firewall,,secure@microsoft.com,3.1,false,false,0.023730,0.832070
CVE-2022-35770,2022-10-11,MEDIUM,6.5,NETWORK,NONE,False,network_isolate,network,Segment to a restricted VLAN and block inbound access at the host firewall,,secure@microsoft.com,3.1,false,false,0.016620,0.757980
CVE-2022-35771,2022-08-09,HIGH,7.8,LOCAL,LOW,False,unmitigable,,No documented mitigation that preserves current use; re-role or replace,,secure@microsoft.com,3.1,false,false,0.008090,0.552650
CVE-2022-35792,2022-08-09,HIGH,7.8,LOCAL,LOW,False,unmitigable,,No documented mitigation that preserves current use; re-role or replace,,secure@microsoft.com,3.1,false,false,0.006160,0.475610
CVE-2022-35793,2022-08-09,HIGH,7.3,LOCAL,LOW,False,service_disable,spooler,Stop and disable the Print Spooler service on devices that do not print,Microsoft ADV / KB5005010,secure@microsoft.com,3.1,false,false,0.091300,0.951630
CVE-2022-35794,2022-08-09,HIGH,8.1,NETWORK,NONE,False,network_isolate,network,Segment to a restricted VLAN and block inbound access at the host firewall,,secure@microsoft.com,3.1,false,false,0.018560,0.783920
CVE-2022-35795,2022-08-09,HIGH,7.8,LOCAL,LOW,False,unmitigable,,No documented mitigation that preserves current use; re-role or replace,,secure@microsoft.com,3.1,false,false,0.006540,0.494220
CVE-2022-35797,2022-08-09,MEDIUM,6.1,PHYSICAL,NONE,False,unmitigable,,No documented mitigation that preserves current use; re-role or replace,,secure@microsoft.com,3.1,false,false,0.006410,0.487280
CVE-2022-35803,2022-09-13,HIGH,7.8,LOCAL,LOW,False,unmitigable,,No documented mitigation that preserves current use; re-role or replace,,secure@microsoft.com,3.1,false,false,0.238180,0.977560
CVE-2022-35804,2022-08-09,HIGH,8.8,NETWORK,NONE,False,network_isolate,network,Segment to a restricted VLAN and block inbound access at the host firewall,,secure@microsoft.com,3.1,false,false,0.028190,0.860460
CVE-2022-35820,2022-08-09,HIGH,7.8,LOCAL,LOW,False,service_disable,bluetooth,Disable the Bluetooth radio/stack by policy where unused,Microsoft Bluetooth hardening guidance,secure@microsoft.com,3.1,false,false,0.005570,0.443440
CVE-2022-35822,2022-08-15,HIGH,7.1,LOCAL,LOW,False,unmitigable,,No documented mitigation that preserves current use; re-role or replace,,nvd@nist.gov,3.1,false,false,0.009100,0.584830
CVE-2022-35831,2022-09-13,MEDIUM,5.5,LOCAL,LOW,False,unmitigable,,No documented mitigation that preserves current use; re-role or replace,,secure@microsoft.com,3.1,false,false,0.008530,0.566870
CVE-2022-35832,2022-09-13,MEDIUM,5.5,LOCAL,LOW,False,unmitigable,,No documented mitigation that preserves current use; re-role or replace,,secure@microsoft.com,3.1,false,false,0.009220,0.588630
CVE-2022-35833,2022-09-13,HIGH,7.5,NETWORK,NONE,False,network_isolate,network,Segment to a restricted VLAN and block inbound access at the host firewall,,secure@microsoft.com,3.1,false,false,0.030070,0.869110
CVE-2022-35834,2022-09-13,HIGH,8.8,NETWORK,NONE,False,network_isolate,network,Segment to a restricted VLAN and block inbound access at the host firewall,,secure@microsoft.com,3.1,false,false,0.021980,0.818370
CVE-2022-35835,2022-09-13,HIGH,8.8,NETWORK,NONE,False,network_isolate,network,Segment to a restricted VLAN and block inbound access at the host firewall,,secure@microsoft.com,3.1,false,false,0.021980,0.818360
CVE-2022-35836,2022-09-13,HIGH,8.8,NETWORK,NONE,False,network_isolate,network,Segment to a restricted VLAN and block inbound access at the host firewall,,secure@microsoft.com,3.1,false,false,0.021980,0.818360
CVE-2022-35837,2022-09-13,MEDIUM,6.5,NETWORK,NONE,False,network_isolate,network,Segment to a restricted VLAN and block inbound access at the host firewall,,nvd@nist.gov,3.1,false,false,0.025040,0.841390
CVE-2022-35838,2022-09-13,HIGH,7.5,NETWORK,NONE,False,network_isolate,network,Segment to a restricted VLAN and block inbound access at the host firewall,,secure@microsoft.com,3.1,false,false,0.026700,0.852150
CVE-2022-35840,2022-09-13,HIGH,8.8,NETWORK,NONE,False,network_isolate,network,Segment to a restricted VLAN and block inbound access at the host firewall,,secure@microsoft.com,3.1,false,false,0.021980,0.818360
CVE-2022-35841,2022-09-13,HIGH,8.8,NETWORK,LOW,False,unmitigable,,No documented mitigation that preserves current use; re-role or replace,,secure@microsoft.com,3.1,false,false,0.036040,0.890850
CVE-2022-37954,2022-09-13,HIGH,7.8,LOCAL,LOW,False,unmitigable,,No documented mitigation that preserves current use; re-role or replace,,secure@microsoft.com,3.1,false,false,0.448960,0.987380
CVE-2022-37955,2022-09-13,HIGH,7.8,LOCAL,LOW,False,unmitigable,,No documented mitigation that preserves current use; re-role or replace,,secure@microsoft.com,3.1,false,false,0.021290,0.812480
CVE-2022-37956,2022-09-13,HIGH,7.8,LOCAL,LOW,False,unmitigable,,No documented mitigation that preserves current use; re-role or replace,,secure@microsoft.com,3.1,false,false,0.013440,0.703240
CVE-2022-37957,2022-09-13,HIGH,7.8,LOCAL,LOW,False,unmitigable,,No documented mitigation that preserves current use; re-role or replace,,secure@microsoft.com,3.1,false,false,0.135730,0.963430
CVE-2022-37958,2022-09-13,HIGH,8.1,NETWORK,NONE,False,network_isolate,network,Segment to a restricted VLAN and block inbound access at the host firewall,,nvd@nist.gov,3.1,false,false,0.861410,0.997260
CVE-2022-37965,2022-10-11,MEDIUM,5.9,NETWORK,NONE,False,network_isolate,network,Segment to a restricted VLAN and block inbound access at the host firewall,,secure@microsoft.com,3.1,false,false,0.015590,0.742780
CVE-2022-37969,2022-09-13,HIGH,7.8,LOCAL,LOW,False,unmitigable,,No documented mitigation that preserves current use; re-role or replace,,secure@microsoft.com,3.1,true,true,0.282750,0.980630
CVE-2022-37970,2022-10-11,HIGH,7.8,LOCAL,LOW,False,unmitigable,,No documented mitigation that preserves current use; re-role or replace,,secure@microsoft.com,3.1,false,false,0.097730,0.953890
CVE-2022-37973,2022-10-11,HIGH,7.7,NETWORK,LOW,False,unmitigable,,No documented mitigation that preserves current use; re-role or replace,,nvd@nist.gov,3.1,false,false,0.029980,0.868690
CVE-2022-37974,2022-10-11,MEDIUM,6.5,NETWORK,NONE,False,network_isolate,network,Segment to a restricted VLAN and block inbound access at the host firewall,,secure@microsoft.com,3.1,false,false,0.362860,0.984370
CVE-2022-37975,2022-10-11,HIGH,8.8,NETWORK,LOW,False,unmitigable,,No documented mitigation that preserves current use; re-role or replace,,nvd@nist.gov,3.1,false,false,0.015710,0.744510
CVE-2022-37977,2022-10-11,MEDIUM,6.5,NETWORK,LOW,False,unmitigable,,No documented mitigation that preserves current use; re-role or replace,,secure@microsoft.com,3.1,false,false,0.019430,0.793880
CVE-2022-37978,2022-10-11,HIGH,7.5,NETWORK,LOW,False,unmitigable,,No documented mitigation that preserves current use; re-role or replace,,secure@microsoft.com,3.1,false,false,0.015040,0.733670
CVE-2022-37979,2022-10-11,HIGH,7.8,LOCAL,LOW,False,service_disable,hyperv,Remove the Hyper-V role on endpoints that do not host VMs,Microsoft Hyper-V role guidance,secure@microsoft.com,3.1,false,false,0.006060,0.470160
CVE-2022-37980,2022-10-11,HIGH,7.8,LOCAL,LOW,False,unmitigable,,No documented mitigation that preserves current use; re-role or replace,,secure@microsoft.com,3.1,false,false,0.005830,0.457940
CVE-2022-37981,2022-10-11,MEDIUM,4.3,NETWORK,LOW,False,unmitigable,,No documented mitigation that preserves current use; re-role or replace,,secure@microsoft.com,3.1,false,false,0.023100,0.827340
CVE-2022-37982,2022-10-11,HIGH,8.8,NETWORK,NONE,False,network_isolate,network,Segment to a restricted VLAN and block inbound access at the host firewall,,secure@microsoft.com,3.1,false,false,0.016410,0.754860
CVE-2022-37983,2022-10-11,HIGH,7.8,LOCAL,LOW,False,unmitigable,,No documented mitigation that preserves current use; re-role or replace,,secure@microsoft.com,3.1,false,false,0.004900,0.398430
CVE-2022-37984,2022-10-11,HIGH,7.8,LOCAL,LOW,False,unmitigable,,No documented mitigation that preserves current use; re-role or replace,,secure@microsoft.com,3.1,false,false,0.004900,0.398440
CVE-2022-37985,2022-10-11,MEDIUM,5.5,LOCAL,LOW,False,unmitigable,,No documented mitigation that preserves current use; re-role or replace,,secure@microsoft.com,3.1,false,false,0.386040,0.985340
CVE-2022-37986,2022-10-11,HIGH,7.8,LOCAL,LOW,False,unmitigable,,No documented mitigation that preserves current use; re-role or replace,,nvd@nist.gov,3.1,false,false,0.005090,0.412220
CVE-2022-37987,2022-10-11,HIGH,7.8,LOCAL,LOW,False,unmitigable,,No documented mitigation that preserves current use; re-role or replace,,secure@microsoft.com,3.1,false,false,0.090950,0.951510
CVE-2022-37988,2022-10-11,HIGH,7.8,LOCAL,LOW,False,unmitigable,,No documented mitigation that preserves current use; re-role or replace,,secure@microsoft.com,3.1,false,false,0.010220,0.620750
CVE-2022-37989,2022-10-11,HIGH,7.8,LOCAL,LOW,False,unmitigable,,No documented mitigation that preserves current use; re-role or replace,,secure@microsoft.com,3.1,false,false,0.093310,0.952340
CVE-2022-37990,2022-10-11,HIGH,7.8,LOCAL,LOW,False,unmitigable,,No documented mitigation that preserves current use; re-role or replace,,secure@microsoft.com,3.1,false,false,0.006290,0.481410
CVE-2022-37991,2022-10-11,HIGH,7.8,LOCAL,LOW,False,unmitigable,,No documented mitigation that preserves current use; re-role or replace,,secure@microsoft.com,3.1,false,false,0.010220,0.620750
CVE-2022-37992,2022-11-09,HIGH,7.8,LOCAL,LOW,False,unmitigable,,No documented mitigation that preserves current use; re-role or replace,,secure@microsoft.com,3.1,false,false,0.005270,0.424430
CVE-2022-37993,2022-10-11,HIGH,7.8,LOCAL,LOW,False,unmitigable,,No documented mitigation that preserves current use; re-role or replace,,secure@microsoft.com,3.1,false,false,0.005950,0.464230
CVE-2022-37994,2022-10-11,HIGH,7.8,LOCAL,LOW,False,unmitigable,,No documented mitigation that preserves current use; re-role or replace,,secure@microsoft.com,3.1,false,false,0.005950,0.464220
CVE-2022-37995,2022-10-11,HIGH,7.8,LOCAL,LOW,False,unmitigable,,No documented mitigation that preserves current use; re-role or replace,,secure@microsoft.com,3.1,false,false,0.005870,0.459920
CVE-2022-37996,2022-10-11,MEDIUM,5.5,LOCAL,LOW,False,unmitigable,,No documented mitigation that preserves current use; re-role or replace,,secure@microsoft.com,3.1,false,false,0.005890,0.461090
CVE-2022-37997,2022-10-11,HIGH,7.8,LOCAL,LOW,False,unmitigable,,No documented mitigation that preserves current use; re-role or replace,,secure@microsoft.com,3.1,false,false,0.006180,0.476480
CVE-2022-37998,2022-10-11,HIGH,7.7,NETWORK,LOW,False,unmitigable,,No documented mitigation that preserves current use; re-role or replace,,nvd@nist.gov,3.1,false,false,0.030230,0.869730
CVE-2022-37999,2022-10-11,HIGH,7.8,LOCAL,LOW,False,unmitigable,,No documented mitigation that preserves current use; re-role or replace,,secure@microsoft.com,3.1,false,false,0.005950,0.464230
CVE-2022-38000,2022-10-11,HIGH,8.1,NETWORK,NONE,False,network_isolate,network,Segment to a restricted VLAN and block inbound access at the host firewall,,secure@microsoft.com,3.1,false,false,0.013750,0.709830
CVE-2022-38003,2022-10-11,HIGH,7.8,LOCAL,LOW,False,unmitigable,,No documented mitigation that preserves current use; re-role or replace,,secure@microsoft.com,3.1,false,false,0.005830,0.457940
CVE-2022-38004,2022-09-13,HIGH,7.8,LOCAL,NONE,False,service_disable,fax,Remove the Fax and Scan optional feature,Microsoft optional feature guidance,secure@microsoft.com,3.1,false,false,0.011380,0.653510
CVE-2022-38005,2022-09-13,HIGH,7.8,LOCAL,LOW,False,service_disable,spooler,Stop and disable the Print Spooler service on devices that do not print,Microsoft ADV / KB5005010,secure@microsoft.com,3.1,false,false,0.008500,0.565840
CVE-2022-38006,2022-09-13,MEDIUM,6.5,NETWORK,NONE,False,network_isolate,network,Segment to a restricted VLAN and block inbound access at the host firewall,,secure@microsoft.com,3.1,false,false,0.022960,0.826200
CVE-2022-38011,2022-09-13,HIGH,7.3,LOCAL,LOW,True,app_update,application,Update the affected application; it services independently of the OS,,secure@microsoft.com,3.1,false,false,0.009170,0.587210
CVE-2022-38015,2022-11-09,MEDIUM,6.5,LOCAL,LOW,False,service_disable,hyperv,Remove the Hyper-V role on endpoints that do not host VMs,Microsoft Hyper-V role guidance,nvd@nist.gov,3.1,false,false,0.006630,0.498130
CVE-2022-38016,2022-10-11,HIGH,8.8,LOCAL,LOW,False,unmitigable,,No documented mitigation that preserves current use; re-role or replace,,secure@microsoft.com,3.1,false,false,0.004900,0.398430
CVE-2022-38021,2022-10-11,HIGH,7.0,LOCAL,LOW,False,unmitigable,,No documented mitigation that preserves current use; re-role or replace,,secure@microsoft.com,3.1,false,false,0.003920,0.308250
CVE-2022-38022,2022-10-11,LOW,3.3,LOCAL,LOW,False,unmitigable,,No documented mitigation that preserves current use; re-role or replace,,nvd@nist.gov,3.1,false,false,0.006190,0.476710
CVE-2022-38025,2022-10-11,MEDIUM,5.5,LOCAL,LOW,False,unmitigable,,No documented mitigation that preserves current use; re-role or replace,,secure@microsoft.com,3.1,false,false,0.005890,0.461100
CVE-2022-38026,2022-10-11,MEDIUM,5.5,LOCAL,LOW,False,unmitigable,,No documented mitigation that preserves current use; re-role or replace,,secure@microsoft.com,3.1,false,false,0.005890,0.461090
CVE-2022-38027,2022-10-11,HIGH,7.0,LOCAL,LOW,False,unmitigable,,No documented mitigation that preserves current use; re-role or replace,,secure@microsoft.com,3.1,false,false,0.003920,0.308250
CVE-2022-38028,2022-10-11,HIGH,7.8,LOCAL,LOW,False,service_disable,spooler,Stop and disable the Print Spooler service on devices that do not print,Microsoft ADV / KB5005010,secure@microsoft.com,3.1,true,false,0.149490,0.966070
CVE-2022-38029,2022-10-11,HIGH,7.0,LOCAL,LOW,False,unmitigable,,No documented mitigation that preserves current use; re-role or replace,,secure@microsoft.com,3.1,false,false,0.006530,0.493430
CVE-2022-38030,2022-10-11,MEDIUM,4.3,PHYSICAL,LOW,False,unmitigable,,No documented mitigation that preserves current use; re-role or replace,,secure@microsoft.com,3.1,false,false,0.007300,0.525120
CVE-2022-38031,2022-10-11,HIGH,8.8,NETWORK,NONE,False,network_isolate,network,Segment to a restricted VLAN and block inbound access at the host firewall,,secure@microsoft.com,3.1,false,false,0.016410,0.754860
CVE-2022-38032,2022-10-11,MEDIUM,6.6,PHYSICAL,LOW,False,unmitigable,,No documented mitigation that preserves current use; re-role or replace,,nvd@nist.gov,3.1,false,false,0.006490,0.491500
CVE-2022-38033,2022-10-11,MEDIUM,6.5,NETWORK,LOW,False,unmitigable,,No documented mitigation that preserves current use; re-role or replace,,secure@microsoft.com,3.1,false,false,0.016990,0.763210
CVE-2022-38034,2022-10-11,HIGH,8.8,NETWORK,LOW,False,unmitigable,,No documented mitigation that preserves current use; re-role or replace,,nvd@nist.gov,3.1,false,false,0.031600,0.875140
CVE-2022-38036,2022-10-11,HIGH,7.5,NETWORK,NONE,False,network_isolate,network,Segment to a restricted VLAN and block inbound access at the host firewall,,secure@microsoft.com,3.1,false,false,0.022170,0.819940
CVE-2022-38037,2022-10-11,HIGH,7.8,LOCAL,LOW,False,unmitigable,,No documented mitigation that preserves current use; re-role or replace,,secure@microsoft.com,3.1,false,false,0.010050,0.615970
CVE-2022-38038,2022-10-11,HIGH,7.8,LOCAL,LOW,False,unmitigable,,No documented mitigation that preserves current use; re-role or replace,,secure@microsoft.com,3.1,false,false,0.010460,0.628470
CVE-2022-38039,2022-10-11,HIGH,7.8,LOCAL,LOW,False,unmitigable,,No documented mitigation that preserves current use; re-role or replace,,secure@microsoft.com,3.1,false,false,0.006290,0.481410
CVE-2022-38040,2022-10-11,HIGH,8.8,NETWORK,NONE,False,network_isolate,network,Segment to a restricted VLAN and block inbound access at the host firewall,,secure@microsoft.com,3.1,false,false,0.016410,0.754860
CVE-2022-38041,2022-10-11,HIGH,7.5,NETWORK,NONE,False,network_isolate,network,Segment to a restricted VLAN and block inbound access at the host firewall,,secure@microsoft.com,3.1,false,false,0.021710,0.816040
CVE-2022-38042,2022-10-11,HIGH,7.1,NETWORK,LOW,False,unmitigable,,No documented mitigation that preserves current use; re-role or replace,,nvd@nist.gov,3.1,false,false,0.014190,0.718080
CVE-2022-38043,2022-10-11,MEDIUM,5.5,LOCAL,LOW,False,unmitigable,,No documented mitigation that preserves current use; re-role or replace,,nvd@nist.gov,3.1,false,false,0.005890,0.461090
CVE-2022-38044,2022-10-11,HIGH,7.8,LOCAL,NONE,False,unmitigable,,No documented mitigation that preserves current use; re-role or replace,,secure@microsoft.com,3.1,false,false,0.562690,0.990250
CVE-2022-38045,2022-10-11,HIGH,8.8,NETWORK,LOW,False,unmitigable,,No documented mitigation that preserves current use; re-role or replace,,nvd@nist.gov,3.1,false,false,0.023140,0.827700
CVE-2022-38046,2022-10-11,HIGH,7.5,NETWORK,NONE,False,network_isolate,network,Segment to a restricted VLAN and block inbound access at the host firewall,,nvd@nist.gov,3.1,false,false,0.018990,0.789000
CVE-2022-38047,2022-10-11,HIGH,8.1,NETWORK,NONE,False,network_isolate,network,Segment to a restricted VLAN and block inbound access at the host firewall,,secure@microsoft.com,3.1,false,false,0.011750,0.663530
CVE-2022-38050,2022-10-11,HIGH,7.8,LOCAL,LOW,False,unmitigable,,No documented mitigation that preserves current use; re-role or replace,,secure@microsoft.com,3.1,false,false,0.073200,0.941900
CVE-2022-38051,2022-10-11,HIGH,7.8,LOCAL,LOW,False,unmitigable,,No documented mitigation that preserves current use; re-role or replace,,secure@microsoft.com,3.1,false,false,0.073200,0.941900
CVE-2022-40732,2024-12-18,HIGH,7.5,NETWORK,NONE,False,network_isolate,network,Segment to a restricted VLAN and block inbound access at the host firewall,,nvd@nist.gov,3.1,false,false,0.007660,0.537830
CVE-2022-40733,2024-12-18,MEDIUM,6.5,NETWORK,LOW,False,unmitigable,,No documented mitigation that preserves current use; re-role or replace,,nvd@nist.gov,3.1,false,false,0.008280,0.558850
CVE-2022-41033,2022-10-11,HIGH,7.8,LOCAL,LOW,False,unmitigable,,No documented mitigation that preserves current use; re-role or replace,,secure@microsoft.com,3.1,true,false,0.016960,0.762760
CVE-2022-41039,2022-11-09,HIGH,8.1,NETWORK,NONE,False,network_isolate,network,Segment to a restricted VLAN and block inbound access at the host firewall,,secure@microsoft.com,3.1,false,false,0.011190,0.648670
CVE-2022-41045,2022-11-09,HIGH,7.8,LOCAL,LOW,False,unmitigable,,No documented mitigation that preserves current use; re-role or replace,,secure@microsoft.com,3.1,false,false,0.003170,0.222910
CVE-2022-41047,2022-11-09,HIGH,8.8,NETWORK,NONE,False,network_isolate,network,Segment to a restricted VLAN and block inbound access at the host firewall,,secure@microsoft.com,3.1,false,false,0.015650,0.743580
CVE-2022-41048,2022-11-09,HIGH,8.8,NETWORK,NONE,False,network_isolate,network,Segment to a restricted VLAN and block inbound access at the host firewall,,secure@microsoft.com,3.1,false,false,0.015650,0.743580
CVE-2022-41049,2022-11-09,MEDIUM,5.4,NETWORK,NONE,False,network_isolate,network,Segment to a restricted VLAN and block inbound access at the host firewall,,secure@microsoft.com,3.1,true,false,0.024910,0.840600
CVE-2022-41050,2022-11-09,HIGH,7.8,LOCAL,LOW,False,unmitigable,,No documented mitigation that preserves current use; re-role or replace,,secure@microsoft.com,3.1,false,false,0.005470,0.437400
CVE-2022-41052,2022-11-09,HIGH,7.8,LOCAL,NONE,False,unmitigable,,No documented mitigation that preserves current use; re-role or replace,,secure@microsoft.com,3.1,false,false,0.008490,0.565630
CVE-2022-41053,2022-11-09,HIGH,7.5,NETWORK,NONE,False,network_isolate,network,Segment to a restricted VLAN and block inbound access at the host firewall,,secure@microsoft.com,3.1,false,false,0.020680,0.806840
CVE-2022-41054,2022-11-09,HIGH,7.8,LOCAL,LOW,False,unmitigable,,No documented mitigation that preserves current use; re-role or replace,,secure@microsoft.com,3.1,false,false,0.005230,0.421990
CVE-2022-41055,2022-11-09,MEDIUM,5.5,LOCAL,LOW,False,unmitigable,,No documented mitigation that preserves current use; re-role or replace,,secure@microsoft.com,3.1,false,false,0.005810,0.457100
CVE-2022-41056,2022-11-09,HIGH,7.5,NETWORK,NONE,False,network_isolate,network,Segment to a restricted VLAN and block inbound access at the host firewall,,secure@microsoft.com,3.1,false,false,0.020850,0.808510
CVE-2022-41057,2022-11-09,HIGH,7.8,LOCAL,LOW,False,service_disable,iis,Remove the IIS role from endpoints,Microsoft IIS guidance,secure@microsoft.com,3.1,false,false,0.011330,0.652010
CVE-2022-41058,2022-11-09,HIGH,7.5,NETWORK,NONE,False,network_isolate,network,Segment to a restricted VLAN and block inbound access at the host firewall,,secure@microsoft.com,3.1,false,false,0.020850,0.808500
CVE-2022-41064,2022-11-09,MEDIUM,5.8,ADJACENT_NETWORK,LOW,True,app_update,application,Update the affected application; it services independently of the OS,,secure@microsoft.com,3.1,false,false,0.007900,0.545710
CVE-2022-41073,2022-11-09,HIGH,7.8,LOCAL,LOW,False,service_disable,spooler,Stop and disable the Print Spooler service on devices that do not print,Microsoft ADV / KB5005010,secure@microsoft.com,3.1,true,true,0.022780,0.824790
CVE-2022-41074,2022-12-13,MEDIUM,5.5,LOCAL,LOW,False,unmitigable,,No documented mitigation that preserves current use; re-role or replace,,secure@microsoft.com,3.1,false,false,0.005430,0.434840
CVE-2022-41076,2022-12-13,HIGH,8.5,NETWORK,LOW,False,unmitigable,,No documented mitigation that preserves current use; re-role or replace,,nvd@nist.gov,3.1,false,false,0.605170,0.991190
CVE-2022-41077,2022-12-13,HIGH,7.8,LOCAL,LOW,False,service_disable,fax,Remove the Fax and Scan optional feature,Microsoft optional feature guidance,secure@microsoft.com,3.1,false,false,0.005340,0.429180
CVE-2022-41081,2022-10-11,HIGH,8.1,NETWORK,NONE,False,network_isolate,network,Segment to a restricted VLAN and block inbound access at the host firewall,,secure@microsoft.com,3.1,false,false,0.015590,0.742790
CVE-2022-41086,2022-11-09,MEDIUM,6.4,LOCAL,HIGH,False,unmitigable,,No documented mitigation that preserves current use; re-role or replace,,secure@microsoft.com,3.1,false,false,0.002670,0.170170
CVE-2022-41088,2022-11-09,HIGH,8.1,NETWORK,NONE,False,network_isolate,network,Segment to a restricted VLAN and block inbound access at the host firewall,,secure@microsoft.com,3.1,false,false,0.010130,0.618590
CVE-2022-41089,2022-12-13,HIGH,7.8,LOCAL,NONE,True,app_update,application,Update the affected application; it services independently of the OS,,nvd@nist.gov,3.1,false,false,0.011610,0.659680
CVE-2022-41090,2022-11-09,MEDIUM,5.9,NETWORK,NONE,False,network_isolate,network,Segment to a restricted VLAN and block inbound access at the host firewall,,secure@microsoft.com,3.1,false,false,0.010540,0.630820
CVE-2022-41091,2022-11-09,MEDIUM,5.4,NETWORK,NONE,False,network_isolate,network,Segment to a restricted VLAN and block inbound access at the host firewall,,secure@microsoft.com,3.1,true,true,0.018060,0.777480
CVE-2022-41092,2022-11-09,HIGH,7.8,LOCAL,LOW,False,unmitigable,,No documented mitigation that preserves current use; re-role or replace,,secure@microsoft.com,3.1,false,false,0.007280,0.524310
CVE-2022-41093,2022-11-09,HIGH,7.8,LOCAL,LOW,False,unmitigable,,No documented mitigation that preserves current use; re-role or replace,,secure@microsoft.com,3.1,false,false,0.003110,0.216040
CVE-2022-41094,2022-12-13,HIGH,7.8,LOCAL,LOW,False,service_disable,hyperv,Remove the Hyper-V role on endpoints that do not host VMs,Microsoft Hyper-V role guidance,secure@microsoft.com,3.1,false,false,0.005120,0.414280
CVE-2022-41095,2022-11-09,HIGH,7.8,LOCAL,LOW,False,unmitigable,,No documented mitigation that preserves current use; re-role or replace,,secure@microsoft.com,3.1,false,false,0.005190,0.419350
CVE-2022-41096,2022-11-09,HIGH,7.8,LOCAL,LOW,False,unmitigable,,No documented mitigation that preserves current use; re-role or replace,,secure@microsoft.com,3.1,false,false,0.006490,0.491310
CVE-2022-41097,2022-11-09,MEDIUM,6.5,NETWORK,LOW,False,unmitigable,,No documented mitigation that preserves current use; re-role or replace,,secure@microsoft.com,3.1,false,false,0.015910,0.747370
CVE-2022-41098,2022-11-09,MEDIUM,5.5,LOCAL,NONE,False,unmitigable,,No documented mitigation that preserves current use; re-role or replace,,nvd@nist.gov,3.1,false,false,0.007700,0.539410
CVE-2022-41099,2022-11-09,MEDIUM,4.6,PHYSICAL,NONE,False,unmitigable,,No documented mitigation that preserves current use; re-role or replace,,secure@microsoft.com,3.1,false,false,0.036070,0.890920
CVE-2022-41100,2022-11-09,HIGH,7.8,LOCAL,LOW,False,unmitigable,,No documented mitigation that preserves current use; re-role or replace,,secure@microsoft.com,3.1,false,false,0.003170,0.222920
CVE-2022-41101,2022-11-09,HIGH,7.8,LOCAL,LOW,False,unmitigable,,No documented mitigation that preserves current use; re-role or replace,,secure@microsoft.com,3.1,false,false,0.005380,0.431390
CVE-2022-41102,2022-11-09,HIGH,7.8,LOCAL,LOW,False,unmitigable,,No documented mitigation that preserves current use; re-role or replace,,secure@microsoft.com,3.1,false,false,0.005380,0.431380
CVE-2022-41109,2022-11-09,HIGH,7.8,LOCAL,LOW,False,unmitigable,,No documented mitigation that preserves current use; re-role or replace,,secure@microsoft.com,3.1,false,false,0.081190,0.946600
CVE-2022-41113,2022-11-09,HIGH,7.8,LOCAL,LOW,False,unmitigable,,No documented mitigation that preserves current use; re-role or replace,,secure@microsoft.com,3.1,false,false,0.087870,0.950170
CVE-2022-41114,2022-11-09,HIGH,7.0,LOCAL,LOW,False,unmitigable,,No documented mitigation that preserves current use; re-role or replace,,secure@microsoft.com,3.1,false,false,0.005340,0.429630
CVE-2022-41118,2022-11-09,HIGH,7.5,NETWORK,NONE,False,network_isolate,network,Segment to a restricted VLAN and block inbound access at the host firewall,,secure@microsoft.com,3.1,false,false,0.011590,0.658930
CVE-2022-41121,2022-12-13,HIGH,7.8,LOCAL,LOW,False,unmitigable,,No documented mitigation that preserves current use; re-role or replace,,nvd@nist.gov,3.1,false,false,0.010880,0.640370
CVE-2022-41125,2022-11-09,HIGH,7.8,LOCAL,LOW,False,unmitigable,,No documented mitigation that preserves current use; re-role or replace,,secure@microsoft.com,3.1,true,false,0.030460,0.870580
CVE-2022-41128,2022-11-09,HIGH,8.8,NETWORK,NONE,False,network_isolate,network,Segment to a restricted VLAN and block inbound access at the host firewall,,secure@microsoft.com,3.1,true,false,0.246230,0.978200
CVE-2022-42970,2023-02-01,CRITICAL,9.8,NETWORK,NONE,True,app_update,application,Update the affected application; it services independently of the OS,,nvd@nist.gov,3.1,false,false,0.007120,0.518140
CVE-2022-42971,2023-02-01,CRITICAL,9.8,NETWORK,NONE,True,app_update,application,Update the affected application; it services independently of the OS,,nvd@nist.gov,3.1,false,false,0.010710,0.635740
CVE-2022-42972,2023-02-01,HIGH,7.8,LOCAL,LOW,True,app_update,application,Update the affected application; it services independently of the OS,,nvd@nist.gov,3.1,false,false,0.001770,0.065700
CVE-2022-42973,2023-02-01,HIGH,7.8,LOCAL,LOW,True,app_update,application,Update the affected application; it services independently of the OS,,nvd@nist.gov,3.1,false,false,0.001630,0.049420
CVE-2022-44666,2022-12-13,HIGH,7.8,LOCAL,NONE,False,unmitigable,,No documented mitigation that preserves current use; re-role or replace,,secure@microsoft.com,3.1,false,false,0.413720,0.986320
CVE-2022-44667,2022-12-13,HIGH,7.8,LOCAL,NONE,False,unmitigable,,No documented mitigation that preserves current use; re-role or replace,,secure@microsoft.com,3.1,false,false,0.007900,0.545730
CVE-2022-44668,2022-12-13,HIGH,7.8,LOCAL,NONE,False,unmitigable,,No documented mitigation that preserves current use; re-role or replace,,secure@microsoft.com,3.1,false,false,0.007900,0.545730
CVE-2022-44669,2022-12-13,HIGH,7.0,LOCAL,LOW,False,unmitigable,,No documented mitigation that preserves current use; re-role or replace,,secure@microsoft.com,3.1,false,false,0.003090,0.213860
CVE-2022-44670,2022-12-13,HIGH,8.1,NETWORK,NONE,False,network_isolate,network,Segment to a restricted VLAN and block inbound access at the host firewall,,secure@microsoft.com,3.1,false,false,0.011580,0.658610
CVE-2022-44671,2022-12-13,HIGH,7.8,LOCAL,LOW,False,unmitigable,,No documented mitigation that preserves current use; re-role or replace,,secure@microsoft.com,3.1,false,false,0.006450,0.489670
CVE-2022-44674,2022-12-13,MEDIUM,5.5,LOCAL,LOW,False,service_disable,bluetooth,Disable the Bluetooth radio/stack by policy where unused,Microsoft Bluetooth hardening guidance,secure@microsoft.com,3.1,false,false,0.005430,0.434830
CVE-2022-44675,2022-12-13,HIGH,7.8,LOCAL,LOW,False,service_disable,bluetooth,Disable the Bluetooth radio/stack by policy where unused,Microsoft Bluetooth hardening guidance,secure@microsoft.com,3.1,false,false,0.049790,0.919320
CVE-2022-44676,2022-12-13,HIGH,8.1,NETWORK,NONE,False,network_isolate,network,Segment to a restricted VLAN and block inbound access at the host firewall,,secure@microsoft.com,3.1,false,false,0.010990,0.643760
CVE-2022-44677,2022-12-13,HIGH,7.8,LOCAL,LOW,False,unmitigable,,No documented mitigation that preserves current use; re-role or replace,,secure@microsoft.com,3.1,false,false,0.005080,0.411190
CVE-2022-44678,2022-12-13,HIGH,7.8,LOCAL,LOW,False,service_disable,spooler,Stop and disable the Print Spooler service on devices that do not print,Microsoft ADV / KB5005010,secure@microsoft.com,3.1,false,false,0.005460,0.436700
CVE-2022-44679,2022-12-13,MEDIUM,6.5,LOCAL,LOW,False,unmitigable,,No documented mitigation that preserves current use; re-role or replace,,secure@microsoft.com,3.1,false,false,0.005430,0.434830
CVE-2022-44680,2022-12-13,HIGH,7.8,LOCAL,LOW,False,unmitigable,,No documented mitigation that preserves current use; re-role or replace,,secure@microsoft.com,3.1,false,false,0.005080,0.411190
CVE-2022-44681,2022-12-13,HIGH,7.8,LOCAL,LOW,False,service_disable,spooler,Stop and disable the Print Spooler service on devices that do not print,Microsoft ADV / KB5005010,secure@microsoft.com,3.1,false,false,0.005350,0.429880
CVE-2022-44682,2022-12-13,MEDIUM,6.8,ADJACENT_NETWORK,LOW,False,service_disable,hyperv,Remove the Hyper-V role on endpoints that do not host VMs,Microsoft Hyper-V role guidance,secure@microsoft.com,3.1,false,false,0.007240,0.522750
CVE-2022-44683,2022-12-13,HIGH,7.8,LOCAL,LOW,False,unmitigable,,No documented mitigation that preserves current use; re-role or replace,,secure@microsoft.com,3.1,false,false,0.082040,0.947050
CVE-2022-44684,2023-12-20,MEDIUM,6.5,NETWORK,LOW,False,unmitigable,,No documented mitigation that preserves current use; re-role or replace,,secure@microsoft.com,3.1,false,false,0.015380,0.739170
CVE-2022-44687,2022-12-13,HIGH,7.8,LOCAL,NONE,True,app_update,application,Update the affected application; it services independently of the OS,,secure@microsoft.com,3.1,false,false,0.007900,0.545730
CVE-2022-44689,2022-12-13,HIGH,7.8,LOCAL,LOW,False,unmitigable,,No documented mitigation that preserves current use; re-role or replace,,nvd@nist.gov,3.1,false,false,0.004860,0.395540
CVE-2022-44697,2022-12-13,HIGH,7.8,LOCAL,LOW,False,unmitigable,,No documented mitigation that preserves current use; re-role or replace,,secure@microsoft.com,3.1,false,false,0.005330,0.428900
CVE-2022-44698,2022-12-13,MEDIUM,5.4,NETWORK,NONE,False,network_isolate,network,Segment to a restricted VLAN and block inbound access at the host firewall,,secure@microsoft.com,3.1,true,true,0.762670,0.995220
CVE-2022-44702,2022-12-13,HIGH,7.8,LOCAL,NONE,True,app_update,application,Update the affected application; it services independently of the OS,,nvd@nist.gov,3.1,false,false,0.014020,0.715050
CVE-2022-44707,2022-12-13,MEDIUM,6.5,NETWORK,LOW,False,unmitigable,,No documented mitigation that preserves current use; re-role or replace,,secure@microsoft.com,3.1,false,false,0.026130,0.848520
CVE-2022-44710,2022-12-13,HIGH,7.8,LOCAL,LOW,False,unmitigable,,No documented mitigation that preserves current use; re-role or replace,,secure@microsoft.com,3.1,false,false,0.006100,0.472370
CVE-2023-1017,2023-02-28,HIGH,7.8,LOCAL,LOW,False,unmitigable,,No documented mitigation that preserves current use; re-role or replace,,nvd@nist.gov,3.1,false,false,0.012860,0.690540
CVE-2023-1018,2023-02-28,MEDIUM,5.5,LOCAL,LOW,False,unmitigable,,No documented mitigation that preserves current use; re-role or replace,,nvd@nist.gov,3.1,false,false,0.055520,0.925880
CVE-2023-20560,2023-08-15,MEDIUM,4.4,LOCAL,HIGH,True,app_update,application,Update the affected application; it services independently of the OS,,nvd@nist.gov,3.1,false,false,0.002230,0.117030
CVE-2023-20564,2023-08-15,MEDIUM,6.7,LOCAL,HIGH,True,app_update,application,Update the affected application; it services independently of the OS,,nvd@nist.gov,3.1,false,false,0.003040,0.208660
CVE-2023-20569,2023-08-08,MEDIUM,4.7,LOCAL,LOW,False,unmitigable,,No documented mitigation that preserves current use; re-role or replace,,nvd@nist.gov,3.1,false,false,0.073020,0.941810
CVE-2023-20588,2023-08-08,MEDIUM,5.5,LOCAL,LOW,False,unmitigable,,No documented mitigation that preserves current use; re-role or replace,,nvd@nist.gov,3.1,false,false,0.111510,0.958160
CVE-2023-21525,2023-01-10,MEDIUM,5.3,NETWORK,LOW,False,unmitigable,,No documented mitigation that preserves current use; re-role or replace,,secure@microsoft.com,3.1,false,false,0.015080,0.734300
CVE-2023-21526,2023-07-11,HIGH,7.4,NETWORK,NONE,False,network_isolate,network,Segment to a restricted VLAN and block inbound access at the host firewall,,secure@microsoft.com,3.1,false,false,0.011250,0.650140
CVE-2023-21527,2023-01-10,HIGH,7.5,NETWORK,NONE,False,network_isolate,network,Segment to a restricted VLAN and block inbound access at the host firewall,,secure@microsoft.com,3.1,false,false,0.019780,0.797380
CVE-2023-21532,2023-01-10,HIGH,7.0,LOCAL,LOW,False,unmitigable,,No documented mitigation that preserves current use; re-role or replace,,secure@microsoft.com,3.1,false,false,0.004480,0.366090
CVE-2023-21535,2023-01-10,HIGH,8.1,NETWORK,NONE,False,network_isolate,network,Segment to a restricted VLAN and block inbound access at the host firewall,,secure@microsoft.com,3.1,false,false,0.010840,0.639470
CVE-2023-21536,2023-01-10,MEDIUM,4.7,LOCAL,LOW,False,unmitigable,,No documented mitigation that preserves current use; re-role or replace,,secure@microsoft.com,3.1,false,false,0.003960,0.313630
CVE-2023-21537,2023-01-10,HIGH,7.8,LOCAL,LOW,False,unmitigable,,No documented mitigation that preserves current use; re-role or replace,,secure@microsoft.com,3.1,false,false,0.005280,0.425170
CVE-2023-21539,2023-01-10,HIGH,7.5,NETWORK,LOW,False,unmitigable,,No documented mitigation that preserves current use; re-role or replace,,secure@microsoft.com,3.1,false,false,0.011630,0.660160
CVE-2023-21540,2023-01-10,MEDIUM,5.5,LOCAL,LOW,False,unmitigable,,No documented mitigation that preserves current use; re-role or replace,,nvd@nist.gov,3.1,false,false,0.005800,0.456110
CVE-2023-21541,2023-01-10,HIGH,7.8,LOCAL,LOW,False,unmitigable,,No documented mitigation that preserves current use; re-role or replace,,secure@microsoft.com,3.1,false,false,0.005620,0.446180
CVE-2023-21543,2023-01-10,HIGH,8.1,NETWORK,NONE,False,network_isolate,network,Segment to a restricted VLAN and block inbound access at the host firewall,,secure@microsoft.com,3.1,false,false,0.017230,0.766430
CVE-2023-21546,2023-01-10,HIGH,8.1,NETWORK,NONE,False,network_isolate,network,Segment to a restricted VLAN and block inbound access at the host firewall,,secure@microsoft.com,3.1,false,false,0.011030,0.644500
CVE-2023-21547,2023-01-10,HIGH,7.5,NETWORK,NONE,False,network_isolate,network,Segment to a restricted VLAN and block inbound access at the host firewall,,secure@microsoft.com,3.1,false,false,0.892760,0.997790
CVE-2023-21548,2023-01-10,HIGH,8.1,NETWORK,NONE,False,network_isolate,network,Segment to a restricted VLAN and block inbound access at the host firewall,,secure@microsoft.com,3.1,false,false,0.010840,0.639470
CVE-2023-21549,2023-01-10,HIGH,8.8,NETWORK,LOW,False,unmitigable,,No documented mitigation that preserves current use; re-role or replace,,secure@microsoft.com,3.1,false,false,0.014330,0.720770
CVE-2023-21550,2023-01-10,MEDIUM,5.5,LOCAL,LOW,False,unmitigable,,No documented mitigation that preserves current use; re-role or replace,,nvd@nist.gov,3.1,false,false,0.005800,0.456110
CVE-2023-21551,2023-01-10,HIGH,7.8,LOCAL,LOW,False,unmitigable,,No documented mitigation that preserves current use; re-role or replace,,nvd@nist.gov,3.1,false,false,0.004340,0.353390
CVE-2023-21552,2023-01-10,HIGH,7.8,LOCAL,LOW,False,unmitigable,,No documented mitigation that preserves current use; re-role or replace,,nvd@nist.gov,3.1,false,false,0.035370,0.888710
CVE-2023-21554,2023-04-11,CRITICAL,9.8,NETWORK,NONE,False,network_isolate,network,Segment to a restricted VLAN and block inbound access at the host firewall,,secure@microsoft.com,3.1,false,false,0.954540,0.998690
CVE-2023-21555,2023-01-10,HIGH,8.1,NETWORK,NONE,False,network_isolate,network,Segment to a restricted VLAN and block inbound access at the host firewall,,secure@microsoft.com,3.1,false,false,0.011030,0.644500
CVE-2023-21556,2023-01-10,HIGH,8.1,NETWORK,NONE,False,network_isolate,network,Segment to a restricted VLAN and block inbound access at the host firewall,,secure@microsoft.com,3.1,false,false,0.014640,0.726500
CVE-2023-21557,2023-01-10,CRITICAL,9.1,NETWORK,NONE,False,network_isolate,network,Segment to a restricted VLAN and block inbound access at the host firewall,,nvd@nist.gov,3.1,false,false,0.020260,0.802650
CVE-2023-21558,2023-01-10,HIGH,7.8,LOCAL,LOW,False,unmitigable,,No documented mitigation that preserves current use; re-role or replace,,secure@microsoft.com,3.1,false,false,0.004590,0.373930
CVE-2023-21559,2023-01-10,MEDIUM,5.5,LOCAL,LOW,False,unmitigable,,No documented mitigation that preserves current use; re-role or replace,,nvd@nist.gov,3.1,false,false,0.005800,0.456120
CVE-2023-21560,2023-01-10,MEDIUM,6.6,PHYSICAL,LOW,False,unmitigable,,No documented mitigation that preserves current use; re-role or replace,,secure@microsoft.com,3.1,false,false,0.011360,0.652900
CVE-2023-21561,2023-01-10,HIGH,7.8,LOCAL,LOW,False,unmitigable,,No documented mitigation that preserves current use; re-role or replace,,secure@microsoft.com,3.1,false,false,0.004340,0.353390
CVE-2023-21563,2023-01-10,MEDIUM,6.8,PHYSICAL,NONE,False,unmitigable,,No documented mitigation that preserves current use; re-role or replace,,nvd@nist.gov,3.1,false,false,0.015480,0.741010
CVE-2023-21674,2023-01-10,HIGH,8.8,LOCAL,LOW,False,unmitigable,,No documented mitigation that preserves current use; re-role or replace,,secure@microsoft.com,3.1,true,false,0.409870,0.986190
CVE-2023-21675,2023-01-10,HIGH,7.8,LOCAL,LOW,False,unmitigable,,No documented mitigation that preserves current use; re-role or replace,,secure@microsoft.com,3.1,false,false,0.008260,0.558380
CVE-2023-21676,2023-01-10,HIGH,8.8,NETWORK,LOW,False,unmitigable,,No documented mitigation that preserves current use; re-role or replace,,secure@microsoft.com,3.1,false,false,0.015090,0.734530
CVE-2023-21677,2023-01-10,HIGH,7.5,NETWORK,NONE,False,network_isolate,network,Segment to a restricted VLAN and block inbound access at the host firewall,,secure@microsoft.com,3.1,false,false,0.019780,0.797380
CVE-2023-21678,2023-01-10,HIGH,7.8,LOCAL,LOW,False,service_disable,spooler,Stop and disable the Print Spooler service on devices that do not print,Microsoft ADV / KB5005010,secure@microsoft.com,3.1,false,false,0.005800,0.456170
CVE-2023-21679,2023-01-10,HIGH,8.1,NETWORK,NONE,False,network_isolate,network,Segment to a restricted VLAN and block inbound access at the host firewall,,secure@microsoft.com,3.1,false,false,0.011030,0.644500
CVE-2023-21680,2023-01-10,HIGH,7.8,LOCAL,LOW,False,unmitigable,,No documented mitigation that preserves current use; re-role or replace,,secure@microsoft.com,3.1,false,false,0.004760,0.388200
CVE-2023-21681,2023-01-10,HIGH,8.8,NETWORK,NONE,False,network_isolate,network,Segment to a restricted VLAN and block inbound access at the host firewall,,secure@microsoft.com,3.1,false,false,0.013760,0.710000
CVE-2023-21682,2023-01-10,MEDIUM,5.3,NETWORK,NONE,False,network_isolate,network,Segment to a restricted VLAN and block inbound access at the host firewall,,secure@microsoft.com,3.1,false,false,0.013740,0.709700
CVE-2023-21683,2023-01-10,HIGH,7.5,NETWORK,NONE,False,network_isolate,network,Segment to a restricted VLAN and block inbound access at the host firewall,,secure@microsoft.com,3.1,false,false,0.019780,0.797380
CVE-2023-21684,2023-02-14,HIGH,8.8,NETWORK,LOW,False,unmitigable,,No documented mitigation that preserves current use; re-role or replace,,secure@microsoft.com,3.1,false,false,0.012890,0.691230
CVE-2023-21685,2023-02-14,HIGH,8.8,NETWORK,NONE,False,network_isolate,network,Segment to a restricted VLAN and block inbound access at the host firewall,,secure@microsoft.com,3.1,false,false,0.012060,0.671800
CVE-2023-21686,2023-02-14,HIGH,8.8,NETWORK,NONE,False,network_isolate,network,Segment to a restricted VLAN and block inbound access at the host firewall,,secure@microsoft.com,3.1,false,false,0.011500,0.656670
CVE-2023-21687,2023-02-14,MEDIUM,5.5,LOCAL,LOW,False,service_disable,iis,Remove the IIS role from endpoints,Microsoft IIS guidance,secure@microsoft.com,3.1,false,false,0.004650,0.378660
CVE-2023-21688,2023-02-14,HIGH,7.8,LOCAL,LOW,False,unmitigable,,No documented mitigation that preserves current use; re-role or replace,,secure@microsoft.com,3.1,false,false,0.036030,0.890810
CVE-2023-21689,2023-02-14,CRITICAL,9.8,NETWORK,NONE,False,network_isolate,network,Segment to a restricted VLAN and block inbound access at the host firewall,,secure@microsoft.com,3.1,false,false,0.265040,0.979520
CVE-2023-21690,2023-02-14,CRITICAL,9.8,NETWORK,NONE,False,network_isolate,network,Segment to a restricted VLAN and block inbound access at the host firewall,,secure@microsoft.com,3.1,false,false,0.275330,0.980180
CVE-2023-21691,2023-02-14,HIGH,7.5,NETWORK,NONE,False,network_isolate,network,Segment to a restricted VLAN and block inbound access at the host firewall,,secure@microsoft.com,3.1,false,false,0.014250,0.719130
CVE-2023-21692,2023-02-14,CRITICAL,9.8,NETWORK,NONE,False,network_isolate,network,Segment to a restricted VLAN and block inbound access at the host firewall,,secure@microsoft.com,3.1,false,false,0.212390,0.975250
CVE-2023-21693,2023-02-14,MEDIUM,5.7,NETWORK,LOW,False,unmitigable,,No documented mitigation that preserves current use; re-role or replace,,secure@microsoft.com,3.1,false,false,0.013810,0.710970
CVE-2023-21694,2023-02-14,MEDIUM,6.8,ADJACENT_NETWORK,HIGH,False,service_disable,fax,Remove the Fax and Scan optional feature,Microsoft optional feature guidance,secure@microsoft.com,3.1,false,false,0.005580,0.443860
CVE-2023-21695,2023-02-14,HIGH,8.8,NETWORK,LOW,False,unmitigable,,No documented mitigation that preserves current use; re-role or replace,,nvd@nist.gov,3.1,false,false,0.010480,0.628880
CVE-2023-21700,2023-02-14,HIGH,7.5,NETWORK,NONE,False,network_isolate,network,Segment to a restricted VLAN and block inbound access at the host firewall,,secure@microsoft.com,3.1,false,false,0.016540,0.756710
CVE-2023-21701,2023-02-14,HIGH,7.5,NETWORK,NONE,False,network_isolate,network,Segment to a restricted VLAN and block inbound access at the host firewall,,secure@microsoft.com,3.1,false,false,0.016540,0.756700
CVE-2023-21702,2023-02-14,HIGH,7.5,NETWORK,NONE,False,network_isolate,network,Segment to a restricted VLAN and block inbound access at the host firewall,,secure@microsoft.com,3.1,false,false,0.016540,0.756700
CVE-2023-21708,2023-03-14,CRITICAL,9.8,NETWORK,NONE,False,network_isolate,network,Segment to a restricted VLAN and block inbound access at the host firewall,,secure@microsoft.com,3.1,false,false,0.014860,0.730480
CVE-2023-21712,2023-04-27,HIGH,8.1,NETWORK,NONE,False,network_isolate,network,Segment to a restricted VLAN and block inbound access at the host firewall,,secure@microsoft.com,3.1,false,false,0.009930,0.611750
CVE-2023-21722,2023-02-14,MEDIUM,5.0,LOCAL,LOW,True,app_update,application,Update the affected application; it services independently of the OS,,nvd@nist.gov,3.1,false,false,0.009170,0.587040
CVE-2023-21724,2023-01-10,HIGH,7.8,LOCAL,LOW,False,unmitigable,,No documented mitigation that preserves current use; re-role or replace,,secure@microsoft.com,3.1,false,false,0.004980,0.404010
CVE-2023-21726,2023-01-10,HIGH,7.8,LOCAL,LOW,False,unmitigable,,No documented mitigation that preserves current use; re-role or replace,,secure@microsoft.com,3.1,false,false,0.004810,0.391270
CVE-2023-21727,2023-04-11,HIGH,8.8,NETWORK,LOW,False,unmitigable,,No documented mitigation that preserves current use; re-role or replace,,secure@microsoft.com,3.1,false,false,0.016400,0.754690
CVE-2023-21728,2023-01-10,HIGH,7.5,NETWORK,NONE,False,network_isolate,network,Segment to a restricted VLAN and block inbound access at the host firewall,,secure@microsoft.com,3.1,false,false,0.019780,0.797380
CVE-2023-21729,2023-04-11,MEDIUM,5.3,NETWORK,NONE,False,network_isolate,network,Segment to a restricted VLAN and block inbound access at the host firewall,,nvd@nist.gov,3.1,false,false,0.013480,0.704190
CVE-2023-21730,2023-01-10,HIGH,7.8,LOCAL,LOW,False,unmitigable,,No documented mitigation that preserves current use; re-role or replace,,secure@microsoft.com,3.1,false,false,0.005210,0.420300
CVE-2023-21732,2023-01-10,HIGH,8.8,NETWORK,NONE,False,network_isolate,network,Segment to a restricted VLAN and block inbound access at the host firewall,,secure@microsoft.com,3.1,false,false,0.013760,0.710010
CVE-2023-21733,2023-01-10,HIGH,7.0,LOCAL,LOW,False,unmitigable,,No documented mitigation that preserves current use; re-role or replace,,secure@microsoft.com,3.1,false,false,0.002870,0.191340
CVE-2023-21739,2023-01-10,HIGH,7.0,LOCAL,LOW,False,service_disable,bluetooth,Disable the Bluetooth radio/stack by policy where unused,Microsoft Bluetooth hardening guidance,nvd@nist.gov,3.1,false,false,0.005640,0.447920
CVE-2023-21740,2023-12-12,HIGH,7.8,LOCAL,NONE,False,unmitigable,,No documented mitigation that preserves current use; re-role or replace,,secure@microsoft.com,3.1,false,false,0.010850,0.639750
CVE-2023-21746,2023-01-10,HIGH,7.8,LOCAL,LOW,False,unmitigable,,No documented mitigation that preserves current use; re-role or replace,,secure@microsoft.com,3.1,false,false,0.025370,0.843730
CVE-2023-21747,2023-01-10,HIGH,7.8,LOCAL,LOW,False,unmitigable,,No documented mitigation that preserves current use; re-role or replace,,secure@microsoft.com,3.1,false,false,0.008330,0.560500
CVE-2023-21748,2023-01-10,HIGH,7.8,LOCAL,LOW,False,unmitigable,,No documented mitigation that preserves current use; re-role or replace,,secure@microsoft.com,3.1,false,false,0.008260,0.558370
CVE-2023-21749,2023-01-10,HIGH,7.8,LOCAL,LOW,False,unmitigable,,No documented mitigation that preserves current use; re-role or replace,,secure@microsoft.com,3.1,false,false,0.008060,0.551420
CVE-2023-21750,2023-01-10,HIGH,7.1,LOCAL,LOW,False,unmitigable,,No documented mitigation that preserves current use; re-role or replace,,secure@microsoft.com,3.1,false,false,0.007120,0.518190
CVE-2023-21752,2023-01-10,HIGH,7.1,LOCAL,LOW,False,unmitigable,,No documented mitigation that preserves current use; re-role or replace,,secure@microsoft.com,3.1,false,false,0.053270,0.923490
CVE-2023-21754,2023-01-10,HIGH,7.8,LOCAL,LOW,False,unmitigable,,No documented mitigation that preserves current use; re-role or replace,,secure@microsoft.com,3.1,false,false,0.004590,0.373930
CVE-2023-21755,2023-01-10,HIGH,7.8,LOCAL,LOW,False,unmitigable,,No documented mitigation that preserves current use; re-role or replace,,secure@microsoft.com,3.1,false,false,0.004940,0.400630
CVE-2023-21756,2023-07-11,HIGH,7.8,LOCAL,LOW,False,unmitigable,,No documented mitigation that preserves current use; re-role or replace,,nvd@nist.gov,3.1,false,false,0.004280,0.346330
CVE-2023-21757,2023-01-10,HIGH,7.5,NETWORK,NONE,False,network_isolate,network,Segment to a restricted VLAN and block inbound access at the host firewall,,secure@microsoft.com,3.1,false,false,0.020080,0.800940
CVE-2023-21758,2023-01-10,HIGH,7.5,NETWORK,NONE,False,network_isolate,network,Segment to a restricted VLAN and block inbound access at the host firewall,,secure@microsoft.com,3.1,false,false,0.925290,0.998250
CVE-2023-21759,2023-01-10,LOW,3.3,LOCAL,LOW,False,unmitigable,,No documented mitigation that preserves current use; re-role or replace,,secure@microsoft.com,3.1,false,false,0.005910,0.462410
CVE-2023-21760,2023-01-10,HIGH,7.1,LOCAL,LOW,False,service_disable,spooler,Stop and disable the Print Spooler service on devices that do not print,Microsoft ADV / KB5005010,secure@microsoft.com,3.1,false,false,0.005340,0.429340
CVE-2023-21765,2023-01-10,HIGH,7.8,LOCAL,LOW,False,service_disable,spooler,Stop and disable the Print Spooler service on devices that do not print,Microsoft ADV / KB5005010,secure@microsoft.com,3.1,false,false,0.004660,0.379310
CVE-2023-21766,2023-01-10,MEDIUM,4.7,LOCAL,LOW,False,unmitigable,,No documented mitigation that preserves current use; re-role or replace,,secure@microsoft.com,3.1,false,false,0.008730,0.573590
CVE-2023-21767,2023-01-10,HIGH,7.8,LOCAL,LOW,False,unmitigable,,No documented mitigation that preserves current use; re-role or replace,,secure@microsoft.com,3.1,false,false,0.004590,0.373930
CVE-2023-21768,2023-01-10,HIGH,7.8,LOCAL,LOW,False,unmitigable,,No documented mitigation that preserves current use; re-role or replace,,secure@microsoft.com,3.1,false,false,0.654170,0.992390
CVE-2023-21769,2023-04-11,HIGH,7.5,NETWORK,NONE,False,network_isolate,network,Segment to a restricted VLAN and block inbound access at the host firewall,,secure@microsoft.com,3.1,false,false,0.886730,0.997730
CVE-2023-21771,2023-01-10,HIGH,7.0,LOCAL,LOW,False,unmitigable,,No documented mitigation that preserves current use; re-role or replace,,secure@microsoft.com,3.1,false,false,0.003970,0.314550
CVE-2023-21772,2023-01-10,HIGH,7.8,LOCAL,LOW,False,unmitigable,,No documented mitigation that preserves current use; re-role or replace,,secure@microsoft.com,3.1,false,false,0.007200,0.521330
CVE-2023-21773,2023-01-10,HIGH,7.8,LOCAL,LOW,False,unmitigable,,No documented mitigation that preserves current use; re-role or replace,,secure@microsoft.com,3.1,false,false,0.007020,0.514410
CVE-2023-21774,2023-01-10,HIGH,7.8,LOCAL,LOW,False,unmitigable,,No documented mitigation that preserves current use; re-role or replace,,secure@microsoft.com,3.1,false,false,0.007200,0.521330
CVE-2023-21776,2023-01-10,MEDIUM,5.5,LOCAL,LOW,False,unmitigable,,No documented mitigation that preserves current use; re-role or replace,,secure@microsoft.com,3.1,false,false,0.010120,0.618180
CVE-2023-21797,2023-02-14,HIGH,8.8,NETWORK,NONE,False,network_isolate,network,Segment to a restricted VLAN and block inbound access at the host firewall,,secure@microsoft.com,3.1,false,false,0.011880,0.667270
CVE-2023-21798,2023-02-14,HIGH,8.8,NETWORK,NONE,False,network_isolate,network,Segment to a restricted VLAN and block inbound access at the host firewall,,secure@microsoft.com,3.1,false,false,0.011880,0.667270
CVE-2023-21799,2023-02-14,HIGH,8.8,NETWORK,NONE,False,network_isolate,network,Segment to a restricted VLAN and block inbound access at the host firewall,,secure@microsoft.com,3.1,false,false,0.011880,0.667270
CVE-2023-21801,2023-02-14,HIGH,7.8,LOCAL,LOW,False,unmitigable,,No documented mitigation that preserves current use; re-role or replace,,secure@microsoft.com,3.1,false,false,0.004060,0.324300
CVE-2023-21802,2023-02-14,HIGH,7.8,LOCAL,NONE,False,unmitigable,,No documented mitigation that preserves current use; re-role or replace,,secure@microsoft.com,3.1,false,false,0.006420,0.488070
CVE-2023-21804,2023-02-14,HIGH,7.8,LOCAL,LOW,False,unmitigable,,No documented mitigation that preserves current use; re-role or replace,,secure@microsoft.com,3.1,false,false,0.004220,0.341260
CVE-2023-21805,2023-02-14,HIGH,7.8,LOCAL,NONE,False,service_disable,ie,Disable Internet Explorer / MSHTML rendering and set Edge as the only browser,Microsoft IE retirement + ADV guidance,secure@microsoft.com,3.1,false,false,0.007370,0.527650
CVE-2023-21808,2023-02-14,HIGH,7.8,LOCAL,NONE,True,app_update,application,Update the affected application; it services independently of the OS,,secure@microsoft.com,3.1,false,false,0.011480,0.655630
CVE-2023-21811,2023-02-14,HIGH,7.5,NETWORK,NONE,False,network_isolate,network,Segment to a restricted VLAN and block inbound access at the host firewall,,secure@microsoft.com,3.1,false,false,0.016540,0.756700
CVE-2023-21812,2023-02-14,HIGH,7.8,LOCAL,LOW,False,unmitigable,,No documented mitigation that preserves current use; re-role or replace,,secure@microsoft.com,3.1,false,false,0.032960,0.880830
CVE-2023-21813,2023-02-14,HIGH,7.5,NETWORK,NONE,False,network_isolate,network,Segment to a restricted VLAN and block inbound access at the host firewall,,secure@microsoft.com,3.1,false,false,0.016540,0.756690
CVE-2023-21816,2023-02-14,HIGH,7.5,NETWORK,NONE,False,network_isolate,network,Segment to a restricted VLAN and block inbound access at the host firewall,,secure@microsoft.com,3.1,false,false,0.017350,0.767990
CVE-2023-21817,2023-02-14,HIGH,7.8,LOCAL,LOW,False,unmitigable,,No documented mitigation that preserves current use; re-role or replace,,secure@microsoft.com,3.1,false,false,0.007840,0.543800
CVE-2023-21818,2023-02-14,HIGH,7.5,NETWORK,NONE,False,network_isolate,network,Segment to a restricted VLAN and block inbound access at the host firewall,,secure@microsoft.com,3.1,false,false,0.431720,0.986840
CVE-2023-21819,2023-02-14,HIGH,7.5,NETWORK,NONE,False,network_isolate,network,Segment to a restricted VLAN and block inbound access at the host firewall,,secure@microsoft.com,3.1,false,false,0.308060,0.981990
CVE-2023-21820,2023-02-14,HIGH,7.4,ADJACENT_NETWORK,LOW,False,unmitigable,,No documented mitigation that preserves current use; re-role or replace,,secure@microsoft.com,3.1,false,false,0.006320,0.483490
CVE-2023-21822,2023-02-14,HIGH,7.8,LOCAL,LOW,False,unmitigable,,No documented mitigation that preserves current use; re-role or replace,,secure@microsoft.com,3.1,false,false,0.007640,0.537170
CVE-2023-21823,2023-02-14,HIGH,7.8,LOCAL,LOW,False,unmitigable,,No documented mitigation that preserves current use; re-role or replace,,secure@microsoft.com,3.1,true,false,0.055630,0.926020
CVE-2023-23376,2023-02-14,HIGH,7.8,LOCAL,LOW,False,unmitigable,,No documented mitigation that preserves current use; re-role or replace,,secure@microsoft.com,3.1,true,true,0.108530,0.957240
CVE-2023-23385,2023-03-14,HIGH,7.0,LOCAL,LOW,False,unmitigable,,No documented mitigation that preserves current use; re-role or replace,,secure@microsoft.com,3.1,false,false,0.003270,0.233480
CVE-2023-23388,2023-03-14,HIGH,8.8,LOCAL,LOW,False,service_disable,bluetooth,Disable the Bluetooth radio/stack by policy where unused,Microsoft Bluetooth hardening guidance,secure@microsoft.com,3.1,false,false,0.015680,0.744020
CVE-2023-23392,2023-03-14,CRITICAL,9.8,NETWORK,NONE,False,network_isolate,network,Segment to a restricted VLAN and block inbound access at the host firewall,,secure@microsoft.com,3.1,false,false,0.016720,0.759370
CVE-2023-23393,2023-03-14,HIGH,7.0,LOCAL,LOW,False,unmitigable,,No documented mitigation that preserves current use; re-role or replace,,secure@microsoft.com,3.1,false,false,0.002460,0.142940
CVE-2023-23394,2023-03-14,MEDIUM,5.5,LOCAL,LOW,False,unmitigable,,No documented mitigation that preserves current use; re-role or replace,,secure@microsoft.com,3.1,false,false,0.004650,0.378660
CVE-2023-23401,2023-03-14,HIGH,7.8,LOCAL,NONE,False,unmitigable,,No documented mitigation that preserves current use; re-role or replace,,secure@microsoft.com,3.1,false,false,0.005980,0.466160
CVE-2023-23402,2023-03-14,HIGH,7.8,LOCAL,NONE,False,unmitigable,,No documented mitigation that preserves current use; re-role or replace,,secure@microsoft.com,3.1,false,false,0.005980,0.466160
CVE-2023-23403,2023-03-14,HIGH,8.8,NETWORK,LOW,False,unmitigable,,No documented mitigation that preserves current use; re-role or replace,,secure@microsoft.com,3.1,false,false,0.012890,0.691230
CVE-2023-23404,2023-03-14,HIGH,8.1,NETWORK,NONE,False,network_isolate,network,Segment to a restricted VLAN and block inbound access at the host firewall,,secure@microsoft.com,3.1,false,false,0.008340,0.560700
CVE-2023-23405,2023-03-14,HIGH,8.1,NETWORK,NONE,False,network_isolate,network,Segment to a restricted VLAN and block inbound access at the host firewall,,secure@microsoft.com,3.1,false,false,0.010020,0.614810
CVE-2023-23406,2023-03-14,HIGH,8.8,NETWORK,LOW,False,unmitigable,,No documented mitigation that preserves current use; re-role or replace,,secure@microsoft.com,3.1,false,false,0.012890,0.691230
CVE-2023-23407,2023-03-14,HIGH,7.1,ADJACENT_NETWORK,NONE,False,network_isolate,network,Segment to a restricted VLAN and block inbound access at the host firewall,,secure@microsoft.com,3.1,false,false,0.003940,0.311490
CVE-2023-23409,2023-03-14,MEDIUM,5.5,LOCAL,LOW,False,unmitigable,,No documented mitigation that preserves current use; re-role or replace,,secure@microsoft.com,3.1,false,false,0.004650,0.378660
CVE-2023-23410,2023-03-14,HIGH,7.8,LOCAL,LOW,False,service_disable,iis,Remove the IIS role from endpoints,Microsoft IIS guidance,secure@microsoft.com,3.1,false,false,0.079500,0.945620
CVE-2023-23411,2023-03-14,MEDIUM,6.5,LOCAL,LOW,False,service_disable,hyperv,Remove the Hyper-V role on endpoints that do not host VMs,Microsoft Hyper-V role guidance,secure@microsoft.com,3.1,false,false,0.005800,0.456080
CVE-2023-23413,2023-03-14,HIGH,8.8,NETWORK,LOW,False,unmitigable,,No documented mitigation that preserves current use; re-role or replace,,nvd@nist.gov,3.1,false,false,0.012890,0.691220
CVE-2023-23414,2023-03-14,HIGH,7.1,ADJACENT_NETWORK,NONE,False,network_isolate,network,Segment to a restricted VLAN and block inbound access at the host firewall,,secure@microsoft.com,3.1,false,false,0.003940,0.311480
CVE-2023-23415,2023-03-14,CRITICAL,9.8,NETWORK,NONE,False,network_isolate,network,Segment to a restricted VLAN and block inbound access at the host firewall,,secure@microsoft.com,3.1,false,false,0.034790,0.886980
CVE-2023-23416,2023-03-14,HIGH,7.8,LOCAL,LOW,False,unmitigable,,No documented mitigation that preserves current use; re-role or replace,,nvd@nist.gov,3.1,false,false,0.075810,0.943440
CVE-2023-23417,2023-03-14,HIGH,7.8,LOCAL,LOW,False,unmitigable,,No documented mitigation that preserves current use; re-role or replace,,secure@microsoft.com,3.1,false,false,0.003930,0.310250
CVE-2023-23418,2023-03-14,HIGH,7.8,LOCAL,LOW,False,unmitigable,,No documented mitigation that preserves current use; re-role or replace,,secure@microsoft.com,3.1,false,false,0.003930,0.310260
CVE-2023-23419,2023-03-14,HIGH,7.8,LOCAL,LOW,False,unmitigable,,No documented mitigation that preserves current use; re-role or replace,,secure@microsoft.com,3.1,false,false,0.003930,0.310250
CVE-2023-23420,2023-03-14,HIGH,7.8,LOCAL,LOW,False,unmitigable,,No documented mitigation that preserves current use; re-role or replace,,secure@microsoft.com,3.1,false,false,0.007490,0.531680
CVE-2023-23421,2023-03-14,HIGH,7.8,LOCAL,LOW,False,unmitigable,,No documented mitigation that preserves current use; re-role or replace,,secure@microsoft.com,3.1,false,false,0.006740,0.503110
CVE-2023-23422,2023-03-14,HIGH,7.8,LOCAL,LOW,False,unmitigable,,No documented mitigation that preserves current use; re-role or replace,,secure@microsoft.com,3.1,false,false,0.005960,0.464840
CVE-2023-23423,2023-03-14,HIGH,7.8,LOCAL,LOW,False,unmitigable,,No documented mitigation that preserves current use; re-role or replace,,secure@microsoft.com,3.1,false,false,0.005960,0.464830
CVE-2023-24023,2023-11-28,MEDIUM,6.8,ADJACENT_NETWORK,NONE,False,service_disable,bluetooth,Disable the Bluetooth radio/stack by policy where unused,Microsoft Bluetooth hardening guidance,nvd@nist.gov,3.1,false,false,0.012970,0.693070
CVE-2023-24856,2023-03-14,HIGH,7.5,NETWORK,NONE,False,network_isolate,network,Segment to a restricted VLAN and block inbound access at the host firewall,,nvd@nist.gov,3.1,false,false,0.014950,0.731870
CVE-2023-24857,2023-03-14,MEDIUM,6.5,NETWORK,LOW,False,unmitigable,,No documented mitigation that preserves current use; re-role or replace,,nvd@nist.gov,3.1,false,false,0.014610,0.726000
CVE-2023-24858,2023-03-14,HIGH,7.5,NETWORK,NONE,False,network_isolate,network,Segment to a restricted VLAN and block inbound access at the host firewall,,nvd@nist.gov,3.1,false,false,0.014250,0.719130
CVE-2023-24859,2023-03-14,HIGH,7.5,NETWORK,NONE,False,network_isolate,network,Segment to a restricted VLAN and block inbound access at the host firewall,,secure@microsoft.com,3.1,false,false,0.016540,0.756710
CVE-2023-24861,2023-03-14,HIGH,7.0,LOCAL,LOW,False,unmitigable,,No documented mitigation that preserves current use; re-role or replace,,secure@microsoft.com,3.1,false,false,0.002730,0.177470
CVE-2023-24862,2023-03-14,MEDIUM,5.5,LOCAL,LOW,False,unmitigable,,No documented mitigation that preserves current use; re-role or replace,,secure@microsoft.com,3.1,false,false,0.004970,0.403140
CVE-2023-24863,2023-03-14,MEDIUM,6.5,NETWORK,LOW,False,unmitigable,,No documented mitigation that preserves current use; re-role or replace,,secure@microsoft.com,3.1,false,false,0.014610,0.726000
CVE-2023-24864,2023-03-14,HIGH,8.8,NETWORK,LOW,False,unmitigable,,No documented mitigation that preserves current use; re-role or replace,,secure@microsoft.com,3.1,false,false,0.012890,0.691210
CVE-2023-24865,2023-03-14,MEDIUM,6.5,NETWORK,LOW,False,unmitigable,,No documented mitigation that preserves current use; re-role or replace,,secure@microsoft.com,3.1,false,false,0.015320,0.738330
CVE-2023-24866,2023-03-14,MEDIUM,6.5,NETWORK,LOW,False,unmitigable,,No documented mitigation that preserves current use; re-role or replace,,secure@microsoft.com,3.1,false,false,0.015320,0.738330
CVE-2023-24867,2023-03-14,HIGH,8.8,NETWORK,LOW,False,unmitigable,,No documented mitigation that preserves current use; re-role or replace,,secure@microsoft.com,3.1,false,false,0.012890,0.691230
CVE-2023-24868,2023-03-14,HIGH,8.8,NETWORK,LOW,False,unmitigable,,No documented mitigation that preserves current use; re-role or replace,,secure@microsoft.com,3.1,false,false,0.012890,0.691210
CVE-2023-24869,2023-03-14,HIGH,8.1,NETWORK,NONE,False,network_isolate,network,Segment to a restricted VLAN and block inbound access at the host firewall,,secure@microsoft.com,3.1,false,false,0.010020,0.614810
CVE-2023-24870,2023-03-14,MEDIUM,6.5,NETWORK,LOW,False,unmitigable,,No documented mitigation that preserves current use; re-role or replace,,secure@microsoft.com,3.1,false,false,0.014610,0.726000
CVE-2023-24871,2023-03-14,HIGH,8.8,ADJACENT_NETWORK,NONE,False,service_disable,bluetooth,Disable the Bluetooth radio/stack by policy where unused,Microsoft Bluetooth hardening guidance,secure@microsoft.com,3.1,false,false,0.032170,0.877580
CVE-2023-24872,2023-03-14,HIGH,8.8,NETWORK,LOW,False,unmitigable,,No documented mitigation that preserves current use; re-role or replace,,secure@microsoft.com,3.1,false,false,0.012890,0.691220
CVE-2023-24876,2023-03-14,HIGH,8.8,NETWORK,LOW,False,unmitigable,,No documented mitigation that preserves current use; re-role or replace,,secure@microsoft.com,3.1,false,false,0.014010,0.714860
CVE-2023-24880,2023-03-14,MEDIUM,4.4,LOCAL,NONE,False,unmitigable,,No documented mitigation that preserves current use; re-role or replace,,nvd@nist.gov,3.1,true,true,0.780050,0.995620
CVE-2023-24883,2023-04-11,MEDIUM,6.5,NETWORK,LOW,False,unmitigable,,No documented mitigation that preserves current use; re-role or replace,,nvd@nist.gov,3.1,false,false,0.014610,0.726000
CVE-2023-24884,2023-04-11,HIGH,8.8,NETWORK,LOW,False,unmitigable,,No documented mitigation that preserves current use; re-role or replace,,secure@microsoft.com,3.1,false,false,0.016400,0.754690
CVE-2023-24885,2023-04-11,HIGH,8.8,NETWORK,LOW,False,unmitigable,,No documented mitigation that preserves current use; re-role or replace,,nvd@nist.gov,3.1,false,false,0.016400,0.754710
CVE-2023-24886,2023-04-11,HIGH,8.8,NETWORK,LOW,False,unmitigable,,No documented mitigation that preserves current use; re-role or replace,,secure@microsoft.com,3.1,false,false,0.016400,0.754690
CVE-2023-24887,2023-04-11,HIGH,8.8,NETWORK,LOW,False,unmitigable,,No documented mitigation that preserves current use; re-role or replace,,secure@microsoft.com,3.1,false,false,0.016400,0.754700
CVE-2023-24895,2023-06-14,HIGH,7.8,LOCAL,NONE,True,app_update,application,Update the affected application; it services independently of the OS,,secure@microsoft.com,3.1,false,false,0.010580,0.631680
CVE-2023-24897,2023-06-14,HIGH,7.8,LOCAL,NONE,True,app_update,application,Update the affected application; it services independently of the OS,,secure@microsoft.com,3.1,false,false,0.011840,0.666200
CVE-2023-24899,2023-05-09,HIGH,7.0,LOCAL,LOW,False,unmitigable,,No documented mitigation that preserves current use; re-role or replace,,secure@microsoft.com,3.1,false,false,0.003390,0.249360
CVE-2023-24900,2023-05-09,MEDIUM,5.9,NETWORK,NONE,False,network_isolate,network,Segment to a restricted VLAN and block inbound access at the host firewall,,secure@microsoft.com,3.1,false,false,0.012320,0.678480
CVE-2023-24901,2023-05-09,HIGH,7.5,NETWORK,NONE,False,network_isolate,network,Segment to a restricted VLAN and block inbound access at the host firewall,,secure@microsoft.com,3.1,false,false,0.015900,0.747260
CVE-2023-24902,2023-05-09,HIGH,7.8,LOCAL,LOW,False,unmitigable,,No documented mitigation that preserves current use; re-role or replace,,secure@microsoft.com,3.1,false,false,0.050920,0.920810
CVE-2023-24903,2023-05-09,HIGH,8.1,NETWORK,NONE,False,network_isolate,network,Segment to a restricted VLAN and block inbound access at the host firewall,,secure@microsoft.com,3.1,false,false,0.009240,0.589240
CVE-2023-24905,2023-05-09,HIGH,7.8,LOCAL,NONE,False,service_disable,rdp,"Disable Remote Desktop, or require Network Level Authentication and gate by firewall",Microsoft CVE-2019-0708 guidance,secure@microsoft.com,3.1,false,false,0.006680,0.500210
CVE-2023-24906,2023-03-14,MEDIUM,6.5,NETWORK,LOW,False,unmitigable,,No documented mitigation that preserves current use; re-role or replace,,secure@microsoft.com,3.1,false,false,0.014610,0.725990
CVE-2023-24907,2023-03-14,HIGH,8.8,NETWORK,LOW,False,unmitigable,,No documented mitigation that preserves current use; re-role or replace,,secure@microsoft.com,3.1,false,false,0.012890,0.691210
CVE-2023-24908,2023-03-14,HIGH,8.1,NETWORK,NONE,False,network_isolate,network,Segment to a restricted VLAN and block inbound access at the host firewall,,secure@microsoft.com,3.1,false,false,0.010020,0.614810
CVE-2023-24909,2023-03-14,HIGH,8.8,NETWORK,LOW,False,unmitigable,,No documented mitigation that preserves current use; re-role or replace,,secure@microsoft.com,3.1,false,false,0.012890,0.691220
CVE-2023-24910,2023-03-14,HIGH,7.8,LOCAL,LOW,False,unmitigable,,No documented mitigation that preserves current use; re-role or replace,,secure@microsoft.com,3.1,false,false,0.003930,0.310260
CVE-2023-24911,2023-03-14,MEDIUM,4.3,NETWORK,LOW,False,unmitigable,,No documented mitigation that preserves current use; re-role or replace,,nvd@nist.gov,3.1,false,false,0.011310,0.651630
CVE-2023-24912,2023-04-11,HIGH,7.8,LOCAL,LOW,False,unmitigable,,No documented mitigation that preserves current use; re-role or replace,,secure@microsoft.com,3.1,false,false,0.035710,0.889710
CVE-2023-24913,2023-03-14,HIGH,8.8,NETWORK,LOW,False,unmitigable,,No documented mitigation that preserves current use; re-role or replace,,secure@microsoft.com,3.1,false,false,0.012890,0.691220
CVE-2023-24914,2023-04-11,HIGH,7.0,LOCAL,LOW,False,unmitigable,,No documented mitigation that preserves current use; re-role or replace,,secure@microsoft.com,3.1,false,false,0.003270,0.233480
CVE-2023-24924,2023-04-11,HIGH,8.8,NETWORK,LOW,False,unmitigable,,No documented mitigation that preserves current use; re-role or replace,,secure@microsoft.com,3.1,false,false,0.016400,0.754710
CVE-2023-24925,2023-04-11,HIGH,8.8,NETWORK,LOW,False,unmitigable,,No documented mitigation that preserves current use; re-role or replace,,secure@microsoft.com,3.1,false,false,0.016400,0.754700
CVE-2023-24926,2023-04-11,HIGH,8.8,NETWORK,LOW,False,unmitigable,,No documented mitigation that preserves current use; re-role or replace,,secure@microsoft.com,3.1,false,false,0.016400,0.754690
CVE-2023-24927,2023-04-11,HIGH,8.8,NETWORK,LOW,False,unmitigable,,No documented mitigation that preserves current use; re-role or replace,,nvd@nist.gov,3.1,false,false,0.016400,0.754700
CVE-2023-24928,2023-04-11,HIGH,8.8,NETWORK,LOW,False,unmitigable,,No documented mitigation that preserves current use; re-role or replace,,nvd@nist.gov,3.1,false,false,0.016400,0.754710
CVE-2023-24929,2023-04-11,HIGH,8.8,NETWORK,LOW,False,unmitigable,,No documented mitigation that preserves current use; re-role or replace,,secure@microsoft.com,3.1,false,false,0.016400,0.754700
CVE-2023-24931,2023-04-11,HIGH,7.5,NETWORK,NONE,False,network_isolate,network,Segment to a restricted VLAN and block inbound access at the host firewall,,secure@microsoft.com,3.1,false,false,0.020260,0.802610
CVE-2023-24932,2023-05-09,MEDIUM,6.7,LOCAL,HIGH,False,unmitigable,,No documented mitigation that preserves current use; re-role or replace,,secure@microsoft.com,3.1,false,false,0.105610,0.956410
CVE-2023-24936,2023-06-14,HIGH,7.5,NETWORK,NONE,True,app_update,application,Update the affected application; it services independently of the OS,,nvd@nist.gov,3.1,false,false,0.015580,0.742680
CVE-2023-24937,2023-06-14,MEDIUM,6.5,NETWORK,LOW,False,unmitigable,,No documented mitigation that preserves current use; re-role or replace,,secure@microsoft.com,3.1,false,false,0.020820,0.808140
CVE-2023-24938,2023-06-14,MEDIUM,6.5,NETWORK,LOW,False,unmitigable,,No documented mitigation that preserves current use; re-role or replace,,secure@microsoft.com,3.1,false,false,0.019850,0.798110
CVE-2023-24939,2023-05-09,HIGH,7.5,NETWORK,NONE,False,network_isolate,network,Segment to a restricted VLAN and block inbound access at the host firewall,,secure@microsoft.com,3.1,false,false,0.046560,0.914470
CVE-2023-24940,2023-05-09,HIGH,7.5,NETWORK,NONE,False,network_isolate,network,Segment to a restricted VLAN and block inbound access at the host firewall,,secure@microsoft.com,3.1,false,false,0.051660,0.921700
CVE-2023-24942,2023-05-09,HIGH,7.5,NETWORK,NONE,False,network_isolate,network,Segment to a restricted VLAN and block inbound access at the host firewall,,secure@microsoft.com,3.1,false,false,0.018980,0.788780
CVE-2023-24943,2023-05-09,CRITICAL,9.8,NETWORK,NONE,False,network_isolate,network,Segment to a restricted VLAN and block inbound access at the host firewall,,secure@microsoft.com,3.1,false,false,0.046820,0.914820
CVE-2023-24944,2023-05-09,MEDIUM,6.5,ADJACENT_NETWORK,NONE,False,service_disable,bluetooth,Disable the Bluetooth radio/stack by policy where unused,Microsoft Bluetooth hardening guidance,secure@microsoft.com,3.1,false,false,0.006880,0.509150
CVE-2023-24945,2023-05-09,MEDIUM,5.5,LOCAL,LOW,False,unmitigable,,No documented mitigation that preserves current use; re-role or replace,,secure@microsoft.com,3.1,false,false,0.005550,0.441960
CVE-2023-24946,2023-05-09,HIGH,7.8,LOCAL,LOW,False,unmitigable,,No documented mitigation that preserves current use; re-role or replace,,secure@microsoft.com,3.1,false,false,0.004440,0.362510
CVE-2023-24948,2023-05-09,HIGH,7.4,ADJACENT_NETWORK,LOW,False,service_disable,bluetooth,Disable the Bluetooth radio/stack by policy where unused,Microsoft Bluetooth hardening guidance,secure@microsoft.com,3.1,false,false,0.009530,0.598680
CVE-2023-24949,2023-05-09,HIGH,7.8,LOCAL,LOW,False,unmitigable,,No documented mitigation that preserves current use; re-role or replace,,secure@microsoft.com,3.1,false,false,0.246220,0.978190
CVE-2023-24954,2023-05-09,MEDIUM,6.5,NETWORK,LOW,False,unmitigable,,No documented mitigation that preserves current use; re-role or replace,,secure@microsoft.com,3.1,false,false,0.017860,0.774840
CVE-2023-28216,2023-04-11,HIGH,7.0,LOCAL,LOW,False,unmitigable,,No documented mitigation that preserves current use; re-role or replace,,secure@microsoft.com,3.1,false,false,0.003720,0.286950
CVE-2023-28217,2023-04-11,HIGH,7.5,NETWORK,NONE,False,network_isolate,network,Segment to a restricted VLAN and block inbound access at the host firewall,,secure@microsoft.com,3.1,false,false,0.019360,0.793070
CVE-2023-28218,2023-04-11,HIGH,7.0,LOCAL,LOW,False,unmitigable,,No documented mitigation that preserves current use; re-role or replace,,secure@microsoft.com,3.1,false,false,0.122980,0.960650
CVE-2023-28219,2023-04-11,HIGH,8.1,NETWORK,NONE,False,network_isolate,network,Segment to a restricted VLAN and block inbound access at the host firewall,,secure@microsoft.com,3.1,false,false,0.149790,0.966130
CVE-2023-28220,2023-04-11,HIGH,8.1,NETWORK,NONE,False,network_isolate,network,Segment to a restricted VLAN and block inbound access at the host firewall,,secure@microsoft.com,3.1,false,false,0.149790,0.966130
CVE-2023-28221,2023-04-11,HIGH,7.0,LOCAL,LOW,False,unmitigable,,No documented mitigation that preserves current use; re-role or replace,,secure@microsoft.com,3.1,false,false,0.004890,0.397450
CVE-2023-28222,2023-04-11,HIGH,7.1,LOCAL,LOW,False,unmitigable,,No documented mitigation that preserves current use; re-role or replace,,secure@microsoft.com,3.1,false,false,0.006780,0.504610
CVE-2023-28224,2023-04-11,HIGH,7.1,ADJACENT_NETWORK,NONE,False,network_isolate,network,Segment to a restricted VLAN and block inbound access at the host firewall,,secure@microsoft.com,3.1,false,false,0.003940,0.311490
CVE-2023-28225,2023-04-11,HIGH,7.8,LOCAL,LOW,False,unmitigable,,No documented mitigation that preserves current use; re-role or replace,,secure@microsoft.com,3.1,false,false,0.004480,0.365680
CVE-2023-28226,2023-04-11,MEDIUM,5.3,NETWORK,NONE,False,network_isolate,network,Segment to a restricted VLAN and block inbound access at the host firewall,,secure@microsoft.com,3.1,false,false,0.006710,0.501350
CVE-2023-28227,2023-04-11,HIGH,7.5,ADJACENT_NETWORK,NONE,False,service_disable,bluetooth,Disable the Bluetooth radio/stack by policy where unused,Microsoft Bluetooth hardening guidance,secure@microsoft.com,3.1,false,false,0.065850,0.936230
CVE-2023-28228,2023-04-11,MEDIUM,5.5,LOCAL,NONE,False,unmitigable,,No documented mitigation that preserves current use; re-role or replace,,secure@microsoft.com,3.1,false,false,0.004530,0.369680
CVE-2023-28229,2023-04-11,HIGH,7.0,LOCAL,LOW,False,unmitigable,,No documented mitigation that preserves current use; re-role or replace,,secure@microsoft.com,3.1,true,false,0.016710,0.759230
CVE-2023-28232,2023-04-11,HIGH,7.5,NETWORK,NONE,False,network_isolate,network,Segment to a restricted VLAN and block inbound access at the host firewall,,secure@microsoft.com,3.1,false,false,0.008980,0.581010
CVE-2023-28233,2023-04-11,HIGH,7.5,NETWORK,NONE,False,network_isolate,network,Segment to a restricted VLAN and block inbound access at the host firewall,,secure@microsoft.com,3.1,false,false,0.017310,0.767520
CVE-2023-28234,2023-04-11,HIGH,7.5,NETWORK,NONE,False,network_isolate,network,Segment to a restricted VLAN and block inbound access at the host firewall,,secure@microsoft.com,3.1,false,false,0.017310,0.767510
CVE-2023-28236,2023-04-11,HIGH,7.8,LOCAL,LOW,False,unmitigable,,No documented mitigation that preserves current use; re-role or replace,,secure@microsoft.com,3.1,false,false,0.002900,0.194780
CVE-2023-28237,2023-04-11,HIGH,7.8,LOCAL,NONE,False,unmitigable,,No documented mitigation that preserves current use; re-role or replace,,secure@microsoft.com,3.1,false,false,0.005860,0.459690
CVE-2023-28238,2023-04-11,HIGH,7.5,NETWORK,LOW,False,unmitigable,,No documented mitigation that preserves current use; re-role or replace,,secure@microsoft.com,3.1,false,false,0.008770,0.574840
CVE-2023-28241,2023-04-11,HIGH,7.5,NETWORK,NONE,False,network_isolate,network,Segment to a restricted VLAN and block inbound access at the host firewall,,secure@microsoft.com,3.1,false,false,0.019860,0.798210
CVE-2023-28243,2023-04-11,HIGH,8.8,NETWORK,LOW,False,unmitigable,,No documented mitigation that preserves current use; re-role or replace,,secure@microsoft.com,3.1,false,false,0.016340,0.753900
CVE-2023-28246,2023-04-11,HIGH,7.8,LOCAL,LOW,False,unmitigable,,No documented mitigation that preserves current use; re-role or replace,,secure@microsoft.com,3.1,false,false,0.003830,0.298910
CVE-2023-28248,2023-04-11,HIGH,7.8,LOCAL,LOW,False,unmitigable,,No documented mitigation that preserves current use; re-role or replace,,secure@microsoft.com,3.1,false,false,0.007300,0.525250
CVE-2023-28249,2023-04-11,MEDIUM,6.8,PHYSICAL,NONE,False,unmitigable,,No documented mitigation that preserves current use; re-role or replace,,nvd@nist.gov,3.1,false,false,0.005740,0.453250
CVE-2023-28250,2023-04-11,CRITICAL,9.8,NETWORK,NONE,False,network_isolate,network,Segment to a restricted VLAN and block inbound access at the host firewall,,secure@microsoft.com,3.1,false,false,0.020260,0.802610
CVE-2023-28251,2023-05-09,MEDIUM,5.5,LOCAL,LOW,False,unmitigable,,No documented mitigation that preserves current use; re-role or replace,,secure@microsoft.com,3.1,false,false,0.004510,0.367980
CVE-2023-28252,2023-04-11,HIGH,7.8,LOCAL,LOW,False,unmitigable,,No documented mitigation that preserves current use; re-role or replace,,secure@microsoft.com,3.1,true,true,0.489730,0.988450
CVE-2023-28253,2023-04-11,MEDIUM,5.5,LOCAL,LOW,False,unmitigable,,No documented mitigation that preserves current use; re-role or replace,,secure@microsoft.com,3.1,false,false,0.005550,0.441960
CVE-2023-28266,2023-04-11,MEDIUM,5.5,LOCAL,LOW,False,unmitigable,,No documented mitigation that preserves current use; re-role or replace,,secure@microsoft.com,3.1,false,false,0.043610,0.909310
CVE-2023-28267,2023-04-11,MEDIUM,6.5,NETWORK,NONE,False,service_disable,rdp,"Disable Remote Desktop, or require Network Level Authentication and gate by firewall",Microsoft CVE-2019-0708 guidance,secure@microsoft.com,3.1,false,false,0.020860,0.808570
CVE-2023-28269,2023-04-11,MEDIUM,6.8,PHYSICAL,NONE,False,unmitigable,,No documented mitigation that preserves current use; re-role or replace,,nvd@nist.gov,3.1,false,false,0.006210,0.477740
CVE-2023-28270,2023-04-11,MEDIUM,6.8,PHYSICAL,NONE,False,unmitigable,,No documented mitigation that preserves current use; re-role or replace,,secure@microsoft.com,3.1,false,false,0.004930,0.400500
CVE-2023-28271,2023-04-11,MEDIUM,5.5,LOCAL,LOW,False,unmitigable,,No documented mitigation that preserves current use; re-role or replace,,secure@microsoft.com,3.1,false,false,0.011640,0.660700
CVE-2023-28272,2023-04-11,HIGH,7.8,LOCAL,LOW,False,unmitigable,,No documented mitigation that preserves current use; re-role or replace,,secure@microsoft.com,3.1,false,false,0.004850,0.394290
CVE-2023-28273,2023-04-11,HIGH,7.0,LOCAL,LOW,False,unmitigable,,No documented mitigation that preserves current use; re-role or replace,,secure@microsoft.com,3.1,false,false,0.002460,0.142940
CVE-2023-28274,2023-04-11,HIGH,7.8,LOCAL,LOW,False,unmitigable,,No documented mitigation that preserves current use; re-role or replace,,secure@microsoft.com,3.1,false,false,0.068270,0.938160
CVE-2023-28275,2023-04-11,HIGH,8.8,NETWORK,NONE,False,network_isolate,network,Segment to a restricted VLAN and block inbound access at the host firewall,,secure@microsoft.com,3.1,false,false,0.014630,0.726310
CVE-2023-28276,2023-04-11,MEDIUM,4.4,LOCAL,LOW,False,unmitigable,,No documented mitigation that preserves current use; re-role or replace,,secure@microsoft.com,3.1,false,false,0.004610,0.375800
CVE-2023-28283,2023-05-09,HIGH,8.1,NETWORK,NONE,False,network_isolate,network,Segment to a restricted VLAN and block inbound access at the host firewall,,secure@microsoft.com,3.1,false,false,0.009730,0.606030
CVE-2023-28291,2023-04-11,HIGH,7.8,LOCAL,NONE,True,app_update,application,Update the affected application; it services independently of the OS,,nvd@nist.gov,3.1,false,false,0.006170,0.476070
CVE-2023-28292,2023-04-11,HIGH,7.8,LOCAL,NONE,True,app_update,application,Update the affected application; it services independently of the OS,,secure@microsoft.com,3.1,false,false,0.005980,0.466150
CVE-2023-28293,2023-04-11,HIGH,7.8,LOCAL,LOW,False,unmitigable,,No documented mitigation that preserves current use; re-role or replace,,secure@microsoft.com,3.1,false,false,0.028660,0.862740
CVE-2023-28297,2023-04-11,HIGH,8.8,NETWORK,LOW,False,unmitigable,,No documented mitigation that preserves current use; re-role or replace,,secure@microsoft.com,3.1,false,false,0.016600,0.757650
CVE-2023-28298,2023-04-11,MEDIUM,5.5,LOCAL,LOW,False,unmitigable,,No documented mitigation that preserves current use; re-role or replace,,secure@microsoft.com,3.1,false,false,0.005660,0.449130
CVE-2023-28302,2023-04-11,HIGH,7.5,NETWORK,NONE,False,network_isolate,network,Segment to a restricted VLAN and block inbound access at the host firewall,,secure@microsoft.com,3.1,false,false,0.925730,0.998260
CVE-2023-29324,2023-05-09,MEDIUM,6.5,NETWORK,NONE,False,service_disable,ie,Disable Internet Explorer / MSHTML rendering and set Edge as the only browser,Microsoft IE retirement + ADV guidance,nvd@nist.gov,3.1,false,false,0.028660,0.862760
CVE-2023-29325,2023-05-09,HIGH,7.5,NETWORK,NONE,False,network_isolate,network,Segment to a restricted VLAN and block inbound access at the host firewall,,nvd@nist.gov,3.1,false,false,0.838850,0.996850
CVE-2023-29326,2023-06-14,HIGH,7.8,LOCAL,NONE,True,app_update,application,Update the affected application; it services independently of the OS,,secure@microsoft.com,3.1,false,false,0.009000,0.581410
CVE-2023-29331,2023-06-14,HIGH,7.5,NETWORK,NONE,True,app_update,application,Update the affected application; it services independently of the OS,,secure@microsoft.com,3.1,false,false,0.026270,0.849390
CVE-2023-29335,2023-05-09,HIGH,7.5,NETWORK,NONE,False,network_isolate,network,Segment to a restricted VLAN and block inbound access at the host firewall,,secure@microsoft.com,3.1,false,false,0.011740,0.663230
CVE-2023-29346,2023-06-14,HIGH,7.8,LOCAL,LOW,False,unmitigable,,No documented mitigation that preserves current use; re-role or replace,,secure@microsoft.com,3.1,false,false,0.004870,0.395780
CVE-2023-29351,2023-06-14,HIGH,8.1,NETWORK,LOW,False,unmitigable,,No documented mitigation that preserves current use; re-role or replace,,secure@microsoft.com,3.1,false,false,0.018050,0.777360
CVE-2023-29352,2023-06-14,MEDIUM,6.5,NETWORK,NONE,False,service_disable,rdp,"Disable Remote Desktop, or require Network Level Authentication and gate by firewall",Microsoft CVE-2019-0708 guidance,secure@microsoft.com,3.1,false,false,0.011670,0.661160
CVE-2023-29358,2023-06-14,HIGH,7.8,LOCAL,LOW,False,unmitigable,,No documented mitigation that preserves current use; re-role or replace,,secure@microsoft.com,3.1,false,false,0.047300,0.915520
CVE-2023-29359,2023-06-14,HIGH,7.8,LOCAL,LOW,False,unmitigable,,No documented mitigation that preserves current use; re-role or replace,,secure@microsoft.com,3.1,false,false,0.005490,0.438680
CVE-2023-29360,2023-06-14,HIGH,8.4,LOCAL,NONE,False,unmitigable,,No documented mitigation that preserves current use; re-role or replace,,secure@microsoft.com,3.1,true,false,0.216200,0.975570
CVE-2023-29361,2023-06-14,HIGH,7.0,LOCAL,LOW,False,unmitigable,,No documented mitigation that preserves current use; re-role or replace,,secure@microsoft.com,3.1,false,false,0.039760,0.901480
CVE-2023-29362,2023-06-14,HIGH,8.8,NETWORK,NONE,False,service_disable,rdp,"Disable Remote Desktop, or require Network Level Authentication and gate by firewall",Microsoft CVE-2019-0708 guidance,secure@microsoft.com,3.1,false,false,0.013460,0.703750
CVE-2023-29363,2023-06-14,CRITICAL,9.8,NETWORK,NONE,False,network_isolate,network,Segment to a restricted VLAN and block inbound access at the host firewall,,secure@microsoft.com,3.1,false,false,0.019430,0.793880
CVE-2023-29364,2023-06-14,HIGH,7.0,LOCAL,LOW,False,unmitigable,,No documented mitigation that preserves current use; re-role or replace,,secure@microsoft.com,3.1,false,false,0.003720,0.286960
CVE-2023-29365,2023-06-14,HIGH,7.8,LOCAL,NONE,False,unmitigable,,No documented mitigation that preserves current use; re-role or replace,,secure@microsoft.com,3.1,false,false,0.007190,0.521060
CVE-2023-29366,2023-06-14,HIGH,7.8,LOCAL,NONE,False,unmitigable,,No documented mitigation that preserves current use; re-role or replace,,secure@microsoft.com,3.1,false,false,0.007190,0.521070
CVE-2023-29368,2023-06-14,HIGH,7.0,LOCAL,LOW,False,unmitigable,,No documented mitigation that preserves current use; re-role or replace,,secure@microsoft.com,3.1,false,false,0.003720,0.286960
CVE-2023-29370,2023-06-14,HIGH,7.8,LOCAL,NONE,False,unmitigable,,No documented mitigation that preserves current use; re-role or replace,,secure@microsoft.com,3.1,false,false,0.007190,0.521060
CVE-2023-29371,2023-06-14,HIGH,7.8,LOCAL,LOW,False,unmitigable,,No documented mitigation that preserves current use; re-role or replace,,secure@microsoft.com,3.1,false,false,0.053910,0.924160
CVE-2023-29372,2023-06-14,HIGH,8.8,NETWORK,NONE,False,network_isolate,network,Segment to a restricted VLAN and block inbound access at the host firewall,,secure@microsoft.com,3.1,false,false,0.013460,0.703750
CVE-2023-29373,2023-06-14,HIGH,8.8,NETWORK,NONE,False,network_isolate,network,Segment to a restricted VLAN and block inbound access at the host firewall,,secure@microsoft.com,3.1,false,false,0.013460,0.703750
CVE-2023-29411,2023-04-18,CRITICAL,9.8,NETWORK,NONE,True,app_update,application,Update the affected application; it services independently of the OS,,nvd@nist.gov,3.1,false,false,0.013150,0.696630
CVE-2023-29412,2023-04-18,CRITICAL,9.8,NETWORK,NONE,True,app_update,application,Update the affected application; it services independently of the OS,,nvd@nist.gov,3.1,false,false,0.012230,0.676300
CVE-2023-29413,2023-04-18,HIGH,7.5,NETWORK,NONE,True,app_update,application,Update the affected application; it services independently of the OS,,nvd@nist.gov,3.1,false,false,0.007120,0.518260
CVE-2023-32008,2023-06-14,HIGH,7.8,LOCAL,NONE,False,unmitigable,,No documented mitigation that preserves current use; re-role or replace,,secure@microsoft.com,3.1,false,false,0.007190,0.521060
CVE-2023-32009,2023-06-14,HIGH,8.8,LOCAL,LOW,False,unmitigable,,No documented mitigation that preserves current use; re-role or replace,,secure@microsoft.com,3.1,false,false,0.004250,0.343920
CVE-2023-32010,2023-06-14,HIGH,7.0,LOCAL,LOW,False,unmitigable,,No documented mitigation that preserves current use; re-role or replace,,secure@microsoft.com,3.1,false,false,0.002800,0.184570
CVE-2023-32011,2023-06-14,HIGH,7.5,NETWORK,NONE,False,network_isolate,network,Segment to a restricted VLAN and block inbound access at the host firewall,,secure@microsoft.com,3.1,false,false,0.019360,0.793070
CVE-2023-32012,2023-06-14,HIGH,7.8,LOCAL,LOW,False,unmitigable,,No documented mitigation that preserves current use; re-role or replace,,nvd@nist.gov,3.1,false,false,0.005070,0.409770
CVE-2023-32013,2023-06-14,MEDIUM,5.3,NETWORK,LOW,False,service_disable,hyperv,Remove the Hyper-V role on endpoints that do not host VMs,Microsoft Hyper-V role guidance,nvd@nist.gov,3.1,false,false,0.016370,0.754350
CVE-2023-32014,2023-06-14,CRITICAL,9.8,NETWORK,NONE,False,network_isolate,network,Segment to a restricted VLAN and block inbound access at the host firewall,,secure@microsoft.com,3.1,false,false,0.019430,0.793880
CVE-2023-32015,2023-06-14,CRITICAL,9.8,NETWORK,NONE,False,network_isolate,network,Segment to a restricted VLAN and block inbound access at the host firewall,,secure@microsoft.com,3.1,false,false,0.020380,0.803670
CVE-2023-32016,2023-06-14,MEDIUM,5.5,LOCAL,LOW,False,unmitigable,,No documented mitigation that preserves current use; re-role or replace,,secure@microsoft.com,3.1,false,false,0.006680,0.500380
CVE-2023-32017,2023-06-14,HIGH,7.8,LOCAL,LOW,False,unmitigable,,No documented mitigation that preserves current use; re-role or replace,,secure@microsoft.com,3.1,false,false,0.004970,0.402910
CVE-2023-32018,2023-06-14,HIGH,7.8,LOCAL,NONE,False,unmitigable,,No documented mitigation that preserves current use; re-role or replace,,secure@microsoft.com,3.1,false,false,0.007190,0.521070
CVE-2023-32019,2023-06-14,MEDIUM,4.7,LOCAL,LOW,False,unmitigable,,No documented mitigation that preserves current use; re-role or replace,,secure@microsoft.com,3.1,false,false,0.013710,0.709000
CVE-2023-32030,2023-06-14,HIGH,7.5,NETWORK,NONE,True,app_update,application,Update the affected application; it services independently of the OS,,secure@microsoft.com,3.1,false,false,0.022200,0.820260
CVE-2023-32034,2023-07-11,HIGH,7.5,NETWORK,NONE,False,network_isolate,network,Segment to a restricted VLAN and block inbound access at the host firewall,,nvd@nist.gov,3.1,false,false,0.016310,0.753230
CVE-2023-32035,2023-07-11,HIGH,7.5,NETWORK,NONE,False,network_isolate,network,Segment to a restricted VLAN and block inbound access at the host firewall,,nvd@nist.gov,3.1,false,false,0.016310,0.753240
CVE-2023-32037,2023-07-11,MEDIUM,6.5,ADJACENT_NETWORK,NONE,False,network_isolate,network,Segment to a restricted VLAN and block inbound access at the host firewall,,secure@microsoft.com,3.1,false,false,0.006550,0.494490
CVE-2023-32038,2023-07-11,HIGH,8.8,NETWORK,NONE,False,network_isolate,network,Segment to a restricted VLAN and block inbound access at the host firewall,,secure@microsoft.com,3.1,false,false,0.012360,0.679300
CVE-2023-32039,2023-07-11,MEDIUM,5.5,LOCAL,LOW,False,unmitigable,,No documented mitigation that preserves current use; re-role or replace,,nvd@nist.gov,3.1,false,false,0.005200,0.419930
CVE-2023-32040,2023-07-11,MEDIUM,5.5,LOCAL,LOW,False,unmitigable,,No documented mitigation that preserves current use; re-role or replace,,nvd@nist.gov,3.1,false,false,0.005200,0.419920
CVE-2023-32041,2023-07-11,MEDIUM,5.5,LOCAL,LOW,False,unmitigable,,No documented mitigation that preserves current use; re-role or replace,,nvd@nist.gov,3.1,false,false,0.006440,0.489200
CVE-2023-32042,2023-07-11,HIGH,7.5,NETWORK,NONE,False,network_isolate,network,Segment to a restricted VLAN and block inbound access at the host firewall,,nvd@nist.gov,3.1,false,false,0.013420,0.702900
CVE-2023-32043,2023-07-11,MEDIUM,6.8,NETWORK,NONE,False,service_disable,rdp,"Disable Remote Desktop, or require Network Level Authentication and gate by firewall",Microsoft CVE-2019-0708 guidance,secure@microsoft.com,3.1,false,false,0.005080,0.411350
CVE-2023-32044,2023-07-11,HIGH,7.5,NETWORK,NONE,False,network_isolate,network,Segment to a restricted VLAN and block inbound access at the host firewall,,secure@microsoft.com,3.1,false,false,0.015190,0.735990
CVE-2023-32045,2023-07-11,HIGH,7.5,NETWORK,NONE,False,network_isolate,network,Segment to a restricted VLAN and block inbound access at the host firewall,,secure@microsoft.com,3.1,false,false,0.015190,0.735990
CVE-2023-32046,2023-07-11,HIGH,7.8,LOCAL,NONE,False,service_disable,ie,Disable Internet Explorer / MSHTML rendering and set Edge as the only browser,Microsoft IE retirement + ADV guidance,secure@microsoft.com,3.1,true,false,0.100490,0.954810
CVE-2023-32049,2023-07-11,HIGH,8.8,NETWORK,NONE,False,network_isolate,network,Segment to a restricted VLAN and block inbound access at the host firewall,,secure@microsoft.com,3.1,true,false,0.041560,0.905380
CVE-2023-32051,2023-07-11,HIGH,7.8,LOCAL,NONE,True,app_update,application,Update the affected application; it services independently of the OS,,secure@microsoft.com,3.1,false,false,0.007500,0.531940
CVE-2023-32053,2023-07-11,HIGH,7.8,LOCAL,LOW,False,unmitigable,,No documented mitigation that preserves current use; re-role or replace,,nvd@nist.gov,3.1,false,false,0.004840,0.393490
CVE-2023-32054,2023-07-11,HIGH,7.3,LOCAL,LOW,False,unmitigable,,No documented mitigation that preserves current use; re-role or replace,,secure@microsoft.com,3.1,false,false,0.009140,0.586170
CVE-2023-32055,2023-07-11,MEDIUM,6.7,LOCAL,HIGH,False,unmitigable,,No documented mitigation that preserves current use; re-role or replace,,nvd@nist.gov,3.1,false,false,0.003600,0.273870
CVE-2023-32056,2023-07-11,CRITICAL,9.8,NETWORK,NONE,False,network_isolate,network,Segment to a restricted VLAN and block inbound access at the host firewall,,nvd@nist.gov,3.1,false,false,0.012400,0.680140
CVE-2023-32057,2023-07-11,CRITICAL,9.8,NETWORK,NONE,False,network_isolate,network,Segment to a restricted VLAN and block inbound access at the host firewall,,secure@microsoft.com,3.1,false,false,0.022070,0.819120
CVE-2023-32084,2023-07-11,HIGH,7.5,NETWORK,NONE,False,service_disable,iis,Remove the IIS role from endpoints,Microsoft IIS guidance,secure@microsoft.com,3.1,false,false,0.017780,0.773870
CVE-2023-32085,2023-07-11,MEDIUM,5.5,LOCAL,LOW,False,unmitigable,,No documented mitigation that preserves current use; re-role or replace,,secure@microsoft.com,3.1,false,false,0.005200,0.419920
CVE-2023-33154,2023-07-11,CRITICAL,9.8,NETWORK,NONE,False,network_isolate,network,Segment to a restricted VLAN and block inbound access at the host firewall,,nvd@nist.gov,3.1,false,false,0.007910,0.546070
CVE-2023-33155,2023-07-11,HIGH,7.8,LOCAL,LOW,False,unmitigable,,No documented mitigation that preserves current use; re-role or replace,,secure@microsoft.com,3.1,false,false,0.003590,0.272420
CVE-2023-33164,2023-07-11,MEDIUM,6.5,NETWORK,LOW,False,unmitigable,,No documented mitigation that preserves current use; re-role or replace,,secure@microsoft.com,3.1,false,false,0.016300,0.753110
CVE-2023-33166,2023-07-11,HIGH,7.5,NETWORK,NONE,False,network_isolate,network,Segment to a restricted VLAN and block inbound access at the host firewall,,nvd@nist.gov,3.1,false,false,0.016310,0.753240
CVE-2023-33167,2023-07-11,HIGH,7.5,NETWORK,NONE,False,network_isolate,network,Segment to a restricted VLAN and block inbound access at the host firewall,,nvd@nist.gov,3.1,false,false,0.016310,0.753240
CVE-2023-33168,2023-07-11,HIGH,7.5,NETWORK,NONE,False,network_isolate,network,Segment to a restricted VLAN and block inbound access at the host firewall,,nvd@nist.gov,3.1,false,false,0.016310,0.753230
CVE-2023-33169,2023-07-11,HIGH,7.5,NETWORK,NONE,False,network_isolate,network,Segment to a restricted VLAN and block inbound access at the host firewall,,nvd@nist.gov,3.1,false,false,0.016310,0.753250
CVE-2023-33172,2023-07-11,HIGH,7.5,NETWORK,NONE,False,network_isolate,network,Segment to a restricted VLAN and block inbound access at the host firewall,,nvd@nist.gov,3.1,false,false,0.016310,0.753240
CVE-2023-33173,2023-07-11,HIGH,7.5,NETWORK,NONE,False,network_isolate,network,Segment to a restricted VLAN and block inbound access at the host firewall,,nvd@nist.gov,3.1,false,false,0.016310,0.753230
CVE-2023-33174,2023-07-11,MEDIUM,5.5,LOCAL,LOW,False,unmitigable,,No documented mitigation that preserves current use; re-role or replace,,secure@microsoft.com,3.1,false,false,0.006830,0.506990
CVE-2023-35296,2023-07-11,MEDIUM,6.5,NETWORK,LOW,False,unmitigable,,No documented mitigation that preserves current use; re-role or replace,,nvd@nist.gov,3.1,false,false,0.015270,0.737360
CVE-2023-35297,2023-07-11,HIGH,8.1,NETWORK,NONE,False,network_isolate,network,Segment to a restricted VLAN and block inbound access at the host firewall,,secure@microsoft.com,3.1,false,false,0.011180,0.648450
CVE-2023-35298,2023-07-11,HIGH,7.5,NETWORK,NONE,False,service_disable,iis,Remove the IIS role from endpoints,Microsoft IIS guidance,secure@microsoft.com,3.1,false,false,0.017780,0.773870
CVE-2023-35299,2023-07-11,HIGH,7.8,LOCAL,LOW,False,unmitigable,,No documented mitigation that preserves current use; re-role or replace,,secure@microsoft.com,3.1,false,false,0.004110,0.329370
CVE-2023-35300,2023-07-11,HIGH,8.8,NETWORK,LOW,False,unmitigable,,No documented mitigation that preserves current use; re-role or replace,,secure@microsoft.com,3.1,false,false,0.013860,0.711900
CVE-2023-35302,2023-07-11,HIGH,8.8,NETWORK,LOW,False,unmitigable,,No documented mitigation that preserves current use; re-role or replace,,secure@microsoft.com,3.1,false,false,0.014390,0.721680
CVE-2023-35303,2023-07-11,HIGH,8.8,NETWORK,LOW,False,unmitigable,,No documented mitigation that preserves current use; re-role or replace,,secure@microsoft.com,3.1,false,false,0.014540,0.724590
CVE-2023-35304,2023-07-11,HIGH,7.8,LOCAL,LOW,False,unmitigable,,No documented mitigation that preserves current use; re-role or replace,,secure@microsoft.com,3.1,false,false,0.004280,0.346320
CVE-2023-35305,2023-07-11,HIGH,7.8,LOCAL,LOW,False,unmitigable,,No documented mitigation that preserves current use; re-role or replace,,secure@microsoft.com,3.1,false,false,0.004280,0.346320
CVE-2023-35306,2023-07-11,MEDIUM,5.5,LOCAL,LOW,False,unmitigable,,No documented mitigation that preserves current use; re-role or replace,,secure@microsoft.com,3.1,false,false,0.005200,0.419920
CVE-2023-35308,2023-07-11,MEDIUM,6.5,NETWORK,NONE,False,service_disable,ie,Disable Internet Explorer / MSHTML rendering and set Edge as the only browser,Microsoft IE retirement + ADV guidance,secure@microsoft.com,3.1,false,false,0.011140,0.647590
CVE-2023-35309,2023-07-11,HIGH,7.5,NETWORK,LOW,False,unmitigable,,No documented mitigation that preserves current use; re-role or replace,,secure@microsoft.com,3.1,false,false,0.007910,0.546140
CVE-2023-35312,2023-07-11,HIGH,7.8,LOCAL,LOW,False,unmitigable,,No documented mitigation that preserves current use; re-role or replace,,secure@microsoft.com,3.1,false,false,0.004940,0.400910
CVE-2023-35313,2023-07-11,HIGH,7.8,LOCAL,NONE,False,unmitigable,,No documented mitigation that preserves current use; re-role or replace,,secure@microsoft.com,3.1,false,false,0.006500,0.492380
CVE-2023-35314,2023-07-11,MEDIUM,6.5,NETWORK,LOW,False,unmitigable,,No documented mitigation that preserves current use; re-role or replace,,nvd@nist.gov,3.1,false,false,0.016300,0.753110
CVE-2023-35315,2023-07-11,HIGH,8.8,ADJACENT_NETWORK,NONE,False,network_isolate,network,Segment to a restricted VLAN and block inbound access at the host firewall,,secure@microsoft.com,3.1,false,false,0.006810,0.505990
CVE-2023-35316,2023-07-11,MEDIUM,6.5,NETWORK,LOW,False,unmitigable,,No documented mitigation that preserves current use; re-role or replace,,nvd@nist.gov,3.1,false,false,0.014040,0.715410
CVE-2023-35318,2023-07-11,MEDIUM,6.5,NETWORK,LOW,False,unmitigable,,No documented mitigation that preserves current use; re-role or replace,,nvd@nist.gov,3.1,false,false,0.016300,0.753110
CVE-2023-35319,2023-07-11,MEDIUM,6.5,NETWORK,LOW,False,unmitigable,,No documented mitigation that preserves current use; re-role or replace,,nvd@nist.gov,3.1,false,false,0.016300,0.753120
CVE-2023-35320,2023-07-11,HIGH,7.8,LOCAL,LOW,False,unmitigable,,No documented mitigation that preserves current use; re-role or replace,,secure@microsoft.com,3.1,false,false,0.004650,0.379050
CVE-2023-35323,2023-07-11,HIGH,7.8,LOCAL,NONE,False,unmitigable,,No documented mitigation that preserves current use; re-role or replace,,secure@microsoft.com,3.1,false,false,0.006500,0.492380
CVE-2023-35324,2023-07-11,MEDIUM,5.5,LOCAL,LOW,False,unmitigable,,No documented mitigation that preserves current use; re-role or replace,,secure@microsoft.com,3.1,false,false,0.005200,0.419920
CVE-2023-35325,2023-07-11,HIGH,7.5,NETWORK,NONE,False,service_disable,spooler,Stop and disable the Print Spooler service on devices that do not print,Microsoft ADV / KB5005010,secure@microsoft.com,3.1,false,false,0.017900,0.775360
CVE-2023-35326,2023-07-11,MEDIUM,5.5,LOCAL,LOW,False,unmitigable,,No documented mitigation that preserves current use; re-role or replace,,secure@microsoft.com,3.1,false,false,0.005200,0.419930
CVE-2023-35328,2023-07-11,HIGH,7.8,LOCAL,LOW,False,unmitigable,,No documented mitigation that preserves current use; re-role or replace,,secure@microsoft.com,3.1,false,false,0.004280,0.346320
CVE-2023-35329,2023-07-11,MEDIUM,6.5,NETWORK,LOW,False,unmitigable,,No documented mitigation that preserves current use; re-role or replace,,secure@microsoft.com,3.1,false,false,0.018230,0.779660
CVE-2023-35330,2023-07-11,HIGH,7.5,NETWORK,NONE,False,network_isolate,network,Segment to a restricted VLAN and block inbound access at the host firewall,,secure@microsoft.com,3.1,false,false,0.018610,0.784450
CVE-2023-35332,2023-07-11,MEDIUM,6.8,NETWORK,NONE,False,service_disable,rdp,"Disable Remote Desktop, or require Network Level Authentication and gate by firewall",Microsoft CVE-2019-0708 guidance,secure@microsoft.com,3.1,false,false,0.005020,0.406440
CVE-2023-35336,2023-07-11,MEDIUM,5.4,NETWORK,NONE,False,service_disable,ie,Disable Internet Explorer / MSHTML rendering and set Edge as the only browser,Microsoft IE retirement + ADV guidance,nvd@nist.gov,3.1,false,false,0.009170,0.587070
CVE-2023-35337,2023-07-11,HIGH,7.8,LOCAL,LOW,False,unmitigable,,No documented mitigation that preserves current use; re-role or replace,,secure@microsoft.com,3.1,false,false,0.004360,0.355670
CVE-2023-35338,2023-07-11,HIGH,7.5,NETWORK,NONE,False,network_isolate,network,Segment to a restricted VLAN and block inbound access at the host firewall,,secure@microsoft.com,3.1,false,false,0.019610,0.795660
CVE-2023-35339,2023-07-11,HIGH,7.5,NETWORK,NONE,False,network_isolate,network,Segment to a restricted VLAN and block inbound access at the host firewall,,secure@microsoft.com,3.1,false,false,0.018860,0.787290
CVE-2023-35340,2023-07-11,HIGH,7.8,LOCAL,LOW,False,unmitigable,,No documented mitigation that preserves current use; re-role or replace,,secure@microsoft.com,3.1,false,false,0.002730,0.177680
CVE-2023-35341,2023-07-11,MEDIUM,5.5,LOCAL,LOW,False,unmitigable,,No documented mitigation that preserves current use; re-role or replace,,nvd@nist.gov,3.1,false,false,0.005040,0.407630
CVE-2023-35342,2023-07-11,HIGH,7.8,LOCAL,LOW,False,unmitigable,,No documented mitigation that preserves current use; re-role or replace,,secure@microsoft.com,3.1,false,false,0.004940,0.400710
CVE-2023-35343,2023-07-11,HIGH,7.8,LOCAL,NONE,False,unmitigable,,No documented mitigation that preserves current use; re-role or replace,,secure@microsoft.com,3.1,false,false,0.006710,0.501720
CVE-2023-35347,2023-07-11,HIGH,7.1,LOCAL,LOW,False,unmitigable,,No documented mitigation that preserves current use; re-role or replace,,secure@microsoft.com,3.1,false,false,0.005000,0.405470
CVE-2023-35349,2023-10-10,CRITICAL,9.8,NETWORK,NONE,False,network_isolate,network,Segment to a restricted VLAN and block inbound access at the host firewall,,secure@microsoft.com,3.1,false,false,0.027840,0.858760
CVE-2023-35353,2023-07-11,HIGH,7.8,LOCAL,LOW,False,unmitigable,,No documented mitigation that preserves current use; re-role or replace,,secure@microsoft.com,3.1,false,false,0.005200,0.419720
CVE-2023-35355,2023-09-12,HIGH,7.8,LOCAL,LOW,False,unmitigable,,No documented mitigation that preserves current use; re-role or replace,,secure@microsoft.com,3.1,false,false,0.005940,0.463620
CVE-2023-35356,2023-07-11,HIGH,7.8,LOCAL,LOW,False,unmitigable,,No documented mitigation that preserves current use; re-role or replace,,secure@microsoft.com,3.1,false,false,0.011560,0.658180
CVE-2023-35357,2023-07-11,HIGH,7.8,LOCAL,LOW,False,unmitigable,,No documented mitigation that preserves current use; re-role or replace,,secure@microsoft.com,3.1,false,false,0.008720,0.573340
CVE-2023-35358,2023-07-11,HIGH,7.8,LOCAL,LOW,False,unmitigable,,No documented mitigation that preserves current use; re-role or replace,,secure@microsoft.com,3.1,false,false,0.008720,0.573340
CVE-2023-35359,2023-08-08,HIGH,7.8,LOCAL,LOW,False,unmitigable,,No documented mitigation that preserves current use; re-role or replace,,secure@microsoft.com,3.1,false,false,0.098880,0.954310
CVE-2023-35360,2023-07-11,HIGH,7.0,LOCAL,LOW,False,unmitigable,,No documented mitigation that preserves current use; re-role or replace,,secure@microsoft.com,3.1,false,false,0.002990,0.203460
CVE-2023-35361,2023-07-11,HIGH,7.0,LOCAL,LOW,False,unmitigable,,No documented mitigation that preserves current use; re-role or replace,,secure@microsoft.com,3.1,false,false,0.002990,0.203450
CVE-2023-35362,2023-07-11,HIGH,7.8,LOCAL,LOW,False,unmitigable,,No documented mitigation that preserves current use; re-role or replace,,secure@microsoft.com,3.1,false,false,0.002870,0.191640
CVE-2023-35363,2023-07-11,HIGH,7.8,LOCAL,LOW,False,unmitigable,,No documented mitigation that preserves current use; re-role or replace,,secure@microsoft.com,3.1,false,false,0.004780,0.388830
CVE-2023-35364,2023-07-11,HIGH,8.8,LOCAL,LOW,False,unmitigable,,No documented mitigation that preserves current use; re-role or replace,,secure@microsoft.com,3.1,false,false,0.005430,0.434670
CVE-2023-35365,2023-07-11,CRITICAL,9.8,NETWORK,NONE,False,network_isolate,network,Segment to a restricted VLAN and block inbound access at the host firewall,,secure@microsoft.com,3.1,false,false,0.017680,0.772550
CVE-2023-35366,2023-07-11,CRITICAL,9.8,NETWORK,NONE,False,network_isolate,network,Segment to a restricted VLAN and block inbound access at the host firewall,,secure@microsoft.com,3.1,false,false,0.016890,0.761840
CVE-2023-35367,2023-07-11,CRITICAL,9.8,NETWORK,NONE,False,network_isolate,network,Segment to a restricted VLAN and block inbound access at the host firewall,,secure@microsoft.com,3.1,false,false,0.016890,0.761840
CVE-2023-35376,2023-08-08,MEDIUM,6.5,NETWORK,NONE,False,network_isolate,network,Segment to a restricted VLAN and block inbound access at the host firewall,,secure@microsoft.com,3.1,false,false,0.022080,0.819250
CVE-2023-35377,2023-08-08,MEDIUM,6.5,NETWORK,NONE,False,network_isolate,network,Segment to a restricted VLAN and block inbound access at the host firewall,,secure@microsoft.com,3.1,false,false,0.022080,0.819250
CVE-2023-35378,2023-08-08,HIGH,7.0,LOCAL,LOW,False,unmitigable,,No documented mitigation that preserves current use; re-role or replace,,secure@microsoft.com,3.1,false,false,0.003500,0.262440
CVE-2023-35380,2023-08-08,HIGH,7.8,LOCAL,LOW,False,unmitigable,,No documented mitigation that preserves current use; re-role or replace,,secure@microsoft.com,3.1,false,false,0.035470,0.889010
CVE-2023-35381,2023-08-08,HIGH,8.8,NETWORK,NONE,False,service_disable,fax,Remove the Fax and Scan optional feature,Microsoft optional feature guidance,secure@microsoft.com,3.1,false,false,0.018970,0.788720
CVE-2023-35382,2023-08-08,HIGH,7.8,LOCAL,LOW,False,unmitigable,,No documented mitigation that preserves current use; re-role or replace,,secure@microsoft.com,3.1,false,false,0.055830,0.926310
CVE-2023-35383,2023-08-08,HIGH,7.5,NETWORK,NONE,False,network_isolate,network,Segment to a restricted VLAN and block inbound access at the host firewall,,secure@microsoft.com,3.1,false,false,0.030110,0.869230
CVE-2023-35384,2023-08-08,MEDIUM,6.5,NETWORK,NONE,False,network_isolate,network,Segment to a restricted VLAN and block inbound access at the host firewall,,nvd@nist.gov,3.1,false,false,0.015590,0.742750
CVE-2023-35385,2023-08-08,CRITICAL,9.8,NETWORK,NONE,False,network_isolate,network,Segment to a restricted VLAN and block inbound access at the host firewall,,secure@microsoft.com,3.1,false,false,0.024650,0.838780
CVE-2023-35386,2023-08-08,HIGH,7.8,LOCAL,LOW,False,unmitigable,,No documented mitigation that preserves current use; re-role or replace,,secure@microsoft.com,3.1,false,false,0.055470,0.925810
CVE-2023-35387,2023-08-08,HIGH,8.8,ADJACENT_NETWORK,NONE,False,service_disable,bluetooth,Disable the Bluetooth radio/stack by policy where unused,Microsoft Bluetooth hardening guidance,secure@microsoft.com,3.1,false,false,0.010520,0.630060
CVE-2023-35628,2023-12-12,HIGH,8.1,NETWORK,NONE,False,service_disable,ie,Disable Internet Explorer / MSHTML rendering and set Edge as the only browser,Microsoft IE retirement + ADV guidance,secure@microsoft.com,3.1,false,false,0.928170,0.998280
CVE-2023-35630,2023-12-12,HIGH,8.8,ADJACENT_NETWORK,NONE,False,network_isolate,network,Segment to a restricted VLAN and block inbound access at the host firewall,,secure@microsoft.com,3.1,false,false,0.061270,0.932180
CVE-2023-35631,2023-12-12,HIGH,7.8,LOCAL,LOW,False,unmitigable,,No documented mitigation that preserves current use; re-role or replace,,secure@microsoft.com,3.1,false,false,0.065480,0.935920
CVE-2023-35634,2023-12-12,HIGH,8.8,ADJACENT_NETWORK,NONE,False,service_disable,bluetooth,Disable the Bluetooth radio/stack by policy where unused,Microsoft Bluetooth hardening guidance,nvd@nist.gov,3.1,false,false,0.009540,0.598980
CVE-2023-35635,2023-12-12,MEDIUM,5.5,LOCAL,NONE,False,unmitigable,,No documented mitigation that preserves current use; re-role or replace,,secure@microsoft.com,3.1,false,false,0.009960,0.612760
CVE-2023-35639,2023-12-12,HIGH,8.8,NETWORK,NONE,False,network_isolate,network,Segment to a restricted VLAN and block inbound access at the host firewall,,secure@microsoft.com,3.1,false,false,0.023680,0.831750
CVE-2023-35641,2023-12-12,HIGH,8.8,ADJACENT_NETWORK,NONE,False,network_isolate,network,Segment to a restricted VLAN and block inbound access at the host firewall,,secure@microsoft.com,3.1,false,false,0.072200,0.941260
CVE-2023-35642,2023-12-12,MEDIUM,6.5,ADJACENT_NETWORK,NONE,False,network_isolate,network,Segment to a restricted VLAN and block inbound access at the host firewall,,secure@microsoft.com,3.1,false,false,0.012820,0.689700
CVE-2023-35644,2023-12-12,HIGH,7.8,LOCAL,LOW,False,unmitigable,,No documented mitigation that preserves current use; re-role or replace,,secure@microsoft.com,3.1,false,false,0.062500,0.933360
CVE-2023-36003,2023-12-12,HIGH,7.3,LOCAL,LOW,False,unmitigable,,No documented mitigation that preserves current use; re-role or replace,,nvd@nist.gov,3.1,false,false,0.028460,0.861830
CVE-2023-36004,2023-12-12,HIGH,7.5,NETWORK,NONE,False,network_isolate,network,Segment to a restricted VLAN and block inbound access at the host firewall,,secure@microsoft.com,3.1,false,false,0.013690,0.708350
CVE-2023-36005,2023-12-12,HIGH,8.1,NETWORK,NONE,False,network_isolate,network,Segment to a restricted VLAN and block inbound access at the host firewall,,nvd@nist.gov,3.1,false,false,0.238570,0.977590
CVE-2023-36006,2023-12-12,HIGH,8.8,NETWORK,NONE,False,network_isolate,network,Segment to a restricted VLAN and block inbound access at the host firewall,,secure@microsoft.com,3.1,false,false,0.018910,0.787910
CVE-2023-36011,2023-12-12,HIGH,7.8,LOCAL,LOW,False,unmitigable,,No documented mitigation that preserves current use; re-role or replace,,secure@microsoft.com,3.1,false,false,0.007050,0.515610
CVE-2023-36017,2023-11-14,HIGH,8.8,NETWORK,NONE,False,network_isolate,network,Segment to a restricted VLAN and block inbound access at the host firewall,,nvd@nist.gov,3.1,false,false,0.252890,0.978790
CVE-2023-36025,2023-11-14,HIGH,8.8,NETWORK,NONE,False,network_isolate,network,Segment to a restricted VLAN and block inbound access at the host firewall,,nvd@nist.gov,3.1,true,false,0.880850,0.997630
CVE-2023-36028,2023-11-14,CRITICAL,9.8,NETWORK,NONE,False,network_isolate,network,Segment to a restricted VLAN and block inbound access at the host firewall,,nvd@nist.gov,3.1,false,false,0.028360,0.861290
CVE-2023-36033,2023-11-14,HIGH,7.8,LOCAL,LOW,False,unmitigable,,No documented mitigation that preserves current use; re-role or replace,,nvd@nist.gov,3.1,true,false,0.119770,0.960010
CVE-2023-36036,2023-11-14,HIGH,7.8,LOCAL,LOW,False,unmitigable,,No documented mitigation that preserves current use; re-role or replace,,nvd@nist.gov,3.1,true,false,0.166700,0.969320
CVE-2023-36046,2023-11-14,HIGH,7.1,LOCAL,LOW,False,unmitigable,,No documented mitigation that preserves current use; re-role or replace,,nvd@nist.gov,3.1,false,false,0.006860,0.508450
CVE-2023-36047,2023-11-14,HIGH,7.8,LOCAL,LOW,False,unmitigable,,No documented mitigation that preserves current use; re-role or replace,,nvd@nist.gov,3.1,false,false,0.011070,0.645690
CVE-2023-36049,2023-11-14,CRITICAL,9.8,NETWORK,NONE,True,app_update,application,Update the affected application; it services independently of the OS,,nvd@nist.gov,3.1,false,false,0.125120,0.961020
CVE-2023-36391,2023-12-12,HIGH,7.8,LOCAL,LOW,False,unmitigable,,No documented mitigation that preserves current use; re-role or replace,,secure@microsoft.com,3.1,false,false,0.072400,0.941390
CVE-2023-36393,2023-11-14,HIGH,7.8,LOCAL,NONE,False,unmitigable,,No documented mitigation that preserves current use; re-role or replace,,nvd@nist.gov,3.1,false,false,0.009940,0.612350
CVE-2023-36394,2023-11-14,HIGH,7.0,LOCAL,LOW,False,service_disable,search,Disable the Windows Search indexer where not required,Microsoft service hardening guidance,nvd@nist.gov,3.1,false,false,0.067230,0.937300
CVE-2023-36396,2023-11-14,HIGH,7.8,LOCAL,NONE,False,unmitigable,,No documented mitigation that preserves current use; re-role or replace,,nvd@nist.gov,3.1,false,false,0.016730,0.759380
CVE-2023-36397,2023-11-14,CRITICAL,9.8,NETWORK,NONE,False,network_isolate,network,Segment to a restricted VLAN and block inbound access at the host firewall,,nvd@nist.gov,3.1,false,false,0.175100,0.970460
CVE-2023-36398,2023-11-14,MEDIUM,6.5,LOCAL,LOW,False,unmitigable,,No documented mitigation that preserves current use; re-role or replace,,nvd@nist.gov,3.1,false,false,0.007550,0.533870
CVE-2023-36399,2023-11-14,HIGH,7.1,LOCAL,LOW,False,unmitigable,,No documented mitigation that preserves current use; re-role or replace,,nvd@nist.gov,3.1,false,false,0.083410,0.947830
CVE-2023-36400,2023-11-14,HIGH,8.8,LOCAL,LOW,False,unmitigable,,No documented mitigation that preserves current use; re-role or replace,,nvd@nist.gov,3.1,false,false,0.042580,0.907420
CVE-2023-36401,2023-11-14,HIGH,7.2,NETWORK,HIGH,False,service_disable,remote_registry,Disable the Remote Registry service,Microsoft security baseline,nvd@nist.gov,3.1,false,false,0.019380,0.793360
CVE-2023-36402,2023-11-14,HIGH,8.8,NETWORK,NONE,False,network_isolate,network,Segment to a restricted VLAN and block inbound access at the host firewall,,nvd@nist.gov,3.1,false,false,0.017850,0.774690
CVE-2023-36403,2023-11-14,HIGH,7.0,LOCAL,LOW,False,unmitigable,,No documented mitigation that preserves current use; re-role or replace,,nvd@nist.gov,3.1,false,false,0.005320,0.428390
CVE-2023-36404,2023-11-14,MEDIUM,5.5,LOCAL,LOW,False,unmitigable,,No documented mitigation that preserves current use; re-role or replace,,nvd@nist.gov,3.1,false,false,0.007610,0.535900
CVE-2023-36405,2023-11-14,HIGH,7.0,LOCAL,LOW,False,unmitigable,,No documented mitigation that preserves current use; re-role or replace,,nvd@nist.gov,3.1,false,false,0.003630,0.277390
CVE-2023-36406,2023-11-14,MEDIUM,5.5,LOCAL,LOW,False,service_disable,hyperv,Remove the Hyper-V role on endpoints that do not host VMs,Microsoft Hyper-V role guidance,nvd@nist.gov,3.1,false,false,0.007540,0.533470
CVE-2023-36407,2023-11-14,HIGH,7.8,LOCAL,LOW,False,service_disable,hyperv,Remove the Hyper-V role on endpoints that do not host VMs,Microsoft Hyper-V role guidance,nvd@nist.gov,3.1,false,false,0.017300,0.767400
CVE-2023-36408,2023-11-14,HIGH,7.8,LOCAL,LOW,False,service_disable,hyperv,Remove the Hyper-V role on endpoints that do not host VMs,Microsoft Hyper-V role guidance,nvd@nist.gov,3.1,false,false,0.006100,0.472180
CVE-2023-36423,2023-11-14,HIGH,8.8,NETWORK,LOW,False,service_disable,remote_registry,Disable the Remote Registry service,Microsoft security baseline,nvd@nist.gov,3.1,false,false,0.019900,0.798750
CVE-2023-36424,2023-11-14,HIGH,7.8,LOCAL,LOW,False,unmitigable,,No documented mitigation that preserves current use; re-role or replace,,nvd@nist.gov,3.1,true,false,0.121840,0.960380
CVE-2023-36425,2023-11-14,HIGH,8.0,NETWORK,HIGH,False,unmitigable,,No documented mitigation that preserves current use; re-role or replace,,nvd@nist.gov,3.1,false,false,0.014850,0.730320
CVE-2023-36427,2023-11-14,HIGH,7.0,LOCAL,LOW,False,service_disable,hyperv,Remove the Hyper-V role on endpoints that do not host VMs,Microsoft Hyper-V role guidance,nvd@nist.gov,3.1,false,false,0.014920,0.731570
CVE-2023-36428,2023-11-14,MEDIUM,5.5,LOCAL,LOW,False,unmitigable,,No documented mitigation that preserves current use; re-role or replace,,nvd@nist.gov,3.1,false,false,0.007540,0.533470
CVE-2023-36431,2023-10-10,HIGH,7.5,NETWORK,NONE,False,network_isolate,network,Segment to a restricted VLAN and block inbound access at the host firewall,,secure@microsoft.com,3.1,false,false,0.023950,0.833720
CVE-2023-36434,2023-10-10,CRITICAL,9.8,NETWORK,NONE,False,service_disable,iis,Remove the IIS role from endpoints,Microsoft IIS guidance,secure@microsoft.com,3.1,false,false,0.023890,0.833230
CVE-2023-36435,2023-10-10,HIGH,7.5,NETWORK,NONE,False,network_isolate,network,Segment to a restricted VLAN and block inbound access at the host firewall,,secure@microsoft.com,3.1,false,false,0.055180,0.925440
CVE-2023-36436,2023-10-10,HIGH,7.8,LOCAL,NONE,False,service_disable,ie,Disable Internet Explorer / MSHTML rendering and set Edge as the only browser,Microsoft IE retirement + ADV guidance,secure@microsoft.com,3.1,false,false,0.010180,0.619890
CVE-2023-36438,2023-10-10,HIGH,7.5,NETWORK,NONE,False,network_isolate,network,Segment to a restricted VLAN and block inbound access at the host firewall,,secure@microsoft.com,3.1,false,false,0.017830,0.774540
CVE-2023-36557,2023-10-10,HIGH,7.8,LOCAL,NONE,False,unmitigable,,No documented mitigation that preserves current use; re-role or replace,,secure@microsoft.com,3.1,false,false,0.009510,0.598200
CVE-2023-36560,2023-11-14,HIGH,8.8,NETWORK,LOW,True,app_update,application,Update the affected application; it services independently of the OS,,nvd@nist.gov,3.1,false,false,0.029130,0.865040
CVE-2023-36563,2023-10-10,MEDIUM,5.5,LOCAL,NONE,False,unmitigable,,No documented mitigation that preserves current use; re-role or replace,,nvd@nist.gov,3.1,true,false,0.207190,0.974650
CVE-2023-36564,2023-10-10,MEDIUM,6.5,NETWORK,NONE,False,service_disable,search,Disable the Windows Search indexer where not required,Microsoft service hardening guidance,secure@microsoft.com,3.1,false,false,0.013250,0.698720
CVE-2023-36567,2023-10-10,HIGH,7.5,NETWORK,NONE,False,network_isolate,network,Segment to a restricted VLAN and block inbound access at the host firewall,,secure@microsoft.com,3.1,false,false,0.020080,0.800910
CVE-2023-36570,2023-10-10,HIGH,7.3,LOCAL,LOW,False,unmitigable,,No documented mitigation that preserves current use; re-role or replace,,secure@microsoft.com,3.1,false,false,0.009670,0.603160
CVE-2023-36571,2023-10-10,HIGH,7.3,LOCAL,LOW,False,unmitigable,,No documented mitigation that preserves current use; re-role or replace,,secure@microsoft.com,3.1,false,false,0.009670,0.603160
CVE-2023-36572,2023-10-10,HIGH,7.3,LOCAL,LOW,False,unmitigable,,No documented mitigation that preserves current use; re-role or replace,,secure@microsoft.com,3.1,false,false,0.009670,0.603160
CVE-2023-36573,2023-10-10,HIGH,7.3,LOCAL,LOW,False,unmitigable,,No documented mitigation that preserves current use; re-role or replace,,secure@microsoft.com,3.1,false,false,0.009670,0.603150
CVE-2023-36574,2023-10-10,HIGH,7.3,LOCAL,LOW,False,unmitigable,,No documented mitigation that preserves current use; re-role or replace,,secure@microsoft.com,3.1,false,false,0.009670,0.603160
CVE-2023-36575,2023-10-10,HIGH,7.3,LOCAL,LOW,False,unmitigable,,No documented mitigation that preserves current use; re-role or replace,,secure@microsoft.com,3.1,false,false,0.009670,0.603150
CVE-2023-36576,2023-10-10,MEDIUM,5.5,LOCAL,LOW,False,unmitigable,,No documented mitigation that preserves current use; re-role or replace,,secure@microsoft.com,3.1,false,false,0.010250,0.622260
CVE-2023-36577,2023-10-10,HIGH,8.8,NETWORK,NONE,False,network_isolate,network,Segment to a restricted VLAN and block inbound access at the host firewall,,secure@microsoft.com,3.1,false,false,0.017380,0.768350
CVE-2023-36578,2023-10-10,HIGH,7.3,LOCAL,LOW,False,unmitigable,,No documented mitigation that preserves current use; re-role or replace,,secure@microsoft.com,3.1,false,false,0.009770,0.607200
CVE-2023-36579,2023-10-10,HIGH,7.5,NETWORK,NONE,False,network_isolate,network,Segment to a restricted VLAN and block inbound access at the host firewall,,secure@microsoft.com,3.1,false,false,0.023950,0.833720
CVE-2023-36581,2023-10-10,HIGH,7.5,NETWORK,NONE,False,network_isolate,network,Segment to a restricted VLAN and block inbound access at the host firewall,,secure@microsoft.com,3.1,false,false,0.023950,0.833720
CVE-2023-36582,2023-10-10,HIGH,7.3,LOCAL,LOW,False,unmitigable,,No documented mitigation that preserves current use; re-role or replace,,secure@microsoft.com,3.1,false,false,0.009770,0.607200
CVE-2023-36583,2023-10-10,HIGH,7.3,LOCAL,LOW,False,unmitigable,,No documented mitigation that preserves current use; re-role or replace,,nvd@nist.gov,3.1,false,false,0.009770,0.607200
CVE-2023-36584,2023-10-10,MEDIUM,5.4,NETWORK,NONE,False,network_isolate,network,Segment to a restricted VLAN and block inbound access at the host firewall,,secure@microsoft.com,3.1,true,false,0.030550,0.871050
CVE-2023-36585,2023-10-10,HIGH,7.5,NETWORK,NONE,False,network_isolate,network,Segment to a restricted VLAN and block inbound access at the host firewall,,secure@microsoft.com,3.1,false,false,0.025120,0.841960
CVE-2023-36589,2023-10-10,HIGH,7.3,LOCAL,LOW,False,unmitigable,,No documented mitigation that preserves current use; re-role or replace,,secure@microsoft.com,3.1,false,false,0.009670,0.603150
CVE-2023-36590,2023-10-10,HIGH,7.3,LOCAL,LOW,False,unmitigable,,No documented mitigation that preserves current use; re-role or replace,,secure@microsoft.com,3.1,false,false,0.009770,0.607210
CVE-2023-36591,2023-10-10,HIGH,7.3,LOCAL,LOW,False,unmitigable,,No documented mitigation that preserves current use; re-role or replace,,secure@microsoft.com,3.1,false,false,0.009210,0.588240
CVE-2023-36592,2023-10-10,HIGH,7.3,LOCAL,LOW,False,unmitigable,,No documented mitigation that preserves current use; re-role or replace,,secure@microsoft.com,3.1,false,false,0.009670,0.603170
CVE-2023-36593,2023-10-10,HIGH,7.3,LOCAL,LOW,False,unmitigable,,No documented mitigation that preserves current use; re-role or replace,,nvd@nist.gov,3.1,false,false,0.009870,0.609910
CVE-2023-36594,2023-10-10,HIGH,7.8,LOCAL,LOW,False,unmitigable,,No documented mitigation that preserves current use; re-role or replace,,secure@microsoft.com,3.1,false,false,0.116480,0.959250
CVE-2023-36596,2023-10-10,HIGH,7.5,NETWORK,NONE,False,network_isolate,network,Segment to a restricted VLAN and block inbound access at the host firewall,,nvd@nist.gov,3.1,false,false,0.020380,0.803740
CVE-2023-36598,2023-10-10,HIGH,7.8,LOCAL,NONE,False,unmitigable,,No documented mitigation that preserves current use; re-role or replace,,secure@microsoft.com,3.1,false,false,0.009650,0.602670
CVE-2023-36602,2023-10-10,HIGH,7.5,NETWORK,NONE,False,network_isolate,network,Segment to a restricted VLAN and block inbound access at the host firewall,,secure@microsoft.com,3.1,false,false,0.023140,0.827680
CVE-2023-36603,2023-10-10,HIGH,7.5,NETWORK,NONE,False,network_isolate,network,Segment to a restricted VLAN and block inbound access at the host firewall,,secure@microsoft.com,3.1,false,false,0.023140,0.827680
CVE-2023-36605,2023-10-10,HIGH,7.8,LOCAL,LOW,False,unmitigable,,No documented mitigation that preserves current use; re-role or replace,,nvd@nist.gov,3.1,false,false,0.005130,0.414620
CVE-2023-36606,2023-10-10,HIGH,7.5,NETWORK,NONE,False,network_isolate,network,Segment to a restricted VLAN and block inbound access at the host firewall,,secure@microsoft.com,3.1,false,false,0.672460,0.992830
CVE-2023-36696,2023-12-12,HIGH,7.8,LOCAL,LOW,False,unmitigable,,No documented mitigation that preserves current use; re-role or replace,,secure@microsoft.com,3.1,false,false,0.008640,0.570770
CVE-2023-36697,2023-10-10,HIGH,8.0,NETWORK,LOW,False,unmitigable,,No documented mitigation that preserves current use; re-role or replace,,nvd@nist.gov,3.1,false,false,0.021330,0.812890
CVE-2023-36698,2023-10-10,MEDIUM,4.4,LOCAL,LOW,False,unmitigable,,No documented mitigation that preserves current use; re-role or replace,,nvd@nist.gov,3.1,false,false,0.004770,0.388530
CVE-2023-36701,2023-10-10,HIGH,7.8,LOCAL,LOW,False,unmitigable,,No documented mitigation that preserves current use; re-role or replace,,secure@microsoft.com,3.1,false,false,0.006800,0.505770
CVE-2023-36702,2023-10-10,HIGH,7.8,LOCAL,NONE,False,unmitigable,,No documented mitigation that preserves current use; re-role or replace,,secure@microsoft.com,3.1,false,false,0.009550,0.599390
CVE-2023-36705,2023-11-14,HIGH,7.8,LOCAL,LOW,False,unmitigable,,No documented mitigation that preserves current use; re-role or replace,,nvd@nist.gov,3.1,false,false,0.006770,0.504590
CVE-2023-36709,2023-10-10,HIGH,7.5,NETWORK,NONE,False,network_isolate,network,Segment to a restricted VLAN and block inbound access at the host firewall,,secure@microsoft.com,3.1,false,false,0.025840,0.846670
CVE-2023-36710,2023-10-10,HIGH,7.8,LOCAL,NONE,False,unmitigable,,No documented mitigation that preserves current use; re-role or replace,,secure@microsoft.com,3.1,false,false,0.011120,0.646940
CVE-2023-36711,2023-10-10,HIGH,7.8,LOCAL,LOW,False,unmitigable,,No documented mitigation that preserves current use; re-role or replace,,secure@microsoft.com,3.1,false,false,0.006580,0.496140
CVE-2023-36712,2023-10-10,HIGH,7.8,LOCAL,NONE,False,unmitigable,,No documented mitigation that preserves current use; re-role or replace,,secure@microsoft.com,3.1,false,false,0.009130,0.585500
CVE-2023-36713,2023-10-10,MEDIUM,5.5,LOCAL,LOW,False,unmitigable,,No documented mitigation that preserves current use; re-role or replace,,secure@microsoft.com,3.1,false,false,0.081520,0.946760
CVE-2023-36717,2023-10-10,MEDIUM,6.5,LOCAL,LOW,False,unmitigable,,No documented mitigation that preserves current use; re-role or replace,,secure@microsoft.com,3.1,false,false,0.006930,0.510960
CVE-2023-36718,2023-10-10,HIGH,7.8,LOCAL,LOW,False,unmitigable,,No documented mitigation that preserves current use; re-role or replace,,secure@microsoft.com,3.1,false,false,0.015830,0.746300
CVE-2023-36719,2023-11-14,HIGH,7.8,LOCAL,LOW,False,unmitigable,,No documented mitigation that preserves current use; re-role or replace,,nvd@nist.gov,3.1,false,false,0.006100,0.472170
CVE-2023-36720,2023-10-10,HIGH,7.5,NETWORK,NONE,False,network_isolate,network,Segment to a restricted VLAN and block inbound access at the host firewall,,secure@microsoft.com,3.1,false,false,0.024320,0.836470
CVE-2023-36721,2023-10-10,HIGH,7.0,LOCAL,LOW,False,unmitigable,,No documented mitigation that preserves current use; re-role or replace,,secure@microsoft.com,3.1,false,false,0.004320,0.351850
CVE-2023-36722,2023-10-10,MEDIUM,4.4,NETWORK,HIGH,False,unmitigable,,No documented mitigation that preserves current use; re-role or replace,,secure@microsoft.com,3.1,false,false,0.012380,0.679640
CVE-2023-36723,2023-10-10,HIGH,7.8,LOCAL,LOW,False,unmitigable,,No documented mitigation that preserves current use; re-role or replace,,secure@microsoft.com,3.1,false,false,0.021830,0.816940
CVE-2023-36724,2023-10-10,MEDIUM,5.5,LOCAL,LOW,False,unmitigable,,No documented mitigation that preserves current use; re-role or replace,,secure@microsoft.com,3.1,false,false,0.005490,0.438610
CVE-2023-36725,2023-10-10,HIGH,7.8,LOCAL,LOW,False,unmitigable,,No documented mitigation that preserves current use; re-role or replace,,secure@microsoft.com,3.1,false,false,0.005300,0.426480
CVE-2023-36726,2023-10-10,HIGH,7.8,LOCAL,LOW,False,unmitigable,,No documented mitigation that preserves current use; re-role or replace,,secure@microsoft.com,3.1,false,false,0.007590,0.535100
CVE-2023-36729,2023-10-10,HIGH,7.8,LOCAL,LOW,False,unmitigable,,No documented mitigation that preserves current use; re-role or replace,,secure@microsoft.com,3.1,false,false,0.005890,0.461160
CVE-2023-36731,2023-10-10,HIGH,7.8,LOCAL,LOW,False,unmitigable,,No documented mitigation that preserves current use; re-role or replace,,secure@microsoft.com,3.1,false,false,0.078400,0.944980
CVE-2023-36732,2023-10-10,HIGH,7.8,LOCAL,LOW,False,unmitigable,,No documented mitigation that preserves current use; re-role or replace,,secure@microsoft.com,3.1,false,false,0.008070,0.552000
CVE-2023-36743,2023-10-10,HIGH,7.8,LOCAL,LOW,False,unmitigable,,No documented mitigation that preserves current use; re-role or replace,,secure@microsoft.com,3.1,false,false,0.040000,0.902040
CVE-2023-36776,2023-10-10,HIGH,7.0,LOCAL,LOW,False,unmitigable,,No documented mitigation that preserves current use; re-role or replace,,secure@microsoft.com,3.1,false,false,0.024450,0.837380
CVE-2023-36788,2023-09-12,HIGH,7.8,LOCAL,NONE,True,app_update,application,Update the affected application; it services independently of the OS,,secure@microsoft.com,3.1,false,false,0.010170,0.619640
CVE-2023-36792,2023-09-12,HIGH,7.8,LOCAL,NONE,True,app_update,application,Update the affected application; it services independently of the OS,,secure@microsoft.com,3.1,false,false,0.012250,0.676820
CVE-2023-36793,2023-09-12,HIGH,7.8,LOCAL,NONE,True,app_update,application,Update the affected application; it services independently of the OS,,secure@microsoft.com,3.1,false,false,0.012250,0.676820
CVE-2023-36794,2023-09-12,HIGH,7.8,LOCAL,NONE,True,app_update,application,Update the affected application; it services independently of the OS,,secure@microsoft.com,3.1,false,false,0.012250,0.676830
CVE-2023-36796,2023-09-12,HIGH,7.8,LOCAL,NONE,True,app_update,application,Update the affected application; it services independently of the OS,,secure@microsoft.com,3.1,false,false,0.012250,0.676820
CVE-2023-36802,2023-09-12,HIGH,7.8,LOCAL,LOW,False,unmitigable,,No documented mitigation that preserves current use; re-role or replace,,secure@microsoft.com,3.1,true,false,0.279090,0.980430
CVE-2023-36803,2023-09-12,MEDIUM,5.5,LOCAL,LOW,False,unmitigable,,No documented mitigation that preserves current use; re-role or replace,,secure@microsoft.com,3.1,false,false,0.009910,0.611290
CVE-2023-36804,2023-09-12,HIGH,7.8,LOCAL,LOW,False,unmitigable,,No documented mitigation that preserves current use; re-role or replace,,secure@microsoft.com,3.1,false,false,0.005980,0.466250
CVE-2023-36805,2023-09-12,HIGH,7.0,LOCAL,NONE,False,service_disable,ie,Disable Internet Explorer / MSHTML rendering and set Edge as the only browser,Microsoft IE retirement + ADV guidance,secure@microsoft.com,3.1,false,false,0.017620,0.771740
CVE-2023-36871,2023-07-11,MEDIUM,6.5,NETWORK,LOW,False,unmitigable,,No documented mitigation that preserves current use; re-role or replace,,secure@microsoft.com,3.1,false,false,0.011680,0.661600
CVE-2023-36873,2023-08-08,MEDIUM,5.9,NETWORK,NONE,True,app_update,application,Update the affected application; it services independently of the OS,,nvd@nist.gov,3.1,false,false,0.015040,0.733670
CVE-2023-36874,2023-07-11,HIGH,7.8,LOCAL,LOW,False,unmitigable,,No documented mitigation that preserves current use; re-role or replace,,secure@microsoft.com,3.1,true,false,0.425640,0.986680
CVE-2023-36882,2023-08-08,HIGH,8.8,NETWORK,NONE,False,network_isolate,network,Segment to a restricted VLAN and block inbound access at the host firewall,,secure@microsoft.com,3.1,false,false,0.013980,0.714060
CVE-2023-36884,2023-07-11,HIGH,7.5,NETWORK,NONE,False,service_disable,search,Disable the Windows Search indexer where not required,Microsoft service hardening guidance,nvd@nist.gov,3.1,true,true,0.989320,0.999280
CVE-2023-36889,2023-08-08,MEDIUM,5.5,LOCAL,LOW,False,unmitigable,,No documented mitigation that preserves current use; re-role or replace,,secure@microsoft.com,3.1,false,false,0.006280,0.481070
CVE-2023-36898,2023-08-08,HIGH,7.8,LOCAL,NONE,False,unmitigable,,No documented mitigation that preserves current use; re-role or replace,,secure@microsoft.com,3.1,false,false,0.007150,0.519550
CVE-2023-36899,2023-08-08,HIGH,8.8,NETWORK,LOW,True,app_update,application,Update the affected application; it services independently of the OS,,nvd@nist.gov,3.1,false,false,0.767140,0.995320
CVE-2023-36900,2023-08-08,HIGH,7.8,LOCAL,LOW,False,unmitigable,,No documented mitigation that preserves current use; re-role or replace,,secure@microsoft.com,3.1,false,false,0.105690,0.956450
CVE-2023-36902,2023-10-10,HIGH,7.0,LOCAL,NONE,False,unmitigable,,No documented mitigation that preserves current use; re-role or replace,,secure@microsoft.com,3.1,false,false,0.005610,0.445500
CVE-2023-36903,2023-08-08,CRITICAL,9.8,NETWORK,NONE,False,network_isolate,network,Segment to a restricted VLAN and block inbound access at the host firewall,,nvd@nist.gov,3.1,false,false,0.016150,0.750960
CVE-2023-36904,2023-08-08,HIGH,7.8,LOCAL,LOW,False,unmitigable,,No documented mitigation that preserves current use; re-role or replace,,secure@microsoft.com,3.1,false,false,0.005760,0.454390
CVE-2023-36905,2023-08-08,HIGH,7.5,NETWORK,NONE,False,network_isolate,network,Segment to a restricted VLAN and block inbound access at the host firewall,,nvd@nist.gov,3.1,false,false,0.017330,0.767720
CVE-2023-36906,2023-08-08,HIGH,7.5,NETWORK,NONE,False,network_isolate,network,Segment to a restricted VLAN and block inbound access at the host firewall,,nvd@nist.gov,3.1,false,false,0.019730,0.796880
CVE-2023-36907,2023-08-08,HIGH,7.5,NETWORK,NONE,False,network_isolate,network,Segment to a restricted VLAN and block inbound access at the host firewall,,nvd@nist.gov,3.1,false,false,0.017330,0.767730
CVE-2023-36908,2023-08-08,MEDIUM,6.5,ADJACENT_NETWORK,NONE,False,service_disable,hyperv,Remove the Hyper-V role on endpoints that do not host VMs,Microsoft Hyper-V role guidance,nvd@nist.gov,3.1,false,false,0.009650,0.602710
CVE-2023-36909,2023-08-08,MEDIUM,6.5,NETWORK,NONE,False,network_isolate,network,Segment to a restricted VLAN and block inbound access at the host firewall,,secure@microsoft.com,3.1,false,false,0.020640,0.806420
CVE-2023-36910,2023-08-08,CRITICAL,9.8,NETWORK,NONE,False,network_isolate,network,Segment to a restricted VLAN and block inbound access at the host firewall,,secure@microsoft.com,3.1,false,false,0.025100,0.841750
CVE-2023-36911,2023-08-08,CRITICAL,9.8,NETWORK,NONE,False,network_isolate,network,Segment to a restricted VLAN and block inbound access at the host firewall,,secure@microsoft.com,3.1,false,false,0.017050,0.764150
CVE-2023-36912,2023-08-08,HIGH,7.5,NETWORK,NONE,False,network_isolate,network,Segment to a restricted VLAN and block inbound access at the host firewall,,secure@microsoft.com,3.1,false,false,0.020660,0.806630
CVE-2023-36913,2023-08-08,HIGH,7.5,NETWORK,NONE,False,network_isolate,network,Segment to a restricted VLAN and block inbound access at the host firewall,,nvd@nist.gov,3.1,false,false,0.016930,0.762430
CVE-2023-36914,2023-08-08,MEDIUM,5.5,LOCAL,LOW,False,unmitigable,,No documented mitigation that preserves current use; re-role or replace,,secure@microsoft.com,3.1,false,false,0.005760,0.454360
CVE-2023-38039,2023-09-15,HIGH,7.5,NETWORK,NONE,False,network_isolate,network,Segment to a restricted VLAN and block inbound access at the host firewall,,nvd@nist.gov,3.1,false,false,0.580680,0.990650
CVE-2023-38139,2023-09-12,HIGH,7.8,LOCAL,LOW,False,unmitigable,,No documented mitigation that preserves current use; re-role or replace,,secure@microsoft.com,3.1,false,false,0.009340,0.592730
CVE-2023-38140,2023-09-12,MEDIUM,5.5,LOCAL,LOW,False,unmitigable,,No documented mitigation that preserves current use; re-role or replace,,secure@microsoft.com,3.1,false,false,0.010620,0.632990
CVE-2023-38141,2023-09-12,HIGH,7.8,LOCAL,LOW,False,unmitigable,,No documented mitigation that preserves current use; re-role or replace,,secure@microsoft.com,3.1,false,false,0.006270,0.480810
CVE-2023-38142,2023-09-12,HIGH,7.8,LOCAL,LOW,False,unmitigable,,No documented mitigation that preserves current use; re-role or replace,,secure@microsoft.com,3.1,false,false,0.060030,0.930960
CVE-2023-38143,2023-09-12,HIGH,7.8,LOCAL,LOW,False,unmitigable,,No documented mitigation that preserves current use; re-role or replace,,secure@microsoft.com,3.1,false,false,0.036870,0.893250
CVE-2023-38144,2023-09-12,HIGH,7.8,LOCAL,LOW,False,unmitigable,,No documented mitigation that preserves current use; re-role or replace,,secure@microsoft.com,3.1,false,false,0.037300,0.894600
CVE-2023-38146,2023-09-12,HIGH,8.8,NETWORK,NONE,False,network_isolate,network,Segment to a restricted VLAN and block inbound access at the host firewall,,secure@microsoft.com,3.1,false,false,0.373810,0.984840
CVE-2023-38147,2023-09-12,HIGH,8.8,ADJACENT_NETWORK,NONE,False,network_isolate,network,Segment to a restricted VLAN and block inbound access at the host firewall,,secure@microsoft.com,3.1,false,false,0.008890,0.578170
CVE-2023-38148,2023-09-12,HIGH,8.8,ADJACENT_NETWORK,NONE,False,network_isolate,network,Segment to a restricted VLAN and block inbound access at the host firewall,,secure@microsoft.com,3.1,false,false,0.076970,0.944140
CVE-2023-38149,2023-09-12,HIGH,7.5,NETWORK,NONE,False,network_isolate,network,Segment to a restricted VLAN and block inbound access at the host firewall,,secure@microsoft.com,3.1,false,false,0.044800,0.911470
CVE-2023-38150,2023-09-12,HIGH,7.8,LOCAL,LOW,False,unmitigable,,No documented mitigation that preserves current use; re-role or replace,,secure@microsoft.com,3.1,false,false,0.005640,0.448140
CVE-2023-38159,2023-10-10,HIGH,7.0,LOCAL,LOW,False,unmitigable,,No documented mitigation that preserves current use; re-role or replace,,secure@microsoft.com,3.1,false,false,0.055940,0.926480
CVE-2023-38160,2023-09-12,MEDIUM,5.5,LOCAL,LOW,False,unmitigable,,No documented mitigation that preserves current use; re-role or replace,,secure@microsoft.com,3.1,false,false,0.009390,0.594410
CVE-2023-38161,2023-09-12,HIGH,7.8,LOCAL,LOW,False,unmitigable,,No documented mitigation that preserves current use; re-role or replace,,secure@microsoft.com,3.1,false,false,0.005900,0.461550
CVE-2023-38166,2023-10-10,HIGH,8.1,NETWORK,NONE,False,network_isolate,network,Segment to a restricted VLAN and block inbound access at the host firewall,,secure@microsoft.com,3.1,false,false,0.012560,0.684020
CVE-2023-38171,2023-10-10,HIGH,7.5,NETWORK,NONE,False,network_isolate,network,Segment to a restricted VLAN and block inbound access at the host firewall,,secure@microsoft.com,3.1,false,false,0.697060,0.993500
CVE-2023-38172,2023-08-08,HIGH,7.5,NETWORK,NONE,False,network_isolate,network,Segment to a restricted VLAN and block inbound access at the host firewall,,secure@microsoft.com,3.1,false,false,0.019700,0.796510
CVE-2023-38184,2023-08-08,HIGH,7.5,NETWORK,LOW,False,unmitigable,,No documented mitigation that preserves current use; re-role or replace,,secure@microsoft.com,3.1,false,false,0.014630,0.726360
CVE-2023-38186,2023-08-08,CRITICAL,9.8,NETWORK,NONE,False,network_isolate,network,Segment to a restricted VLAN and block inbound access at the host firewall,,nvd@nist.gov,3.1,false,false,0.013040,0.694240
CVE-2023-38254,2023-08-08,MEDIUM,6.5,NETWORK,NONE,False,network_isolate,network,Segment to a restricted VLAN and block inbound access at the host firewall,,secure@microsoft.com,3.1,false,false,0.016390,0.754540
CVE-2023-38545,2023-10-18,CRITICAL,9.8,NETWORK,NONE,False,network_isolate,network,Segment to a restricted VLAN and block inbound access at the host firewall,,nvd@nist.gov,3.1,false,false,0.784830,0.995730
CVE-2023-41765,2023-10-10,HIGH,8.1,NETWORK,NONE,False,network_isolate,network,Segment to a restricted VLAN and block inbound access at the host firewall,,secure@microsoft.com,3.1,false,false,0.012560,0.684030
CVE-2023-41766,2023-10-10,HIGH,7.8,LOCAL,LOW,False,unmitigable,,No documented mitigation that preserves current use; re-role or replace,,secure@microsoft.com,3.1,false,false,0.012790,0.688980
CVE-2023-41767,2023-10-10,HIGH,8.1,NETWORK,NONE,False,network_isolate,network,Segment to a restricted VLAN and block inbound access at the host firewall,,secure@microsoft.com,3.1,false,false,0.012560,0.684030
CVE-2023-41768,2023-10-10,HIGH,8.1,NETWORK,NONE,False,network_isolate,network,Segment to a restricted VLAN and block inbound access at the host firewall,,secure@microsoft.com,3.1,false,false,0.012560,0.684020
CVE-2023-41769,2023-10-10,HIGH,8.1,NETWORK,NONE,False,network_isolate,network,Segment to a restricted VLAN and block inbound access at the host firewall,,secure@microsoft.com,3.1,false,false,0.012560,0.684030
CVE-2023-41770,2023-10-10,HIGH,8.1,NETWORK,NONE,False,network_isolate,network,Segment to a restricted VLAN and block inbound access at the host firewall,,secure@microsoft.com,3.1,false,false,0.012560,0.684030
CVE-2023-41771,2023-10-10,HIGH,8.1,NETWORK,NONE,False,network_isolate,network,Segment to a restricted VLAN and block inbound access at the host firewall,,secure@microsoft.com,3.1,false,false,0.012560,0.684020
CVE-2023-41772,2023-10-10,HIGH,7.8,LOCAL,LOW,False,unmitigable,,No documented mitigation that preserves current use; re-role or replace,,secure@microsoft.com,3.1,false,false,0.117560,0.959470
CVE-2023-41773,2023-10-10,HIGH,8.1,NETWORK,NONE,False,network_isolate,network,Segment to a restricted VLAN and block inbound access at the host firewall,,secure@microsoft.com,3.1,false,false,0.012600,0.684960
CVE-2023-41774,2023-10-10,HIGH,8.1,NETWORK,NONE,False,network_isolate,network,Segment to a restricted VLAN and block inbound access at the host firewall,,secure@microsoft.com,3.1,false,false,0.012600,0.684960
CVE-2023-44216,2023-09-27,MEDIUM,5.3,NETWORK,NONE,False,network_isolate,network,Segment to a restricted VLAN and block inbound access at the host firewall,,nvd@nist.gov,3.1,false,false,0.016040,0.749370
CVE-2023-44487,2023-10-10,HIGH,7.5,NETWORK,NONE,False,network_isolate,network,Segment to a restricted VLAN and block inbound access at the host firewall,,nvd@nist.gov,3.1,true,false,0.999990,0.999980
CVE-2023-6407,2023-12-14,HIGH,7.1,LOCAL,LOW,True,app_update,application,Update the affected application; it services independently of the OS,,nvd@nist.gov,3.1,false,false,0.002360,0.131710
CVE-2024-0056,2024-01-09,HIGH,8.7,NETWORK,NONE,True,app_update,application,Update the affected application; it services independently of the OS,,secure@microsoft.com,3.1,false,false,0.011700,0.662200
CVE-2024-0057,2024-01-09,CRITICAL,9.8,NETWORK,NONE,True,app_update,application,Update the affected application; it services independently of the OS,,nvd@nist.gov,3.1,false,false,0.027550,0.856980
CVE-2024-20652,2024-01-09,HIGH,8.1,NETWORK,NONE,False,network_isolate,network,Segment to a restricted VLAN and block inbound access at the host firewall,,nvd@nist.gov,3.1,false,false,0.020840,0.808360
CVE-2024-20653,2024-01-09,HIGH,7.8,LOCAL,LOW,False,unmitigable,,No documented mitigation that preserves current use; re-role or replace,,secure@microsoft.com,3.1,false,false,0.044930,0.911720
CVE-2024-20654,2024-01-09,HIGH,8.0,NETWORK,LOW,False,unmitigable,,No documented mitigation that preserves current use; re-role or replace,,secure@microsoft.com,3.1,false,false,0.019900,0.798740
CVE-2024-20657,2024-01-09,HIGH,7.0,LOCAL,LOW,False,unmitigable,,No documented mitigation that preserves current use; re-role or replace,,secure@microsoft.com,3.1,false,false,0.005690,0.450310
CVE-2024-20658,2024-01-09,HIGH,7.8,LOCAL,LOW,False,unmitigable,,No documented mitigation that preserves current use; re-role or replace,,secure@microsoft.com,3.1,false,false,0.007060,0.515860
CVE-2024-20659,2024-10-08,HIGH,7.1,ADJACENT_NETWORK,NONE,False,service_disable,hyperv,Remove the Hyper-V role on endpoints that do not host VMs,Microsoft Hyper-V role guidance,secure@microsoft.com,3.1,false,false,0.009480,0.597310
CVE-2024-20660,2024-01-09,MEDIUM,6.5,NETWORK,LOW,False,unmitigable,,No documented mitigation that preserves current use; re-role or replace,,secure@microsoft.com,3.1,false,false,0.020390,0.803850
CVE-2024-20661,2024-01-09,HIGH,7.5,NETWORK,NONE,False,network_isolate,network,Segment to a restricted VLAN and block inbound access at the host firewall,,secure@microsoft.com,3.1,false,false,0.027590,0.857210
CVE-2024-20663,2024-01-09,MEDIUM,6.5,NETWORK,LOW,False,unmitigable,,No documented mitigation that preserves current use; re-role or replace,,secure@microsoft.com,3.1,false,false,0.019250,0.791840
CVE-2024-20664,2024-01-09,MEDIUM,6.5,NETWORK,LOW,False,unmitigable,,No documented mitigation that preserves current use; re-role or replace,,secure@microsoft.com,3.1,false,false,0.019970,0.799420
CVE-2024-20665,2024-04-09,MEDIUM,6.7,LOCAL,HIGH,False,unmitigable,,No documented mitigation that preserves current use; re-role or replace,,nvd@nist.gov,3.1,false,false,0.007270,0.523810
CVE-2024-20666,2024-01-09,MEDIUM,6.6,PHYSICAL,LOW,False,unmitigable,,No documented mitigation that preserves current use; re-role or replace,,secure@microsoft.com,3.1,false,false,0.031040,0.872910
CVE-2024-20669,2024-04-09,MEDIUM,6.7,LOCAL,HIGH,False,unmitigable,,No documented mitigation that preserves current use; re-role or replace,,secure@microsoft.com,3.1,false,false,0.006110,0.472720
CVE-2024-20674,2024-01-09,HIGH,8.8,NETWORK,NONE,False,network_isolate,network,Segment to a restricted VLAN and block inbound access at the host firewall,,secure@microsoft.com,3.1,false,false,0.171680,0.969990
CVE-2024-20678,2024-04-09,HIGH,8.8,NETWORK,LOW,False,unmitigable,,No documented mitigation that preserves current use; re-role or replace,,secure@microsoft.com,3.1,false,false,0.025180,0.842500
CVE-2024-20680,2024-01-09,MEDIUM,6.5,NETWORK,LOW,False,unmitigable,,No documented mitigation that preserves current use; re-role or replace,,secure@microsoft.com,3.1,false,false,0.020390,0.803850
CVE-2024-20681,2024-01-09,HIGH,7.8,LOCAL,LOW,False,unmitigable,,No documented mitigation that preserves current use; re-role or replace,,secure@microsoft.com,3.1,false,false,0.007000,0.513690
CVE-2024-20682,2024-01-09,HIGH,7.8,LOCAL,LOW,False,unmitigable,,No documented mitigation that preserves current use; re-role or replace,,secure@microsoft.com,3.1,false,false,0.007570,0.534690
CVE-2024-20683,2024-01-09,HIGH,7.8,LOCAL,LOW,False,unmitigable,,No documented mitigation that preserves current use; re-role or replace,,secure@microsoft.com,3.1,false,false,0.042070,0.906460
CVE-2024-20684,2024-02-13,MEDIUM,6.5,LOCAL,LOW,False,service_disable,hyperv,Remove the Hyper-V role on endpoints that do not host VMs,Microsoft Hyper-V role guidance,secure@microsoft.com,3.1,false,false,0.010300,0.623660
CVE-2024-20687,2024-01-09,HIGH,7.5,NETWORK,NONE,False,network_isolate,network,Segment to a restricted VLAN and block inbound access at the host firewall,,secure@microsoft.com,3.1,false,false,0.025030,0.841340
CVE-2024-20690,2024-01-09,MEDIUM,6.5,NETWORK,NONE,False,network_isolate,network,Segment to a restricted VLAN and block inbound access at the host firewall,,secure@microsoft.com,3.1,false,false,0.013250,0.698720
CVE-2024-20691,2024-01-09,MEDIUM,4.7,LOCAL,LOW,False,unmitigable,,No documented mitigation that preserves current use; re-role or replace,,secure@microsoft.com,3.1,false,false,0.005870,0.459990
CVE-2024-20692,2024-01-09,MEDIUM,5.7,NETWORK,LOW,False,unmitigable,,No documented mitigation that preserves current use; re-role or replace,,nvd@nist.gov,3.1,false,false,0.011830,0.666010
CVE-2024-20693,2024-04-09,HIGH,7.8,LOCAL,LOW,False,unmitigable,,No documented mitigation that preserves current use; re-role or replace,,secure@microsoft.com,3.1,false,false,0.008410,0.562870
CVE-2024-20694,2024-01-09,MEDIUM,5.5,LOCAL,LOW,False,unmitigable,,No documented mitigation that preserves current use; re-role or replace,,secure@microsoft.com,3.1,false,false,0.008870,0.577500
CVE-2024-20696,2024-01-09,HIGH,7.3,LOCAL,LOW,False,unmitigable,,No documented mitigation that preserves current use; re-role or replace,,secure@microsoft.com,3.1,false,false,0.031280,0.873940
CVE-2024-20697,2024-01-09,HIGH,7.3,LOCAL,LOW,False,unmitigable,,No documented mitigation that preserves current use; re-role or replace,,secure@microsoft.com,3.1,false,false,0.721630,0.994170
CVE-2024-20698,2024-01-09,HIGH,7.8,LOCAL,LOW,False,unmitigable,,No documented mitigation that preserves current use; re-role or replace,,secure@microsoft.com,3.1,false,false,0.086470,0.949490
CVE-2024-20699,2024-01-09,MEDIUM,5.5,LOCAL,LOW,False,service_disable,hyperv,Remove the Hyper-V role on endpoints that do not host VMs,Microsoft Hyper-V role guidance,secure@microsoft.com,3.1,false,false,0.007390,0.528450
CVE-2024-20700,2024-01-09,HIGH,7.5,ADJACENT_NETWORK,NONE,False,service_disable,hyperv,Remove the Hyper-V role on endpoints that do not host VMs,Microsoft Hyper-V role guidance,secure@microsoft.com,3.1,false,false,0.039500,0.900770
CVE-2024-21302,2024-08-08,MEDIUM,6.7,LOCAL,HIGH,False,unmitigable,,No documented mitigation that preserves current use; re-role or replace,,secure@microsoft.com,3.1,false,false,0.015720,0.744600
CVE-2024-21304,2024-02-13,MEDIUM,4.1,LOCAL,HIGH,False,unmitigable,,No documented mitigation that preserves current use; re-role or replace,,secure@microsoft.com,3.1,false,false,0.004820,0.392500
CVE-2024-21305,2024-01-09,MEDIUM,4.4,LOCAL,HIGH,False,unmitigable,,No documented mitigation that preserves current use; re-role or replace,,secure@microsoft.com,3.1,false,false,0.015070,0.734080
CVE-2024-21306,2024-01-09,MEDIUM,5.7,ADJACENT_NETWORK,NONE,False,service_disable,bluetooth,Disable the Bluetooth radio/stack by policy where unused,Microsoft Bluetooth hardening guidance,secure@microsoft.com,3.1,false,false,0.057830,0.928570
CVE-2024-21307,2024-01-09,HIGH,7.5,NETWORK,NONE,False,service_disable,rdp,"Disable Remote Desktop, or require Network Level Authentication and gate by firewall",Microsoft CVE-2019-0708 guidance,secure@microsoft.com,3.1,false,false,0.019630,0.795890
CVE-2024-21309,2024-01-09,HIGH,7.8,LOCAL,LOW,False,unmitigable,,No documented mitigation that preserves current use; re-role or replace,,secure@microsoft.com,3.1,false,false,0.007570,0.534690
CVE-2024-21310,2024-01-09,HIGH,7.8,LOCAL,LOW,False,unmitigable,,No documented mitigation that preserves current use; re-role or replace,,secure@microsoft.com,3.1,false,false,0.115090,0.958950
CVE-2024-21311,2024-01-09,MEDIUM,5.5,LOCAL,LOW,False,unmitigable,,No documented mitigation that preserves current use; re-role or replace,,secure@microsoft.com,3.1,false,false,0.007830,0.543480
CVE-2024-21312,2024-01-09,HIGH,7.5,NETWORK,NONE,True,app_update,application,Update the affected application; it services independently of the OS,,secure@microsoft.com,3.1,false,false,0.035780,0.890110
CVE-2024-21313,2024-01-09,MEDIUM,5.3,NETWORK,NONE,False,network_isolate,network,Segment to a restricted VLAN and block inbound access at the host firewall,,secure@microsoft.com,3.1,false,false,0.014990,0.732820
CVE-2024-21314,2024-01-09,MEDIUM,6.5,NETWORK,LOW,False,unmitigable,,No documented mitigation that preserves current use; re-role or replace,,secure@microsoft.com,3.1,false,false,0.020780,0.807720
CVE-2024-21315,2024-02-13,HIGH,7.8,LOCAL,LOW,True,app_update,application,Update the affected application; it services independently of the OS,,nvd@nist.gov,3.1,false,false,0.006390,0.486430
CVE-2024-21316,2024-01-09,MEDIUM,6.1,NETWORK,HIGH,False,unmitigable,,No documented mitigation that preserves current use; re-role or replace,,secure@microsoft.com,3.1,false,false,0.014750,0.728590
CVE-2024-21320,2024-01-09,MEDIUM,6.5,NETWORK,NONE,False,network_isolate,network,Segment to a restricted VLAN and block inbound access at the host firewall,,nvd@nist.gov,3.1,false,false,0.227730,0.976660
CVE-2024-21338,2024-02-13,HIGH,7.8,LOCAL,LOW,False,unmitigable,,No documented mitigation that preserves current use; re-role or replace,,secure@microsoft.com,3.1,true,true,0.598100,0.991050
CVE-2024-21339,2024-02-13,MEDIUM,6.4,PHYSICAL,NONE,False,unmitigable,,No documented mitigation that preserves current use; re-role or replace,,secure@microsoft.com,3.1,false,false,0.005510,0.439890
CVE-2024-21340,2024-02-13,MEDIUM,4.6,PHYSICAL,NONE,False,unmitigable,,No documented mitigation that preserves current use; re-role or replace,,secure@microsoft.com,3.1,false,false,0.007520,0.532650
CVE-2024-21341,2024-02-13,MEDIUM,6.8,PHYSICAL,NONE,False,unmitigable,,No documented mitigation that preserves current use; re-role or replace,,secure@microsoft.com,3.1,false,false,0.009520,0.598480
CVE-2024-21342,2024-02-13,HIGH,7.5,NETWORK,NONE,False,network_isolate,network,Segment to a restricted VLAN and block inbound access at the host firewall,,secure@microsoft.com,3.1,false,false,0.025350,0.843580
CVE-2024-21343,2024-02-13,HIGH,7.5,NETWORK,NONE,False,network_isolate,network,Segment to a restricted VLAN and block inbound access at the host firewall,,nvd@nist.gov,3.1,false,false,0.018420,0.781990
CVE-2024-21344,2024-02-13,MEDIUM,5.9,NETWORK,NONE,False,network_isolate,network,Segment to a restricted VLAN and block inbound access at the host firewall,,secure@microsoft.com,3.1,false,false,0.016910,0.762160
CVE-2024-21346,2024-02-13,HIGH,7.8,LOCAL,LOW,False,unmitigable,,No documented mitigation that preserves current use; re-role or replace,,secure@microsoft.com,3.1,false,false,0.041200,0.904620
CVE-2024-21347,2024-02-13,HIGH,7.5,NETWORK,NONE,False,network_isolate,network,Segment to a restricted VLAN and block inbound access at the host firewall,,secure@microsoft.com,3.1,false,false,0.013720,0.709200
CVE-2024-21348,2024-02-13,HIGH,7.5,NETWORK,NONE,False,network_isolate,network,Segment to a restricted VLAN and block inbound access at the host firewall,,secure@microsoft.com,3.1,false,false,0.021760,0.816460
CVE-2024-21349,2024-02-13,HIGH,8.8,NETWORK,NONE,False,network_isolate,network,Segment to a restricted VLAN and block inbound access at the host firewall,,secure@microsoft.com,3.1,false,false,0.016440,0.755350
CVE-2024-21350,2024-02-13,HIGH,8.8,NETWORK,NONE,False,network_isolate,network,Segment to a restricted VLAN and block inbound access at the host firewall,,secure@microsoft.com,3.1,false,false,0.014840,0.730270
CVE-2024-21351,2024-02-13,HIGH,7.6,NETWORK,NONE,False,network_isolate,network,Segment to a restricted VLAN and block inbound access at the host firewall,,secure@microsoft.com,3.1,true,false,0.277980,0.980350
CVE-2024-21352,2024-02-13,HIGH,8.8,NETWORK,NONE,False,network_isolate,network,Segment to a restricted VLAN and block inbound access at the host firewall,,secure@microsoft.com,3.1,false,false,0.016280,0.752800
CVE-2024-21354,2024-02-13,HIGH,7.8,LOCAL,LOW,False,unmitigable,,No documented mitigation that preserves current use; re-role or replace,,secure@microsoft.com,3.1,false,false,0.006140,0.474600
CVE-2024-21355,2024-02-13,HIGH,7.0,LOCAL,LOW,False,unmitigable,,No documented mitigation that preserves current use; re-role or replace,,secure@microsoft.com,3.1,false,false,0.003220,0.228920
CVE-2024-21356,2024-02-13,MEDIUM,6.5,NETWORK,LOW,False,unmitigable,,No documented mitigation that preserves current use; re-role or replace,,secure@microsoft.com,3.1,false,false,0.020790,0.807860
CVE-2024-21357,2024-02-13,HIGH,8.1,NETWORK,NONE,False,network_isolate,network,Segment to a restricted VLAN and block inbound access at the host firewall,,secure@microsoft.com,3.1,false,false,0.268990,0.979770
CVE-2024-21358,2024-02-13,HIGH,8.8,NETWORK,NONE,False,network_isolate,network,Segment to a restricted VLAN and block inbound access at the host firewall,,secure@microsoft.com,3.1,false,false,0.017680,0.772690
CVE-2024-21359,2024-02-13,HIGH,8.8,NETWORK,NONE,False,network_isolate,network,Segment to a restricted VLAN and block inbound access at the host firewall,,secure@microsoft.com,3.1,false,false,0.016440,0.755350
CVE-2024-21360,2024-02-13,HIGH,8.8,NETWORK,NONE,False,network_isolate,network,Segment to a restricted VLAN and block inbound access at the host firewall,,secure@microsoft.com,3.1,false,false,0.017680,0.772690
CVE-2024-21361,2024-02-13,HIGH,8.8,NETWORK,NONE,False,network_isolate,network,Segment to a restricted VLAN and block inbound access at the host firewall,,secure@microsoft.com,3.1,false,false,0.016440,0.755360
CVE-2024-21362,2024-02-13,MEDIUM,5.5,LOCAL,LOW,False,unmitigable,,No documented mitigation that preserves current use; re-role or replace,,secure@microsoft.com,3.1,false,false,0.004230,0.342890
CVE-2024-21363,2024-02-13,HIGH,7.8,LOCAL,LOW,False,unmitigable,,No documented mitigation that preserves current use; re-role or replace,,nvd@nist.gov,3.1,false,false,0.008010,0.549680
CVE-2024-21365,2024-02-13,HIGH,8.8,NETWORK,NONE,False,network_isolate,network,Segment to a restricted VLAN and block inbound access at the host firewall,,secure@microsoft.com,3.1,false,false,0.017680,0.772700
CVE-2024-21366,2024-02-13,HIGH,8.8,NETWORK,NONE,False,network_isolate,network,Segment to a restricted VLAN and block inbound access at the host firewall,,secure@microsoft.com,3.1,false,false,0.017680,0.772690
CVE-2024-21367,2024-02-13,HIGH,8.8,NETWORK,NONE,False,network_isolate,network,Segment to a restricted VLAN and block inbound access at the host firewall,,secure@microsoft.com,3.1,false,false,0.016440,0.755350
CVE-2024-21368,2024-02-13,HIGH,8.8,NETWORK,NONE,False,network_isolate,network,Segment to a restricted VLAN and block inbound access at the host firewall,,secure@microsoft.com,3.1,false,false,0.016440,0.755350
CVE-2024-21369,2024-02-13,HIGH,8.8,NETWORK,NONE,False,network_isolate,network,Segment to a restricted VLAN and block inbound access at the host firewall,,secure@microsoft.com,3.1,false,false,0.015490,0.741240
CVE-2024-21370,2024-02-13,HIGH,8.8,NETWORK,NONE,False,network_isolate,network,Segment to a restricted VLAN and block inbound access at the host firewall,,secure@microsoft.com,3.1,false,false,0.017680,0.772700
CVE-2024-21371,2024-02-13,HIGH,7.0,LOCAL,LOW,False,unmitigable,,No documented mitigation that preserves current use; re-role or replace,,secure@microsoft.com,3.1,false,false,0.108840,0.957310
CVE-2024-21372,2024-02-13,HIGH,8.8,NETWORK,NONE,False,network_isolate,network,Segment to a restricted VLAN and block inbound access at the host firewall,,secure@microsoft.com,3.1,false,false,0.018060,0.777390
CVE-2024-21375,2024-02-13,HIGH,8.8,NETWORK,NONE,False,network_isolate,network,Segment to a restricted VLAN and block inbound access at the host firewall,,secure@microsoft.com,3.1,false,false,0.016520,0.756400
CVE-2024-21377,2024-02-13,MEDIUM,5.5,LOCAL,LOW,False,unmitigable,,No documented mitigation that preserves current use; re-role or replace,,nvd@nist.gov,3.1,false,false,0.006490,0.491680
CVE-2024-21391,2024-02-13,HIGH,8.8,NETWORK,NONE,False,network_isolate,network,Segment to a restricted VLAN and block inbound access at the host firewall,,secure@microsoft.com,3.1,false,false,0.016280,0.752800
CVE-2024-21405,2024-02-13,HIGH,7.0,LOCAL,LOW,False,unmitigable,,No documented mitigation that preserves current use; re-role or replace,,secure@microsoft.com,3.1,false,false,0.003840,0.300140
CVE-2024-21406,2024-02-13,HIGH,7.5,NETWORK,NONE,False,network_isolate,network,Segment to a restricted VLAN and block inbound access at the host firewall,,secure@microsoft.com,3.1,false,false,0.008560,0.568090
CVE-2024-21407,2024-03-12,HIGH,8.1,NETWORK,NONE,False,service_disable,hyperv,Remove the Hyper-V role on endpoints that do not host VMs,Microsoft Hyper-V role guidance,secure@microsoft.com,3.1,false,false,0.162560,0.968530
CVE-2024-21408,2024-03-12,MEDIUM,5.5,LOCAL,LOW,False,service_disable,hyperv,Remove the Hyper-V role on endpoints that do not host VMs,Microsoft Hyper-V role guidance,secure@microsoft.com,3.1,false,false,0.045070,0.911960
CVE-2024-21409,2024-04-09,HIGH,7.3,LOCAL,LOW,True,app_update,application,Update the affected application; it services independently of the OS,,secure@microsoft.com,3.1,false,false,0.025130,0.842000
CVE-2024-21412,2024-02-13,HIGH,8.1,NETWORK,NONE,False,network_isolate,network,Segment to a restricted VLAN and block inbound access at the host firewall,,secure@microsoft.com,3.1,true,true,0.994100,0.999410
CVE-2024-21416,2024-09-10,CRITICAL,9.8,NETWORK,NONE,False,network_isolate,network,Segment to a restricted VLAN and block inbound access at the host firewall,,nvd@nist.gov,3.1,false,false,0.013810,0.711000
CVE-2024-21417,2024-07-10,HIGH,8.8,LOCAL,LOW,False,unmitigable,,No documented mitigation that preserves current use; re-role or replace,,secure@microsoft.com,3.1,false,false,0.003670,0.281310
CVE-2024-21420,2024-02-13,HIGH,8.8,NETWORK,NONE,False,network_isolate,network,Segment to a restricted VLAN and block inbound access at the host firewall,,secure@microsoft.com,3.1,false,false,0.017300,0.767410
CVE-2024-21429,2024-03-12,MEDIUM,6.8,PHYSICAL,NONE,False,unmitigable,,No documented mitigation that preserves current use; re-role or replace,,secure@microsoft.com,3.1,false,false,0.009040,0.582840
CVE-2024-21430,2024-03-12,MEDIUM,6.4,PHYSICAL,NONE,False,unmitigable,,No documented mitigation that preserves current use; re-role or replace,,nvd@nist.gov,3.1,false,false,0.007050,0.515540
CVE-2024-21431,2024-03-12,MEDIUM,6.7,LOCAL,HIGH,False,unmitigable,,No documented mitigation that preserves current use; re-role or replace,,nvd@nist.gov,3.1,false,false,0.006370,0.485820
CVE-2024-21432,2024-03-12,HIGH,7.0,LOCAL,LOW,False,unmitigable,,No documented mitigation that preserves current use; re-role or replace,,secure@microsoft.com,3.1,false,false,0.006890,0.509210
CVE-2024-21433,2024-03-12,HIGH,7.0,LOCAL,LOW,False,service_disable,spooler,Stop and disable the Print Spooler service on devices that do not print,Microsoft ADV / KB5005010,secure@microsoft.com,3.1,false,false,0.051380,0.921340
CVE-2024-21434,2024-03-12,HIGH,7.8,LOCAL,LOW,False,unmitigable,,No documented mitigation that preserves current use; re-role or replace,,secure@microsoft.com,3.1,false,false,0.008250,0.557870
CVE-2024-21435,2024-03-12,HIGH,8.8,NETWORK,NONE,False,network_isolate,network,Segment to a restricted VLAN and block inbound access at the host firewall,,secure@microsoft.com,3.1,false,false,0.020260,0.802640
CVE-2024-21436,2024-03-12,HIGH,7.8,LOCAL,LOW,False,unmitigable,,No documented mitigation that preserves current use; re-role or replace,,secure@microsoft.com,3.1,false,false,0.007210,0.521650
CVE-2024-21437,2024-03-12,HIGH,7.8,LOCAL,LOW,False,unmitigable,,No documented mitigation that preserves current use; re-role or replace,,secure@microsoft.com,3.1,false,false,0.080310,0.946040
CVE-2024-21438,2024-03-12,HIGH,7.5,NETWORK,NONE,False,network_isolate,network,Segment to a restricted VLAN and block inbound access at the host firewall,,secure@microsoft.com,3.1,false,false,0.027180,0.854880
CVE-2024-21439,2024-03-12,HIGH,7.0,LOCAL,LOW,False,unmitigable,,No documented mitigation that preserves current use; re-role or replace,,secure@microsoft.com,3.1,false,false,0.005200,0.419790
CVE-2024-21440,2024-03-12,HIGH,8.8,NETWORK,NONE,False,network_isolate,network,Segment to a restricted VLAN and block inbound access at the host firewall,,secure@microsoft.com,3.1,false,false,0.020260,0.802640
CVE-2024-21441,2024-03-12,HIGH,8.8,NETWORK,NONE,False,network_isolate,network,Segment to a restricted VLAN and block inbound access at the host firewall,,secure@microsoft.com,3.1,false,false,0.019470,0.794390
CVE-2024-21442,2024-03-12,HIGH,7.8,LOCAL,LOW,False,unmitigable,,No documented mitigation that preserves current use; re-role or replace,,secure@microsoft.com,3.1,false,false,0.008250,0.557870
CVE-2024-21443,2024-03-12,HIGH,7.3,LOCAL,LOW,False,unmitigable,,No documented mitigation that preserves current use; re-role or replace,,secure@microsoft.com,3.1,false,false,0.012860,0.690550
CVE-2024-21444,2024-03-12,HIGH,8.8,NETWORK,NONE,False,network_isolate,network,Segment to a restricted VLAN and block inbound access at the host firewall,,secure@microsoft.com,3.1,false,false,0.019470,0.794390
CVE-2024-21445,2024-03-12,HIGH,7.0,LOCAL,LOW,False,unmitigable,,No documented mitigation that preserves current use; re-role or replace,,secure@microsoft.com,3.1,false,false,0.005410,0.433360
CVE-2024-21446,2024-03-12,HIGH,7.8,LOCAL,LOW,False,unmitigable,,No documented mitigation that preserves current use; re-role or replace,,secure@microsoft.com,3.1,false,false,0.006630,0.497950
CVE-2024-21447,2024-04-09,HIGH,7.8,LOCAL,LOW,False,unmitigable,,No documented mitigation that preserves current use; re-role or replace,,secure@microsoft.com,3.1,false,false,0.013720,0.709030
CVE-2024-21450,2024-03-12,HIGH,8.8,NETWORK,NONE,False,network_isolate,network,Segment to a restricted VLAN and block inbound access at the host firewall,,secure@microsoft.com,3.1,false,false,0.020260,0.802640
CVE-2024-21451,2024-03-12,HIGH,8.8,NETWORK,NONE,False,network_isolate,network,Segment to a restricted VLAN and block inbound access at the host firewall,,secure@microsoft.com,3.1,false,false,0.019470,0.794380
CVE-2024-26158,2024-04-09,HIGH,7.8,LOCAL,LOW,False,unmitigable,,No documented mitigation that preserves current use; re-role or replace,,secure@microsoft.com,3.1,false,false,0.122580,0.960560
CVE-2024-26159,2024-03-12,HIGH,8.8,NETWORK,NONE,False,network_isolate,network,Segment to a restricted VLAN and block inbound access at the host firewall,,secure@microsoft.com,3.1,false,false,0.019470,0.794380
CVE-2024-26160,2024-03-12,MEDIUM,5.5,LOCAL,LOW,False,unmitigable,,No documented mitigation that preserves current use; re-role or replace,,secure@microsoft.com,3.1,false,false,0.113680,0.958610
CVE-2024-26161,2024-03-12,HIGH,8.8,NETWORK,NONE,False,network_isolate,network,Segment to a restricted VLAN and block inbound access at the host firewall,,secure@microsoft.com,3.1,false,false,0.019470,0.794380
CVE-2024-26162,2024-03-12,HIGH,8.8,NETWORK,NONE,False,network_isolate,network,Segment to a restricted VLAN and block inbound access at the host firewall,,secure@microsoft.com,3.1,false,false,0.020240,0.802450
CVE-2024-26166,2024-03-12,HIGH,8.8,NETWORK,NONE,False,network_isolate,network,Segment to a restricted VLAN and block inbound access at the host firewall,,secure@microsoft.com,3.1,false,false,0.020260,0.802650
CVE-2024-26168,2024-04-09,MEDIUM,6.8,PHYSICAL,NONE,False,unmitigable,,No documented mitigation that preserves current use; re-role or replace,,secure@microsoft.com,3.1,false,false,0.009500,0.598060
CVE-2024-26169,2024-03-12,HIGH,7.8,LOCAL,LOW,False,unmitigable,,No documented mitigation that preserves current use; re-role or replace,,secure@microsoft.com,3.1,true,true,0.040140,0.902320
CVE-2024-26170,2024-03-12,HIGH,7.8,LOCAL,LOW,False,unmitigable,,No documented mitigation that preserves current use; re-role or replace,,secure@microsoft.com,3.1,false,false,0.066470,0.936630
CVE-2024-26171,2024-04-09,MEDIUM,6.7,LOCAL,HIGH,False,unmitigable,,No documented mitigation that preserves current use; re-role or replace,,secure@microsoft.com,3.1,false,false,0.006360,0.485430
CVE-2024-26172,2024-04-09,MEDIUM,5.5,LOCAL,LOW,False,unmitigable,,No documented mitigation that preserves current use; re-role or replace,,secure@microsoft.com,3.1,false,false,0.007220,0.521920
CVE-2024-26173,2024-03-12,HIGH,7.8,LOCAL,LOW,False,unmitigable,,No documented mitigation that preserves current use; re-role or replace,,secure@microsoft.com,3.1,false,false,0.008940,0.579590
CVE-2024-26174,2024-03-12,MEDIUM,5.5,LOCAL,LOW,False,unmitigable,,No documented mitigation that preserves current use; re-role or replace,,secure@microsoft.com,3.1,false,false,0.009200,0.587940
CVE-2024-26175,2024-04-09,HIGH,7.8,LOCAL,LOW,False,unmitigable,,No documented mitigation that preserves current use; re-role or replace,,secure@microsoft.com,3.1,false,false,0.006380,0.486180
CVE-2024-26176,2024-03-12,HIGH,7.8,LOCAL,LOW,False,unmitigable,,No documented mitigation that preserves current use; re-role or replace,,secure@microsoft.com,3.1,false,false,0.008260,0.558130
CVE-2024-26177,2024-03-12,MEDIUM,5.5,LOCAL,LOW,False,unmitigable,,No documented mitigation that preserves current use; re-role or replace,,secure@microsoft.com,3.1,false,false,0.011200,0.649110
CVE-2024-26178,2024-03-12,HIGH,7.8,LOCAL,LOW,False,unmitigable,,No documented mitigation that preserves current use; re-role or replace,,secure@microsoft.com,3.1,false,false,0.008940,0.579600
CVE-2024-26179,2024-04-09,HIGH,8.8,NETWORK,NONE,False,network_isolate,network,Segment to a restricted VLAN and block inbound access at the host firewall,,secure@microsoft.com,3.1,false,false,0.018050,0.777310
CVE-2024-26180,2024-04-09,HIGH,8.0,ADJACENT_NETWORK,NONE,False,network_isolate,network,Segment to a restricted VLAN and block inbound access at the host firewall,,secure@microsoft.com,3.1,false,false,0.014510,0.724050
CVE-2024-26181,2024-03-12,MEDIUM,5.5,LOCAL,LOW,False,unmitigable,,No documented mitigation that preserves current use; re-role or replace,,secure@microsoft.com,3.1,false,false,0.010350,0.625270
CVE-2024-26183,2024-04-09,MEDIUM,6.5,NETWORK,LOW,False,unmitigable,,No documented mitigation that preserves current use; re-role or replace,,secure@microsoft.com,3.1,false,false,0.021590,0.815160
CVE-2024-26184,2024-07-09,MEDIUM,6.8,ADJACENT_NETWORK,LOW,False,unmitigable,,No documented mitigation that preserves current use; re-role or replace,,secure@microsoft.com,3.1,false,false,0.009510,0.598200
CVE-2024-26185,2024-03-12,MEDIUM,6.5,NETWORK,NONE,False,network_isolate,network,Segment to a restricted VLAN and block inbound access at the host firewall,,secure@microsoft.com,3.1,false,false,0.302850,0.981740
CVE-2024-26189,2024-04-09,HIGH,8.0,ADJACENT_NETWORK,NONE,False,network_isolate,network,Segment to a restricted VLAN and block inbound access at the host firewall,,secure@microsoft.com,3.1,false,false,0.013620,0.707140
CVE-2024-26190,2024-03-12,HIGH,7.5,NETWORK,NONE,False,network_isolate,network,Segment to a restricted VLAN and block inbound access at the host firewall,,secure@microsoft.com,3.1,false,false,0.029900,0.868320
CVE-2024-26194,2024-04-09,HIGH,7.4,LOCAL,NONE,False,unmitigable,,No documented mitigation that preserves current use; re-role or replace,,secure@microsoft.com,3.1,false,false,0.003500,0.261850
CVE-2024-26200,2024-04-09,HIGH,8.8,NETWORK,NONE,False,network_isolate,network,Segment to a restricted VLAN and block inbound access at the host firewall,,secure@microsoft.com,3.1,false,false,0.018050,0.777310
CVE-2024-26205,2024-04-09,HIGH,8.8,NETWORK,NONE,False,network_isolate,network,Segment to a restricted VLAN and block inbound access at the host firewall,,secure@microsoft.com,3.1,false,false,0.018050,0.777310
CVE-2024-26207,2024-04-09,MEDIUM,5.5,LOCAL,LOW,False,unmitigable,,No documented mitigation that preserves current use; re-role or replace,,secure@microsoft.com,3.1,false,false,0.007550,0.533930
CVE-2024-26208,2024-04-09,HIGH,7.2,NETWORK,HIGH,False,unmitigable,,No documented mitigation that preserves current use; re-role or replace,,secure@microsoft.com,3.1,false,false,0.022800,0.824960
CVE-2024-26209,2024-04-09,MEDIUM,5.5,LOCAL,LOW,False,unmitigable,,No documented mitigation that preserves current use; re-role or replace,,secure@microsoft.com,3.1,false,false,0.148140,0.965850
CVE-2024-26210,2024-04-09,HIGH,8.8,NETWORK,NONE,False,network_isolate,network,Segment to a restricted VLAN and block inbound access at the host firewall,,secure@microsoft.com,3.1,false,false,0.019620,0.795850
CVE-2024-26211,2024-04-09,HIGH,7.8,LOCAL,LOW,False,unmitigable,,No documented mitigation that preserves current use; re-role or replace,,secure@microsoft.com,3.1,false,false,0.041190,0.904580
CVE-2024-26214,2024-04-09,HIGH,8.8,NETWORK,NONE,False,network_isolate,network,Segment to a restricted VLAN and block inbound access at the host firewall,,secure@microsoft.com,3.1,false,false,0.020240,0.802470
CVE-2024-26217,2024-04-09,LOW,3.3,LOCAL,LOW,False,unmitigable,,No documented mitigation that preserves current use; re-role or replace,,nvd@nist.gov,3.1,false,false,0.006920,0.510410
CVE-2024-26218,2024-04-09,HIGH,7.8,LOCAL,LOW,False,unmitigable,,No documented mitigation that preserves current use; re-role or replace,,secure@microsoft.com,3.1,false,false,0.129170,0.961920
CVE-2024-26219,2024-04-09,HIGH,7.5,NETWORK,NONE,False,service_disable,iis,Remove the IIS role from endpoints,Microsoft IIS guidance,secure@microsoft.com,3.1,false,false,0.031370,0.874250
CVE-2024-26220,2024-04-09,MEDIUM,5.0,LOCAL,LOW,False,unmitigable,,No documented mitigation that preserves current use; re-role or replace,,secure@microsoft.com,3.1,false,false,0.011170,0.648230
CVE-2024-26228,2024-04-09,HIGH,7.8,LOCAL,LOW,False,unmitigable,,No documented mitigation that preserves current use; re-role or replace,,secure@microsoft.com,3.1,false,false,0.004030,0.320460
CVE-2024-26229,2024-04-09,HIGH,7.8,LOCAL,LOW,False,unmitigable,,No documented mitigation that preserves current use; re-role or replace,,secure@microsoft.com,3.1,false,false,0.093750,0.952470
CVE-2024-26230,2024-04-09,HIGH,7.8,LOCAL,LOW,False,unmitigable,,No documented mitigation that preserves current use; re-role or replace,,secure@microsoft.com,3.1,false,false,0.241110,0.977810
CVE-2024-26232,2024-04-09,HIGH,7.3,LOCAL,LOW,False,unmitigable,,No documented mitigation that preserves current use; re-role or replace,,secure@microsoft.com,3.1,false,false,0.009260,0.589910
CVE-2024-26234,2024-04-09,MEDIUM,6.7,LOCAL,HIGH,False,unmitigable,,No documented mitigation that preserves current use; re-role or replace,,secure@microsoft.com,3.1,false,false,0.048530,0.917400
CVE-2024-26237,2024-04-09,HIGH,7.8,LOCAL,LOW,False,unmitigable,,No documented mitigation that preserves current use; re-role or replace,,secure@microsoft.com,3.1,false,false,0.006750,0.503670
CVE-2024-26239,2024-04-09,HIGH,7.8,LOCAL,LOW,False,unmitigable,,No documented mitigation that preserves current use; re-role or replace,,secure@microsoft.com,3.1,false,false,0.005800,0.456380
CVE-2024-26240,2024-04-09,HIGH,8.0,ADJACENT_NETWORK,NONE,False,network_isolate,network,Segment to a restricted VLAN and block inbound access at the host firewall,,secure@microsoft.com,3.1,false,false,0.010610,0.632620
CVE-2024-26241,2024-04-09,HIGH,7.8,LOCAL,LOW,False,unmitigable,,No documented mitigation that preserves current use; re-role or replace,,secure@microsoft.com,3.1,false,false,0.007310,0.525380
CVE-2024-26242,2024-04-09,HIGH,7.0,LOCAL,LOW,False,unmitigable,,No documented mitigation that preserves current use; re-role or replace,,secure@microsoft.com,3.1,false,false,0.003460,0.256780
CVE-2024-26243,2024-04-09,HIGH,7.0,LOCAL,LOW,False,unmitigable,,No documented mitigation that preserves current use; re-role or replace,,secure@microsoft.com,3.1,false,false,0.003870,0.303240
CVE-2024-26244,2024-04-09,HIGH,8.8,NETWORK,NONE,False,network_isolate,network,Segment to a restricted VLAN and block inbound access at the host firewall,,secure@microsoft.com,3.1,false,false,0.019620,0.795850
CVE-2024-26248,2024-04-09,HIGH,7.5,NETWORK,LOW,False,unmitigable,,No documented mitigation that preserves current use; re-role or replace,,secure@microsoft.com,3.1,false,false,0.010340,0.624980
CVE-2024-26250,2024-04-09,MEDIUM,6.7,LOCAL,HIGH,False,unmitigable,,No documented mitigation that preserves current use; re-role or replace,,secure@microsoft.com,3.1,false,false,0.006360,0.485420
CVE-2024-26252,2024-04-09,MEDIUM,6.8,PHYSICAL,NONE,False,unmitigable,,No documented mitigation that preserves current use; re-role or replace,,secure@microsoft.com,3.1,false,false,0.007300,0.525170
CVE-2024-26253,2024-04-09,MEDIUM,6.8,PHYSICAL,NONE,False,unmitigable,,No documented mitigation that preserves current use; re-role or replace,,secure@microsoft.com,3.1,false,false,0.007300,0.525180
CVE-2024-26254,2024-04-09,HIGH,7.5,NETWORK,NONE,False,network_isolate,network,Segment to a restricted VLAN and block inbound access at the host firewall,,secure@microsoft.com,3.1,false,false,0.031360,0.874240
CVE-2024-26255,2024-04-09,MEDIUM,5.5,LOCAL,LOW,False,unmitigable,,No documented mitigation that preserves current use; re-role or replace,,secure@microsoft.com,3.1,false,false,0.007550,0.533930
CVE-2024-26256,2024-04-09,HIGH,7.8,LOCAL,NONE,False,unmitigable,,No documented mitigation that preserves current use; re-role or replace,,secure@microsoft.com,3.1,false,false,0.848060,0.997030
CVE-2024-28896,2024-04-09,HIGH,7.5,ADJACENT_NETWORK,NONE,False,network_isolate,network,Segment to a restricted VLAN and block inbound access at the host firewall,,secure@microsoft.com,3.1,false,false,0.009510,0.598370
CVE-2024-28897,2024-04-09,MEDIUM,6.8,ADJACENT_NETWORK,HIGH,False,unmitigable,,No documented mitigation that preserves current use; re-role or replace,,secure@microsoft.com,3.1,false,false,0.008690,0.572200
CVE-2024-28898,2024-04-09,MEDIUM,6.3,ADJACENT_NETWORK,HIGH,False,unmitigable,,No documented mitigation that preserves current use; re-role or replace,,secure@microsoft.com,3.1,false,false,0.008130,0.553870
CVE-2024-28899,2024-07-09,HIGH,8.8,ADJACENT_NETWORK,NONE,False,network_isolate,network,Segment to a restricted VLAN and block inbound access at the host firewall,,secure@microsoft.com,3.1,false,false,0.011620,0.660030
CVE-2024-28900,2024-04-09,MEDIUM,5.5,LOCAL,LOW,False,unmitigable,,No documented mitigation that preserves current use; re-role or replace,,secure@microsoft.com,3.1,false,false,0.006740,0.503000
CVE-2024-28901,2024-04-09,MEDIUM,5.5,LOCAL,LOW,False,unmitigable,,No documented mitigation that preserves current use; re-role or replace,,secure@microsoft.com,3.1,false,false,0.006740,0.503000
CVE-2024-28902,2024-04-09,MEDIUM,5.5,LOCAL,LOW,False,unmitigable,,No documented mitigation that preserves current use; re-role or replace,,secure@microsoft.com,3.1,false,false,0.007550,0.533930
CVE-2024-28903,2024-04-09,MEDIUM,6.7,LOCAL,HIGH,False,unmitigable,,No documented mitigation that preserves current use; re-role or replace,,secure@microsoft.com,3.1,false,false,0.007330,0.526280
CVE-2024-28919,2024-04-09,MEDIUM,6.7,LOCAL,HIGH,False,unmitigable,,No documented mitigation that preserves current use; re-role or replace,,secure@microsoft.com,3.1,false,false,0.006110,0.472720
CVE-2024-28920,2024-04-09,HIGH,7.8,LOCAL,LOW,False,unmitigable,,No documented mitigation that preserves current use; re-role or replace,,secure@microsoft.com,3.1,false,false,0.007150,0.519330
CVE-2024-28921,2024-04-09,MEDIUM,6.7,LOCAL,HIGH,False,unmitigable,,No documented mitigation that preserves current use; re-role or replace,,secure@microsoft.com,3.1,false,false,0.007340,0.526680
CVE-2024-28922,2024-04-09,MEDIUM,4.1,PHYSICAL,LOW,False,unmitigable,,No documented mitigation that preserves current use; re-role or replace,,secure@microsoft.com,3.1,false,false,0.007210,0.521650
CVE-2024-28923,2024-04-09,MEDIUM,6.4,LOCAL,HIGH,False,unmitigable,,No documented mitigation that preserves current use; re-role or replace,,secure@microsoft.com,3.1,false,false,0.004830,0.393330
CVE-2024-28924,2024-04-09,MEDIUM,6.7,LOCAL,HIGH,False,unmitigable,,No documented mitigation that preserves current use; re-role or replace,,secure@microsoft.com,3.1,false,false,0.005670,0.449420
CVE-2024-28925,2024-04-09,HIGH,8.0,ADJACENT_NETWORK,NONE,False,network_isolate,network,Segment to a restricted VLAN and block inbound access at the host firewall,,secure@microsoft.com,3.1,false,false,0.012410,0.680450
CVE-2024-29050,2024-04-09,HIGH,7.8,LOCAL,NONE,False,unmitigable,,No documented mitigation that preserves current use; re-role or replace,,nvd@nist.gov,3.1,false,false,0.012500,0.682560
CVE-2024-29052,2024-04-09,HIGH,7.8,LOCAL,LOW,False,unmitigable,,No documented mitigation that preserves current use; re-role or replace,,secure@microsoft.com,3.1,false,false,0.005820,0.457110
CVE-2024-29059,2024-03-23,HIGH,7.5,NETWORK,NONE,True,app_update,application,Update the affected application; it services independently of the OS,,secure@microsoft.com,3.1,true,false,0.986240,0.999220
CVE-2024-29061,2024-04-09,HIGH,7.8,LOCAL,LOW,False,unmitigable,,No documented mitigation that preserves current use; re-role or replace,,secure@microsoft.com,3.1,false,false,0.006550,0.494500
CVE-2024-29062,2024-04-09,HIGH,7.1,ADJACENT_NETWORK,NONE,False,network_isolate,network,Segment to a restricted VLAN and block inbound access at the host firewall,,secure@microsoft.com,3.1,false,false,0.007410,0.528960
CVE-2024-29064,2024-04-09,MEDIUM,5.5,LOCAL,LOW,False,service_disable,hyperv,Remove the Hyper-V role on endpoints that do not host VMs,Microsoft Hyper-V role guidance,nvd@nist.gov,3.1,false,false,0.007310,0.525460
CVE-2024-29988,2024-04-09,HIGH,8.8,NETWORK,NONE,False,network_isolate,network,Segment to a restricted VLAN and block inbound access at the host firewall,,secure@microsoft.com,3.1,true,false,0.448750,0.987380
CVE-2024-29994,2024-05-14,HIGH,7.8,LOCAL,LOW,False,unmitigable,,No documented mitigation that preserves current use; re-role or replace,,secure@microsoft.com,3.1,false,false,0.006740,0.503030
CVE-2024-29995,2024-08-13,HIGH,8.1,NETWORK,NONE,False,network_isolate,network,Segment to a restricted VLAN and block inbound access at the host firewall,,secure@microsoft.com,3.1,false,false,0.014610,0.725990
CVE-2024-29996,2024-05-14,HIGH,7.8,LOCAL,LOW,False,unmitigable,,No documented mitigation that preserves current use; re-role or replace,,secure@microsoft.com,3.1,false,false,0.033500,0.882680
CVE-2024-29997,2024-05-14,MEDIUM,6.8,PHYSICAL,NONE,False,unmitigable,,No documented mitigation that preserves current use; re-role or replace,,secure@microsoft.com,3.1,false,false,0.009320,0.592090
CVE-2024-29998,2024-05-14,MEDIUM,6.8,PHYSICAL,NONE,False,unmitigable,,No documented mitigation that preserves current use; re-role or replace,,secure@microsoft.com,3.1,false,false,0.009320,0.592080
CVE-2024-29999,2024-05-14,MEDIUM,6.8,PHYSICAL,NONE,False,unmitigable,,No documented mitigation that preserves current use; re-role or replace,,secure@microsoft.com,3.1,false,false,0.009320,0.592080
CVE-2024-30000,2024-05-14,MEDIUM,6.8,PHYSICAL,NONE,False,unmitigable,,No documented mitigation that preserves current use; re-role or replace,,secure@microsoft.com,3.1,false,false,0.009320,0.592090
CVE-2024-30001,2024-05-14,MEDIUM,6.8,PHYSICAL,NONE,False,unmitigable,,No documented mitigation that preserves current use; re-role or replace,,secure@microsoft.com,3.1,false,false,0.009390,0.594540
CVE-2024-30002,2024-05-14,MEDIUM,6.8,PHYSICAL,NONE,False,unmitigable,,No documented mitigation that preserves current use; re-role or replace,,secure@microsoft.com,3.1,false,false,0.009320,0.592090
CVE-2024-30003,2024-05-14,MEDIUM,6.8,PHYSICAL,NONE,False,unmitigable,,No documented mitigation that preserves current use; re-role or replace,,secure@microsoft.com,3.1,false,false,0.009320,0.592090
CVE-2024-30004,2024-05-14,MEDIUM,6.8,PHYSICAL,NONE,False,unmitigable,,No documented mitigation that preserves current use; re-role or replace,,secure@microsoft.com,3.1,false,false,0.008940,0.579840
CVE-2024-30005,2024-05-14,MEDIUM,6.8,PHYSICAL,NONE,False,unmitigable,,No documented mitigation that preserves current use; re-role or replace,,secure@microsoft.com,3.1,false,false,0.009320,0.592080
CVE-2024-30006,2024-05-14,HIGH,8.8,NETWORK,NONE,False,network_isolate,network,Segment to a restricted VLAN and block inbound access at the host firewall,,secure@microsoft.com,3.1,false,false,0.017150,0.765430
CVE-2024-30008,2024-05-14,MEDIUM,5.5,LOCAL,LOW,False,unmitigable,,No documented mitigation that preserves current use; re-role or replace,,secure@microsoft.com,3.1,false,false,0.007930,0.547020
CVE-2024-30009,2024-05-14,HIGH,8.8,NETWORK,NONE,False,network_isolate,network,Segment to a restricted VLAN and block inbound access at the host firewall,,secure@microsoft.com,3.1,false,false,0.017150,0.765440
CVE-2024-30012,2024-05-14,MEDIUM,6.8,PHYSICAL,NONE,False,unmitigable,,No documented mitigation that preserves current use; re-role or replace,,secure@microsoft.com,3.1,false,false,0.008680,0.572110
CVE-2024-30013,2024-07-09,HIGH,8.8,NETWORK,NONE,False,network_isolate,network,Segment to a restricted VLAN and block inbound access at the host firewall,,secure@microsoft.com,3.1,false,false,0.016010,0.748760
CVE-2024-30014,2024-05-14,HIGH,7.5,NETWORK,NONE,False,network_isolate,network,Segment to a restricted VLAN and block inbound access at the host firewall,,secure@microsoft.com,3.1,false,false,0.014890,0.731000
CVE-2024-30015,2024-05-14,HIGH,7.5,NETWORK,NONE,False,network_isolate,network,Segment to a restricted VLAN and block inbound access at the host firewall,,secure@microsoft.com,3.1,false,false,0.014890,0.731000
CVE-2024-30016,2024-05-14,MEDIUM,5.5,LOCAL,LOW,False,unmitigable,,No documented mitigation that preserves current use; re-role or replace,,secure@microsoft.com,3.1,false,false,0.007920,0.546640
CVE-2024-30017,2024-05-14,HIGH,8.8,NETWORK,LOW,False,service_disable,hyperv,Remove the Hyper-V role on endpoints that do not host VMs,Microsoft Hyper-V role guidance,secure@microsoft.com,3.1,false,false,0.019120,0.790430
CVE-2024-30018,2024-05-14,HIGH,7.8,LOCAL,LOW,False,unmitigable,,No documented mitigation that preserves current use; re-role or replace,,secure@microsoft.com,3.1,false,false,0.008830,0.576480
CVE-2024-30020,2024-05-14,HIGH,8.1,NETWORK,NONE,False,network_isolate,network,Segment to a restricted VLAN and block inbound access at the host firewall,,secure@microsoft.com,3.1,false,false,0.013030,0.694100
CVE-2024-30021,2024-05-14,MEDIUM,6.8,PHYSICAL,NONE,False,unmitigable,,No documented mitigation that preserves current use; re-role or replace,,secure@microsoft.com,3.1,false,false,0.008340,0.560620
CVE-2024-30022,2024-05-14,HIGH,7.5,NETWORK,NONE,False,network_isolate,network,Segment to a restricted VLAN and block inbound access at the host firewall,,secure@microsoft.com,3.1,false,false,0.015430,0.740100
CVE-2024-30023,2024-05-14,HIGH,7.5,NETWORK,NONE,False,network_isolate,network,Segment to a restricted VLAN and block inbound access at the host firewall,,secure@microsoft.com,3.1,false,false,0.015430,0.740100
CVE-2024-30024,2024-05-14,HIGH,7.5,NETWORK,NONE,False,network_isolate,network,Segment to a restricted VLAN and block inbound access at the host firewall,,secure@microsoft.com,3.1,false,false,0.015430,0.740100
CVE-2024-30025,2024-05-14,HIGH,7.8,LOCAL,LOW,False,unmitigable,,No documented mitigation that preserves current use; re-role or replace,,secure@microsoft.com,3.1,false,false,0.042770,0.907770
CVE-2024-30027,2024-05-14,HIGH,7.8,LOCAL,LOW,False,unmitigable,,No documented mitigation that preserves current use; re-role or replace,,secure@microsoft.com,3.1,false,false,0.006370,0.485950
CVE-2024-30028,2024-05-14,HIGH,7.8,LOCAL,LOW,False,unmitigable,,No documented mitigation that preserves current use; re-role or replace,,secure@microsoft.com,3.1,false,false,0.007110,0.518000
CVE-2024-30029,2024-05-14,HIGH,7.5,NETWORK,NONE,False,network_isolate,network,Segment to a restricted VLAN and block inbound access at the host firewall,,secure@microsoft.com,3.1,false,false,0.014890,0.731000
CVE-2024-30031,2024-05-14,HIGH,7.8,LOCAL,LOW,False,unmitigable,,No documented mitigation that preserves current use; re-role or replace,,secure@microsoft.com,3.1,false,false,0.003990,0.316430
CVE-2024-30032,2024-05-14,HIGH,7.8,LOCAL,LOW,False,unmitigable,,No documented mitigation that preserves current use; re-role or replace,,secure@microsoft.com,3.1,false,false,0.045240,0.912220
CVE-2024-30033,2024-05-14,HIGH,7.0,LOCAL,LOW,False,service_disable,search,Disable the Windows Search indexer where not required,Microsoft service hardening guidance,secure@microsoft.com,3.1,false,false,0.009560,0.599520
CVE-2024-30034,2024-05-14,MEDIUM,5.5,LOCAL,LOW,False,unmitigable,,No documented mitigation that preserves current use; re-role or replace,,secure@microsoft.com,3.1,false,false,0.068800,0.938560
CVE-2024-30035,2024-05-14,HIGH,7.8,LOCAL,LOW,False,unmitigable,,No documented mitigation that preserves current use; re-role or replace,,nvd@nist.gov,3.1,false,false,0.035440,0.888950
CVE-2024-30037,2024-05-14,MEDIUM,5.5,LOCAL,LOW,False,unmitigable,,No documented mitigation that preserves current use; re-role or replace,,secure@microsoft.com,3.1,false,false,0.052750,0.922960
CVE-2024-30038,2024-05-14,HIGH,7.8,LOCAL,LOW,False,unmitigable,,No documented mitigation that preserves current use; re-role or replace,,secure@microsoft.com,3.1,false,false,0.025510,0.844610
CVE-2024-30039,2024-05-14,MEDIUM,5.5,LOCAL,LOW,False,unmitigable,,No documented mitigation that preserves current use; re-role or replace,,secure@microsoft.com,3.1,false,false,0.007380,0.527950
CVE-2024-30040,2024-05-14,HIGH,8.8,NETWORK,NONE,False,service_disable,ie,Disable Internet Explorer / MSHTML rendering and set Edge as the only browser,Microsoft IE retirement + ADV guidance,secure@microsoft.com,3.1,true,false,0.039390,0.900460
CVE-2024-30049,2024-05-14,HIGH,7.8,LOCAL,LOW,False,unmitigable,,No documented mitigation that preserves current use; re-role or replace,,secure@microsoft.com,3.1,false,false,0.007130,0.518500
CVE-2024-30050,2024-05-14,MEDIUM,5.4,NETWORK,NONE,False,network_isolate,network,Segment to a restricted VLAN and block inbound access at the host firewall,,secure@microsoft.com,3.1,false,false,0.114710,0.958870
CVE-2024-30051,2024-05-14,HIGH,7.8,LOCAL,LOW,False,unmitigable,,No documented mitigation that preserves current use; re-role or replace,,secure@microsoft.com,3.1,true,true,0.056410,0.927080
CVE-2024-30063,2024-06-11,MEDIUM,6.7,ADJACENT_NETWORK,LOW,False,unmitigable,,No documented mitigation that preserves current use; re-role or replace,,secure@microsoft.com,3.1,false,false,0.010210,0.620530
CVE-2024-30065,2024-06-11,MEDIUM,5.5,LOCAL,LOW,False,unmitigable,,No documented mitigation that preserves current use; re-role or replace,,secure@microsoft.com,3.1,false,false,0.008410,0.562900
CVE-2024-30066,2024-06-11,MEDIUM,5.5,LOCAL,LOW,False,unmitigable,,No documented mitigation that preserves current use; re-role or replace,,secure@microsoft.com,3.1,false,false,0.006280,0.481220
CVE-2024-30067,2024-06-11,MEDIUM,5.5,LOCAL,LOW,False,unmitigable,,No documented mitigation that preserves current use; re-role or replace,,secure@microsoft.com,3.1,false,false,0.006280,0.481230
CVE-2024-30068,2024-06-11,HIGH,8.8,LOCAL,LOW,False,unmitigable,,No documented mitigation that preserves current use; re-role or replace,,secure@microsoft.com,3.1,false,false,0.007800,0.542570
CVE-2024-30069,2024-06-11,MEDIUM,4.7,LOCAL,LOW,False,unmitigable,,No documented mitigation that preserves current use; re-role or replace,,secure@microsoft.com,3.1,false,false,0.005710,0.451670
CVE-2024-30071,2024-07-09,MEDIUM,4.7,LOCAL,LOW,False,unmitigable,,No documented mitigation that preserves current use; re-role or replace,,secure@microsoft.com,3.1,false,false,0.005800,0.456110
CVE-2024-30072,2024-06-11,HIGH,7.8,LOCAL,NONE,False,unmitigable,,No documented mitigation that preserves current use; re-role or replace,,secure@microsoft.com,3.1,false,false,0.008550,0.567910
CVE-2024-30073,2024-09-10,HIGH,7.8,LOCAL,NONE,False,unmitigable,,No documented mitigation that preserves current use; re-role or replace,,secure@microsoft.com,3.1,false,false,0.008990,0.581080
CVE-2024-30076,2024-06-11,MEDIUM,6.8,NETWORK,LOW,False,unmitigable,,No documented mitigation that preserves current use; re-role or replace,,secure@microsoft.com,3.1,false,false,0.017110,0.764900
CVE-2024-30077,2024-06-11,HIGH,8.0,NETWORK,LOW,False,unmitigable,,No documented mitigation that preserves current use; re-role or replace,,secure@microsoft.com,3.1,false,false,0.018020,0.776880
CVE-2024-30078,2024-06-11,HIGH,8.8,ADJACENT_NETWORK,NONE,False,network_isolate,network,Segment to a restricted VLAN and block inbound access at the host firewall,,secure@microsoft.com,3.1,false,false,0.052010,0.922110
CVE-2024-30079,2024-07-09,HIGH,7.8,LOCAL,LOW,False,unmitigable,,No documented mitigation that preserves current use; re-role or replace,,secure@microsoft.com,3.1,false,false,0.006630,0.497950
CVE-2024-30080,2024-06-11,CRITICAL,9.8,NETWORK,NONE,False,network_isolate,network,Segment to a restricted VLAN and block inbound access at the host firewall,,secure@microsoft.com,3.1,false,false,0.431450,0.986840
CVE-2024-30081,2024-07-09,HIGH,7.1,LOCAL,NONE,False,unmitigable,,No documented mitigation that preserves current use; re-role or replace,,secure@microsoft.com,3.1,false,false,0.238070,0.977550
CVE-2024-30082,2024-06-11,HIGH,7.8,LOCAL,LOW,False,unmitigable,,No documented mitigation that preserves current use; re-role or replace,,secure@microsoft.com,3.1,false,false,0.012690,0.686970
CVE-2024-30084,2024-06-11,HIGH,7.0,LOCAL,LOW,False,unmitigable,,No documented mitigation that preserves current use; re-role or replace,,secure@microsoft.com,3.1,false,false,0.059070,0.929960
CVE-2024-30085,2024-06-11,HIGH,7.8,LOCAL,LOW,False,unmitigable,,No documented mitigation that preserves current use; re-role or replace,,secure@microsoft.com,3.1,false,false,0.143200,0.964990
CVE-2024-30086,2024-06-11,HIGH,7.8,LOCAL,LOW,False,unmitigable,,No documented mitigation that preserves current use; re-role or replace,,secure@microsoft.com,3.1,false,false,0.011230,0.649720
CVE-2024-30087,2024-06-11,HIGH,7.8,LOCAL,LOW,False,unmitigable,,No documented mitigation that preserves current use; re-role or replace,,secure@microsoft.com,3.1,false,false,0.095050,0.952950
CVE-2024-30088,2024-06-11,HIGH,7.0,LOCAL,LOW,False,unmitigable,,No documented mitigation that preserves current use; re-role or replace,,secure@microsoft.com,3.1,true,true,0.682020,0.993100
CVE-2024-30089,2024-06-11,HIGH,7.8,LOCAL,LOW,False,unmitigable,,No documented mitigation that preserves current use; re-role or replace,,secure@microsoft.com,3.1,false,false,0.081040,0.946500
CVE-2024-30090,2024-06-11,HIGH,7.0,LOCAL,LOW,False,unmitigable,,No documented mitigation that preserves current use; re-role or replace,,secure@microsoft.com,3.1,false,false,0.019810,0.797720
CVE-2024-30091,2024-06-11,HIGH,7.8,LOCAL,LOW,False,unmitigable,,No documented mitigation that preserves current use; re-role or replace,,secure@microsoft.com,3.1,false,false,0.042590,0.907430
CVE-2024-30092,2024-10-08,HIGH,7.5,ADJACENT_NETWORK,NONE,False,service_disable,hyperv,Remove the Hyper-V role on endpoints that do not host VMs,Microsoft Hyper-V role guidance,nvd@nist.gov,3.1,false,false,0.006750,0.503200
CVE-2024-30093,2024-06-11,HIGH,7.3,LOCAL,LOW,False,unmitigable,,No documented mitigation that preserves current use; re-role or replace,,secure@microsoft.com,3.1,false,false,0.011460,0.655380
CVE-2024-30094,2024-06-11,HIGH,7.8,LOCAL,NONE,False,unmitigable,,No documented mitigation that preserves current use; re-role or replace,,secure@microsoft.com,3.1,false,false,0.009130,0.585830
CVE-2024-30095,2024-06-11,HIGH,7.8,LOCAL,NONE,False,unmitigable,,No documented mitigation that preserves current use; re-role or replace,,secure@microsoft.com,3.1,false,false,0.010140,0.618730
CVE-2024-30096,2024-06-11,MEDIUM,5.5,LOCAL,LOW,False,unmitigable,,No documented mitigation that preserves current use; re-role or replace,,secure@microsoft.com,3.1,false,false,0.009550,0.599390
CVE-2024-30097,2024-06-11,HIGH,8.8,NETWORK,NONE,False,network_isolate,network,Segment to a restricted VLAN and block inbound access at the host firewall,,secure@microsoft.com,3.1,false,false,0.017290,0.767200
CVE-2024-30098,2024-07-09,HIGH,7.5,NETWORK,LOW,False,unmitigable,,No documented mitigation that preserves current use; re-role or replace,,secure@microsoft.com,3.1,false,false,0.012600,0.684860
CVE-2024-30099,2024-06-11,HIGH,7.0,LOCAL,LOW,False,unmitigable,,No documented mitigation that preserves current use; re-role or replace,,secure@microsoft.com,3.1,false,false,0.005440,0.435590
CVE-2024-35250,2024-06-11,HIGH,7.8,LOCAL,LOW,False,unmitigable,,No documented mitigation that preserves current use; re-role or replace,,secure@microsoft.com,3.1,true,false,0.252220,0.978740
CVE-2024-35265,2024-06-11,HIGH,7.0,LOCAL,LOW,False,unmitigable,,No documented mitigation that preserves current use; re-role or replace,,secure@microsoft.com,3.1,false,false,0.003680,0.282920
CVE-2024-35270,2024-07-09,MEDIUM,5.3,ADJACENT_NETWORK,NONE,False,network_isolate,network,Segment to a restricted VLAN and block inbound access at the host firewall,,secure@microsoft.com,3.1,false,false,0.008610,0.569590
CVE-2024-37969,2024-07-09,HIGH,8.0,ADJACENT_NETWORK,NONE,False,network_isolate,network,Segment to a restricted VLAN and block inbound access at the host firewall,,secure@microsoft.com,3.1,false,false,0.013550,0.705810
CVE-2024-37970,2024-07-09,HIGH,8.0,ADJACENT_NETWORK,NONE,False,network_isolate,network,Segment to a restricted VLAN and block inbound access at the host firewall,,secure@microsoft.com,3.1,false,false,0.010560,0.631160
CVE-2024-37971,2024-07-09,HIGH,8.0,ADJACENT_NETWORK,NONE,False,network_isolate,network,Segment to a restricted VLAN and block inbound access at the host firewall,,secure@microsoft.com,3.1,false,false,0.013550,0.705810
CVE-2024-37972,2024-07-09,HIGH,8.0,ADJACENT_NETWORK,NONE,False,network_isolate,network,Segment to a restricted VLAN and block inbound access at the host firewall,,secure@microsoft.com,3.1,false,false,0.009830,0.608940
CVE-2024-37973,2024-07-09,HIGH,7.8,LOCAL,LOW,False,unmitigable,,No documented mitigation that preserves current use; re-role or replace,,nvd@nist.gov,3.1,false,false,0.006460,0.490020
CVE-2024-37974,2024-07-09,HIGH,8.0,ADJACENT_NETWORK,NONE,False,network_isolate,network,Segment to a restricted VLAN and block inbound access at the host firewall,,secure@microsoft.com,3.1,false,false,0.009830,0.608950
CVE-2024-37975,2024-07-09,HIGH,8.0,ADJACENT_NETWORK,NONE,False,network_isolate,network,Segment to a restricted VLAN and block inbound access at the host firewall,,secure@microsoft.com,3.1,false,false,0.012630,0.685520
CVE-2024-37976,2024-10-08,MEDIUM,6.7,LOCAL,HIGH,False,unmitigable,,No documented mitigation that preserves current use; re-role or replace,,secure@microsoft.com,3.1,false,false,0.005830,0.458020
CVE-2024-37977,2024-07-09,HIGH,8.0,ADJACENT_NETWORK,NONE,False,network_isolate,network,Segment to a restricted VLAN and block inbound access at the host firewall,,secure@microsoft.com,3.1,false,false,0.011270,0.650830
CVE-2024-37978,2024-07-09,HIGH,8.0,ADJACENT_NETWORK,NONE,False,network_isolate,network,Segment to a restricted VLAN and block inbound access at the host firewall,,secure@microsoft.com,3.1,false,false,0.008780,0.575180
CVE-2024-37981,2024-07-09,HIGH,8.0,ADJACENT_NETWORK,NONE,False,network_isolate,network,Segment to a restricted VLAN and block inbound access at the host firewall,,secure@microsoft.com,3.1,false,false,0.011270,0.650830
CVE-2024-37982,2024-10-08,HIGH,7.8,LOCAL,LOW,False,unmitigable,,No documented mitigation that preserves current use; re-role or replace,,nvd@nist.gov,3.1,false,false,0.005790,0.455860
CVE-2024-37983,2024-10-08,MEDIUM,6.7,LOCAL,HIGH,False,unmitigable,,No documented mitigation that preserves current use; re-role or replace,,nvd@nist.gov,3.1,false,false,0.005830,0.458020
CVE-2024-37984,2024-07-09,HIGH,8.4,LOCAL,NONE,False,unmitigable,,No documented mitigation that preserves current use; re-role or replace,,secure@microsoft.com,3.1,false,false,0.007480,0.531330
CVE-2024-37985,2024-09-17,MEDIUM,5.6,LOCAL,LOW,False,unmitigable,,No documented mitigation that preserves current use; re-role or replace,,nvd@nist.gov,3.1,false,false,0.006570,0.495310
CVE-2024-37986,2024-07-09,HIGH,8.0,ADJACENT_NETWORK,NONE,False,network_isolate,network,Segment to a restricted VLAN and block inbound access at the host firewall,,secure@microsoft.com,3.1,false,false,0.009830,0.608950
CVE-2024-37987,2024-07-09,HIGH,8.0,ADJACENT_NETWORK,NONE,False,network_isolate,network,Segment to a restricted VLAN and block inbound access at the host firewall,,secure@microsoft.com,3.1,false,false,0.012630,0.685510
CVE-2024-37988,2024-07-09,HIGH,8.0,ADJACENT_NETWORK,NONE,False,network_isolate,network,Segment to a restricted VLAN and block inbound access at the host firewall,,secure@microsoft.com,3.1,false,false,0.009830,0.608960
CVE-2024-37989,2024-07-09,HIGH,8.0,ADJACENT_NETWORK,NONE,False,network_isolate,network,Segment to a restricted VLAN and block inbound access at the host firewall,,secure@microsoft.com,3.1,false,false,0.009830,0.608950
CVE-2024-38010,2024-07-09,HIGH,8.0,ADJACENT_NETWORK,NONE,False,network_isolate,network,Segment to a restricted VLAN and block inbound access at the host firewall,,secure@microsoft.com,3.1,false,false,0.009830,0.608950
CVE-2024-38011,2024-07-09,HIGH,8.0,ADJACENT_NETWORK,NONE,False,network_isolate,network,Segment to a restricted VLAN and block inbound access at the host firewall,,secure@microsoft.com,3.1,false,false,0.012630,0.685520
CVE-2024-38013,2024-07-09,MEDIUM,6.7,LOCAL,HIGH,False,unmitigable,,No documented mitigation that preserves current use; re-role or replace,,secure@microsoft.com,3.1,false,false,0.006310,0.482860
CVE-2024-38014,2024-09-10,HIGH,7.8,LOCAL,LOW,False,unmitigable,,No documented mitigation that preserves current use; re-role or replace,,secure@microsoft.com,3.1,true,false,0.062630,0.933480
CVE-2024-38017,2024-07-09,MEDIUM,5.5,LOCAL,LOW,False,unmitigable,,No documented mitigation that preserves current use; re-role or replace,,secure@microsoft.com,3.1,false,false,0.009250,0.589660
CVE-2024-38019,2024-07-09,HIGH,7.2,NETWORK,HIGH,False,unmitigable,,No documented mitigation that preserves current use; re-role or replace,,secure@microsoft.com,3.1,false,false,0.017810,0.774200
CVE-2024-38022,2024-07-09,HIGH,7.0,LOCAL,LOW,False,unmitigable,,No documented mitigation that preserves current use; re-role or replace,,secure@microsoft.com,3.1,false,false,0.005710,0.451270
CVE-2024-38025,2024-07-09,HIGH,7.2,NETWORK,HIGH,False,unmitigable,,No documented mitigation that preserves current use; re-role or replace,,secure@microsoft.com,3.1,false,false,0.020700,0.807010
CVE-2024-38027,2024-07-09,MEDIUM,6.5,ADJACENT_NETWORK,NONE,False,network_isolate,network,Segment to a restricted VLAN and block inbound access at the host firewall,,secure@microsoft.com,3.1,false,false,0.010080,0.616750
CVE-2024-38028,2024-07-09,HIGH,7.2,NETWORK,HIGH,False,unmitigable,,No documented mitigation that preserves current use; re-role or replace,,secure@microsoft.com,3.1,false,false,0.020700,0.807010
CVE-2024-38030,2024-07-09,MEDIUM,6.5,NETWORK,NONE,False,network_isolate,network,Segment to a restricted VLAN and block inbound access at the host firewall,,secure@microsoft.com,3.1,false,false,0.510970,0.988990
CVE-2024-38032,2024-07-09,HIGH,7.1,ADJACENT_NETWORK,NONE,False,network_isolate,network,Segment to a restricted VLAN and block inbound access at the host firewall,,secure@microsoft.com,3.1,false,false,0.010010,0.614710
CVE-2024-38033,2024-07-09,HIGH,7.3,LOCAL,LOW,False,unmitigable,,No documented mitigation that preserves current use; re-role or replace,,secure@microsoft.com,3.1,false,false,0.010560,0.631320
CVE-2024-38034,2024-07-09,HIGH,7.8,LOCAL,LOW,False,unmitigable,,No documented mitigation that preserves current use; re-role or replace,,secure@microsoft.com,3.1,false,false,0.007560,0.534350
CVE-2024-38041,2024-07-09,MEDIUM,5.5,LOCAL,LOW,False,unmitigable,,No documented mitigation that preserves current use; re-role or replace,,secure@microsoft.com,3.1,false,false,0.021550,0.814730
CVE-2024-38043,2024-07-09,HIGH,7.8,LOCAL,LOW,False,unmitigable,,No documented mitigation that preserves current use; re-role or replace,,secure@microsoft.com,3.1,false,false,0.006870,0.508550
CVE-2024-38045,2024-09-10,HIGH,8.1,NETWORK,NONE,False,network_isolate,network,Segment to a restricted VLAN and block inbound access at the host firewall,,secure@microsoft.com,3.1,false,false,0.014320,0.720570
CVE-2024-38046,2024-09-10,HIGH,7.8,LOCAL,LOW,False,unmitigable,,No documented mitigation that preserves current use; re-role or replace,,secure@microsoft.com,3.1,false,false,0.006950,0.511680
CVE-2024-38047,2024-07-09,HIGH,7.8,LOCAL,LOW,False,unmitigable,,No documented mitigation that preserves current use; re-role or replace,,secure@microsoft.com,3.1,false,false,0.006730,0.502290
CVE-2024-38048,2024-07-09,MEDIUM,6.5,ADJACENT_NETWORK,NONE,False,network_isolate,network,Segment to a restricted VLAN and block inbound access at the host firewall,,secure@microsoft.com,3.1,false,false,0.010080,0.616750
CVE-2024-38049,2024-07-09,HIGH,8.1,NETWORK,NONE,False,network_isolate,network,Segment to a restricted VLAN and block inbound access at the host firewall,,nvd@nist.gov,3.1,false,false,0.015540,0.742080
CVE-2024-38050,2024-07-09,HIGH,7.8,LOCAL,LOW,False,unmitigable,,No documented mitigation that preserves current use; re-role or replace,,secure@microsoft.com,3.1,false,false,0.007130,0.518670
CVE-2024-38051,2024-07-09,HIGH,7.8,LOCAL,NONE,False,unmitigable,,No documented mitigation that preserves current use; re-role or replace,,secure@microsoft.com,3.1,false,false,0.011210,0.649290
CVE-2024-38052,2024-07-09,HIGH,7.8,LOCAL,LOW,False,unmitigable,,No documented mitigation that preserves current use; re-role or replace,,secure@microsoft.com,3.1,false,false,0.069720,0.939280
CVE-2024-38053,2024-07-09,HIGH,8.8,ADJACENT_NETWORK,NONE,False,network_isolate,network,Segment to a restricted VLAN and block inbound access at the host firewall,,secure@microsoft.com,3.1,false,false,0.011470,0.655600
CVE-2024-38054,2024-07-09,HIGH,7.8,LOCAL,LOW,False,unmitigable,,No documented mitigation that preserves current use; re-role or replace,,secure@microsoft.com,3.1,false,false,0.104190,0.955940
CVE-2024-38055,2024-07-09,MEDIUM,5.5,LOCAL,LOW,False,unmitigable,,No documented mitigation that preserves current use; re-role or replace,,secure@microsoft.com,3.1,false,false,0.007900,0.545960
CVE-2024-38056,2024-07-09,MEDIUM,5.5,LOCAL,LOW,False,unmitigable,,No documented mitigation that preserves current use; re-role or replace,,secure@microsoft.com,3.1,false,false,0.007900,0.545950
CVE-2024-38057,2024-07-09,HIGH,7.8,LOCAL,LOW,False,unmitigable,,No documented mitigation that preserves current use; re-role or replace,,secure@microsoft.com,3.1,false,false,0.007560,0.534350
CVE-2024-38058,2024-07-09,MEDIUM,6.8,PHYSICAL,NONE,False,unmitigable,,No documented mitigation that preserves current use; re-role or replace,,secure@microsoft.com,3.1,false,false,0.009290,0.591010
CVE-2024-38059,2024-07-09,HIGH,7.8,LOCAL,LOW,False,unmitigable,,No documented mitigation that preserves current use; re-role or replace,,secure@microsoft.com,3.1,false,false,0.037380,0.894840
CVE-2024-38060,2024-07-09,HIGH,8.8,NETWORK,LOW,False,unmitigable,,No documented mitigation that preserves current use; re-role or replace,,secure@microsoft.com,3.1,false,false,0.159080,0.967890
CVE-2024-38061,2024-07-09,HIGH,7.5,NETWORK,LOW,False,unmitigable,,No documented mitigation that preserves current use; re-role or replace,,secure@microsoft.com,3.1,false,false,0.014880,0.730820
CVE-2024-38062,2024-07-09,HIGH,7.8,LOCAL,LOW,False,unmitigable,,No documented mitigation that preserves current use; re-role or replace,,secure@microsoft.com,3.1,false,false,0.016120,0.750470
CVE-2024-38063,2024-08-13,CRITICAL,9.8,NETWORK,NONE,False,network_isolate,network,Segment to a restricted VLAN and block inbound access at the host firewall,,secure@microsoft.com,3.1,false,false,0.705640,0.993730
CVE-2024-38064,2024-07-09,HIGH,7.5,NETWORK,NONE,False,network_isolate,network,Segment to a restricted VLAN and block inbound access at the host firewall,,secure@microsoft.com,3.1,false,false,0.021950,0.818130
CVE-2024-38065,2024-07-09,MEDIUM,6.8,PHYSICAL,NONE,False,unmitigable,,No documented mitigation that preserves current use; re-role or replace,,secure@microsoft.com,3.1,false,false,0.009310,0.591710
CVE-2024-38066,2024-07-09,HIGH,7.8,LOCAL,LOW,False,unmitigable,,No documented mitigation that preserves current use; re-role or replace,,secure@microsoft.com,3.1,false,false,0.008590,0.569010
CVE-2024-38068,2024-07-09,HIGH,7.5,NETWORK,NONE,False,network_isolate,network,Segment to a restricted VLAN and block inbound access at the host firewall,,secure@microsoft.com,3.1,false,false,0.025180,0.842420
CVE-2024-38069,2024-07-09,HIGH,7.0,LOCAL,LOW,False,unmitigable,,No documented mitigation that preserves current use; re-role or replace,,secure@microsoft.com,3.1,false,false,0.003300,0.236760
CVE-2024-38070,2024-07-09,HIGH,7.8,LOCAL,LOW,False,unmitigable,,No documented mitigation that preserves current use; re-role or replace,,secure@microsoft.com,3.1,false,false,0.007090,0.517080
CVE-2024-38078,2024-07-09,HIGH,7.5,ADJACENT_NETWORK,NONE,False,network_isolate,network,Segment to a restricted VLAN and block inbound access at the host firewall,,nvd@nist.gov,3.1,false,false,0.006960,0.511960
CVE-2024-38079,2024-07-09,HIGH,7.8,LOCAL,LOW,False,unmitigable,,No documented mitigation that preserves current use; re-role or replace,,secure@microsoft.com,3.1,false,false,0.007090,0.517210
CVE-2024-38080,2024-07-09,HIGH,7.8,LOCAL,LOW,False,service_disable,hyperv,Remove the Hyper-V role on endpoints that do not host VMs,Microsoft Hyper-V role guidance,secure@microsoft.com,3.1,true,false,0.071150,0.940480
CVE-2024-38081,2024-07-09,HIGH,7.3,LOCAL,LOW,True,app_update,application,Update the affected application; it services independently of the OS,,secure@microsoft.com,3.1,false,false,0.013030,0.694090
CVE-2024-38085,2024-07-09,HIGH,7.8,LOCAL,LOW,False,unmitigable,,No documented mitigation that preserves current use; re-role or replace,,secure@microsoft.com,3.1,false,false,0.052550,0.922760
CVE-2024-38091,2024-07-09,HIGH,7.5,NETWORK,NONE,False,network_isolate,network,Segment to a restricted VLAN and block inbound access at the host firewall,,secure@microsoft.com,3.1,false,false,0.018890,0.787710
CVE-2024-38101,2024-07-09,MEDIUM,6.5,ADJACENT_NETWORK,NONE,False,network_isolate,network,Segment to a restricted VLAN and block inbound access at the host firewall,,secure@microsoft.com,3.1,false,false,0.008490,0.565630
CVE-2024-38102,2024-07-09,MEDIUM,6.5,ADJACENT_NETWORK,NONE,False,network_isolate,network,Segment to a restricted VLAN and block inbound access at the host firewall,,secure@microsoft.com,3.1,false,false,0.008490,0.565630
CVE-2024-38104,2024-07-09,HIGH,8.8,NETWORK,LOW,False,service_disable,fax,Remove the Fax and Scan optional feature,Microsoft optional feature guidance,secure@microsoft.com,3.1,false,false,0.018230,0.779740
CVE-2024-38105,2024-07-09,MEDIUM,6.5,ADJACENT_NETWORK,NONE,False,network_isolate,network,Segment to a restricted VLAN and block inbound access at the host firewall,,secure@microsoft.com,3.1,false,false,0.008490,0.565630
CVE-2024-38106,2024-08-13,HIGH,7.0,LOCAL,LOW,False,unmitigable,,No documented mitigation that preserves current use; re-role or replace,,secure@microsoft.com,3.1,true,false,0.063370,0.934150
CVE-2024-38107,2024-08-13,HIGH,7.8,LOCAL,LOW,False,unmitigable,,No documented mitigation that preserves current use; re-role or replace,,secure@microsoft.com,3.1,true,false,0.016350,0.753930
CVE-2024-38112,2024-07-09,HIGH,7.5,NETWORK,NONE,False,service_disable,ie,Disable Internet Explorer / MSHTML rendering and set Edge as the only browser,Microsoft IE retirement + ADV guidance,secure@microsoft.com,3.1,true,false,0.842250,0.996910
CVE-2024-38114,2024-08-13,HIGH,8.8,NETWORK,NONE,False,network_isolate,network,Segment to a restricted VLAN and block inbound access at the host firewall,,secure@microsoft.com,3.1,false,false,0.015950,0.747920
CVE-2024-38115,2024-08-13,HIGH,8.8,NETWORK,NONE,False,network_isolate,network,Segment to a restricted VLAN and block inbound access at the host firewall,,secure@microsoft.com,3.1,false,false,0.016280,0.752740
CVE-2024-38116,2024-08-13,HIGH,8.8,NETWORK,LOW,False,unmitigable,,No documented mitigation that preserves current use; re-role or replace,,secure@microsoft.com,3.1,false,false,0.018180,0.779040
CVE-2024-38117,2024-08-13,HIGH,7.8,LOCAL,LOW,False,unmitigable,,No documented mitigation that preserves current use; re-role or replace,,secure@microsoft.com,3.1,false,false,0.006930,0.510810
CVE-2024-38118,2024-08-13,MEDIUM,5.5,LOCAL,LOW,False,unmitigable,,No documented mitigation that preserves current use; re-role or replace,,secure@microsoft.com,3.1,false,false,0.006290,0.481660
CVE-2024-38119,2024-09-10,HIGH,7.5,ADJACENT_NETWORK,NONE,False,network_isolate,network,Segment to a restricted VLAN and block inbound access at the host firewall,,secure@microsoft.com,3.1,false,false,0.007560,0.534400
CVE-2024-38122,2024-08-13,MEDIUM,5.5,LOCAL,LOW,False,unmitigable,,No documented mitigation that preserves current use; re-role or replace,,secure@microsoft.com,3.1,false,false,0.006290,0.481660
CVE-2024-38123,2024-08-13,MEDIUM,4.4,LOCAL,HIGH,False,service_disable,bluetooth,Disable the Bluetooth radio/stack by policy where unused,Microsoft Bluetooth hardening guidance,secure@microsoft.com,3.1,false,false,0.007180,0.520570
CVE-2024-38125,2024-08-13,HIGH,7.8,LOCAL,LOW,False,unmitigable,,No documented mitigation that preserves current use; re-role or replace,,secure@microsoft.com,3.1,false,false,0.059400,0.930320
CVE-2024-38126,2024-08-13,HIGH,7.5,NETWORK,NONE,False,network_isolate,network,Segment to a restricted VLAN and block inbound access at the host firewall,,secure@microsoft.com,3.1,false,false,0.026570,0.851260
CVE-2024-38127,2024-08-13,HIGH,7.8,LOCAL,LOW,False,service_disable,hyperv,Remove the Hyper-V role on endpoints that do not host VMs,Microsoft Hyper-V role guidance,secure@microsoft.com,3.1,false,false,0.016180,0.751310
CVE-2024-38130,2024-08-13,HIGH,8.8,NETWORK,NONE,False,network_isolate,network,Segment to a restricted VLAN and block inbound access at the host firewall,,secure@microsoft.com,3.1,false,false,0.016280,0.752740
CVE-2024-38131,2024-08-13,HIGH,8.8,NETWORK,NONE,False,network_isolate,network,Segment to a restricted VLAN and block inbound access at the host firewall,,secure@microsoft.com,3.1,false,false,0.013230,0.698120
CVE-2024-38132,2024-08-13,HIGH,7.5,NETWORK,NONE,False,network_isolate,network,Segment to a restricted VLAN and block inbound access at the host firewall,,secure@microsoft.com,3.1,false,false,0.025000,0.841110
CVE-2024-38133,2024-08-13,HIGH,7.8,LOCAL,LOW,False,unmitigable,,No documented mitigation that preserves current use; re-role or replace,,secure@microsoft.com,3.1,false,false,0.007300,0.525240
CVE-2024-38134,2024-08-13,HIGH,7.8,LOCAL,LOW,False,unmitigable,,No documented mitigation that preserves current use; re-role or replace,,secure@microsoft.com,3.1,false,false,0.006810,0.505940
CVE-2024-38135,2024-08-13,HIGH,7.8,LOCAL,LOW,False,unmitigable,,No documented mitigation that preserves current use; re-role or replace,,secure@microsoft.com,3.1,false,false,0.006810,0.505940
CVE-2024-38136,2024-08-13,HIGH,7.0,LOCAL,LOW,False,unmitigable,,No documented mitigation that preserves current use; re-role or replace,,secure@microsoft.com,3.1,false,false,0.004270,0.345660
CVE-2024-38137,2024-08-13,HIGH,7.0,LOCAL,LOW,False,unmitigable,,No documented mitigation that preserves current use; re-role or replace,,secure@microsoft.com,3.1,false,false,0.004250,0.344530
CVE-2024-38140,2024-08-13,CRITICAL,9.8,NETWORK,NONE,False,network_isolate,network,Segment to a restricted VLAN and block inbound access at the host firewall,,secure@microsoft.com,3.1,false,false,0.038100,0.896910
CVE-2024-38141,2024-08-13,HIGH,7.8,LOCAL,LOW,False,unmitigable,,No documented mitigation that preserves current use; re-role or replace,,secure@microsoft.com,3.1,false,false,0.037190,0.894250
CVE-2024-38142,2024-08-13,HIGH,7.8,LOCAL,LOW,False,unmitigable,,No documented mitigation that preserves current use; re-role or replace,,secure@microsoft.com,3.1,false,false,0.006060,0.470230
CVE-2024-38143,2024-08-13,MEDIUM,4.2,PHYSICAL,NONE,False,unmitigable,,No documented mitigation that preserves current use; re-role or replace,,secure@microsoft.com,3.1,false,false,0.016850,0.761300
CVE-2024-38144,2024-08-13,HIGH,8.8,NETWORK,LOW,False,unmitigable,,No documented mitigation that preserves current use; re-role or replace,,secure@microsoft.com,3.1,false,false,0.323470,0.982780
CVE-2024-38145,2024-08-13,HIGH,7.5,NETWORK,NONE,False,network_isolate,network,Segment to a restricted VLAN and block inbound access at the host firewall,,secure@microsoft.com,3.1,false,false,0.024570,0.838280
CVE-2024-38146,2024-08-13,HIGH,7.5,NETWORK,NONE,False,network_isolate,network,Segment to a restricted VLAN and block inbound access at the host firewall,,secure@microsoft.com,3.1,false,false,0.024570,0.838280
CVE-2024-38147,2024-08-13,HIGH,7.8,LOCAL,LOW,False,unmitigable,,No documented mitigation that preserves current use; re-role or replace,,secure@microsoft.com,3.1,false,false,0.032600,0.879440
CVE-2024-38148,2024-08-13,HIGH,7.5,NETWORK,NONE,False,network_isolate,network,Segment to a restricted VLAN and block inbound access at the host firewall,,secure@microsoft.com,3.1,false,false,0.318090,0.982480
CVE-2024-38149,2024-10-08,HIGH,7.5,NETWORK,NONE,False,network_isolate,network,Segment to a restricted VLAN and block inbound access at the host firewall,,secure@microsoft.com,3.1,false,false,0.022300,0.821050
CVE-2024-38150,2024-08-13,HIGH,7.8,LOCAL,LOW,False,unmitigable,,No documented mitigation that preserves current use; re-role or replace,,secure@microsoft.com,3.1,false,false,0.037150,0.894080
CVE-2024-38151,2024-08-13,MEDIUM,5.5,LOCAL,LOW,False,unmitigable,,No documented mitigation that preserves current use; re-role or replace,,secure@microsoft.com,3.1,false,false,0.006310,0.483010
CVE-2024-38152,2024-08-13,HIGH,7.8,LOCAL,NONE,False,unmitigable,,No documented mitigation that preserves current use; re-role or replace,,secure@microsoft.com,3.1,false,false,0.008790,0.575400
CVE-2024-38153,2024-08-13,HIGH,7.8,LOCAL,LOW,False,unmitigable,,No documented mitigation that preserves current use; re-role or replace,,secure@microsoft.com,3.1,false,false,0.005130,0.414920
CVE-2024-38155,2024-08-13,MEDIUM,5.5,LOCAL,LOW,False,unmitigable,,No documented mitigation that preserves current use; re-role or replace,,secure@microsoft.com,3.1,false,false,0.007190,0.521080
CVE-2024-38161,2024-08-13,MEDIUM,6.8,PHYSICAL,NONE,False,unmitigable,,No documented mitigation that preserves current use; re-role or replace,,secure@microsoft.com,3.1,false,false,0.007650,0.537490
CVE-2024-38163,2024-08-14,HIGH,7.8,LOCAL,LOW,False,unmitigable,,No documented mitigation that preserves current use; re-role or replace,,secure@microsoft.com,3.1,false,false,0.006510,0.492860
CVE-2024-38165,2024-08-13,MEDIUM,6.5,NETWORK,NONE,False,network_isolate,network,Segment to a restricted VLAN and block inbound access at the host firewall,,secure@microsoft.com,3.1,false,false,0.013280,0.699390
CVE-2024-38178,2024-08-13,HIGH,7.5,NETWORK,NONE,False,network_isolate,network,Segment to a restricted VLAN and block inbound access at the host firewall,,secure@microsoft.com,3.1,true,false,0.413800,0.986320
CVE-2024-38180,2024-08-13,HIGH,8.8,NETWORK,NONE,False,network_isolate,network,Segment to a restricted VLAN and block inbound access at the host firewall,,secure@microsoft.com,3.1,false,false,0.016000,0.748680
CVE-2024-38184,2024-08-13,HIGH,7.8,LOCAL,LOW,False,unmitigable,,No documented mitigation that preserves current use; re-role or replace,,secure@microsoft.com,3.1,false,false,0.011710,0.662390
CVE-2024-38185,2024-08-13,HIGH,7.8,LOCAL,LOW,False,unmitigable,,No documented mitigation that preserves current use; re-role or replace,,secure@microsoft.com,3.1,false,false,0.011140,0.647350
CVE-2024-38186,2024-08-13,HIGH,7.8,LOCAL,LOW,False,unmitigable,,No documented mitigation that preserves current use; re-role or replace,,secure@microsoft.com,3.1,false,false,0.008390,0.562240
CVE-2024-38187,2024-08-13,HIGH,7.8,LOCAL,LOW,False,unmitigable,,No documented mitigation that preserves current use; re-role or replace,,secure@microsoft.com,3.1,false,false,0.011140,0.647350
CVE-2024-38191,2024-08-13,HIGH,7.8,LOCAL,LOW,False,unmitigable,,No documented mitigation that preserves current use; re-role or replace,,secure@microsoft.com,3.1,false,false,0.005110,0.413580
CVE-2024-38193,2024-08-13,HIGH,7.8,LOCAL,LOW,False,unmitigable,,No documented mitigation that preserves current use; re-role or replace,,secure@microsoft.com,3.1,true,false,0.285290,0.980760
CVE-2024-38196,2024-08-13,HIGH,7.8,LOCAL,LOW,False,unmitigable,,No documented mitigation that preserves current use; re-role or replace,,secure@microsoft.com,3.1,false,false,0.059700,0.930610
CVE-2024-38198,2024-08-13,HIGH,7.5,NETWORK,LOW,False,service_disable,spooler,Stop and disable the Print Spooler service on devices that do not print,Microsoft ADV / KB5005010,secure@microsoft.com,3.1,false,false,0.007900,0.545970
CVE-2024-38199,2024-08-13,CRITICAL,9.8,NETWORK,NONE,False,network_isolate,network,Segment to a restricted VLAN and block inbound access at the host firewall,,secure@microsoft.com,3.1,false,false,0.022300,0.821000
CVE-2024-38202,2024-08-08,HIGH,7.3,LOCAL,LOW,False,unmitigable,,No documented mitigation that preserves current use; re-role or replace,,secure@microsoft.com,3.1,false,false,0.016780,0.760230
CVE-2024-38203,2024-11-12,MEDIUM,5.5,LOCAL,LOW,False,unmitigable,,No documented mitigation that preserves current use; re-role or replace,,nvd@nist.gov,3.1,false,false,0.006820,0.506580
CVE-2024-38213,2024-08-13,MEDIUM,6.5,NETWORK,NONE,False,network_isolate,network,Segment to a restricted VLAN and block inbound access at the host firewall,,secure@microsoft.com,3.1,true,false,0.136260,0.963610
CVE-2024-38215,2024-08-13,HIGH,7.8,LOCAL,LOW,False,unmitigable,,No documented mitigation that preserves current use; re-role or replace,,secure@microsoft.com,3.1,false,false,0.006810,0.505940
CVE-2024-38217,2024-09-10,MEDIUM,5.4,NETWORK,NONE,False,network_isolate,network,Segment to a restricted VLAN and block inbound access at the host firewall,,secure@microsoft.com,3.1,true,false,0.100260,0.954760
CVE-2024-38223,2024-08-13,MEDIUM,6.8,PHYSICAL,NONE,False,unmitigable,,No documented mitigation that preserves current use; re-role or replace,,secure@microsoft.com,3.1,false,false,0.007080,0.516720
CVE-2024-38234,2024-09-10,MEDIUM,6.5,ADJACENT_NETWORK,NONE,False,network_isolate,network,Segment to a restricted VLAN and block inbound access at the host firewall,,secure@microsoft.com,3.1,false,false,0.009290,0.590910
CVE-2024-38235,2024-09-10,MEDIUM,6.5,LOCAL,LOW,False,service_disable,hyperv,Remove the Hyper-V role on endpoints that do not host VMs,Microsoft Hyper-V role guidance,secure@microsoft.com,3.1,false,false,0.007170,0.520160
CVE-2024-38237,2024-09-10,HIGH,7.8,LOCAL,LOW,False,unmitigable,,No documented mitigation that preserves current use; re-role or replace,,secure@microsoft.com,3.1,false,false,0.033800,0.883670
CVE-2024-38238,2024-09-10,HIGH,7.8,LOCAL,LOW,False,unmitigable,,No documented mitigation that preserves current use; re-role or replace,,secure@microsoft.com,3.1,false,false,0.007590,0.535580
CVE-2024-38239,2024-09-10,HIGH,7.2,NETWORK,HIGH,False,unmitigable,,No documented mitigation that preserves current use; re-role or replace,,secure@microsoft.com,3.1,false,false,0.017490,0.769780
CVE-2024-38240,2024-09-10,CRITICAL,9.8,NETWORK,NONE,False,network_isolate,network,Segment to a restricted VLAN and block inbound access at the host firewall,,nvd@nist.gov,3.1,false,false,0.014860,0.730480
CVE-2024-38241,2024-09-10,HIGH,7.8,LOCAL,LOW,False,unmitigable,,No documented mitigation that preserves current use; re-role or replace,,secure@microsoft.com,3.1,false,false,0.060210,0.931130
CVE-2024-38242,2024-09-10,HIGH,7.8,LOCAL,LOW,False,unmitigable,,No documented mitigation that preserves current use; re-role or replace,,secure@microsoft.com,3.1,false,false,0.033520,0.882730
CVE-2024-38243,2024-09-10,HIGH,7.8,LOCAL,LOW,False,unmitigable,,No documented mitigation that preserves current use; re-role or replace,,secure@microsoft.com,3.1,false,false,0.007620,0.536420
CVE-2024-38244,2024-09-10,HIGH,7.8,LOCAL,LOW,False,unmitigable,,No documented mitigation that preserves current use; re-role or replace,,secure@microsoft.com,3.1,false,false,0.061940,0.932810
CVE-2024-38245,2024-09-10,HIGH,7.8,LOCAL,LOW,False,unmitigable,,No documented mitigation that preserves current use; re-role or replace,,secure@microsoft.com,3.1,false,false,0.008740,0.574060
CVE-2024-38246,2024-09-10,HIGH,7.0,LOCAL,LOW,False,unmitigable,,No documented mitigation that preserves current use; re-role or replace,,secure@microsoft.com,3.1,false,false,0.005670,0.449390
CVE-2024-38247,2024-09-10,HIGH,7.8,LOCAL,LOW,False,unmitigable,,No documented mitigation that preserves current use; re-role or replace,,secure@microsoft.com,3.1,false,false,0.006950,0.511680
CVE-2024-38248,2024-09-10,HIGH,7.0,LOCAL,LOW,False,unmitigable,,No documented mitigation that preserves current use; re-role or replace,,secure@microsoft.com,3.1,false,false,0.005650,0.448470
CVE-2024-38249,2024-09-10,HIGH,7.8,LOCAL,LOW,False,unmitigable,,No documented mitigation that preserves current use; re-role or replace,,secure@microsoft.com,3.1,false,false,0.009500,0.597860
CVE-2024-38250,2024-09-10,HIGH,7.8,LOCAL,LOW,False,unmitigable,,No documented mitigation that preserves current use; re-role or replace,,secure@microsoft.com,3.1,false,false,0.006990,0.513290
CVE-2024-38252,2024-09-10,HIGH,7.8,LOCAL,LOW,False,unmitigable,,No documented mitigation that preserves current use; re-role or replace,,secure@microsoft.com,3.1,false,false,0.006040,0.468870
CVE-2024-38253,2024-09-10,HIGH,7.8,LOCAL,LOW,False,unmitigable,,No documented mitigation that preserves current use; re-role or replace,,secure@microsoft.com,3.1,false,false,0.006040,0.468880
CVE-2024-38254,2024-09-10,MEDIUM,6.2,LOCAL,NONE,False,unmitigable,,No documented mitigation that preserves current use; re-role or replace,,nvd@nist.gov,3.1,false,false,0.007240,0.522680
CVE-2024-38257,2024-09-10,HIGH,7.5,NETWORK,NONE,False,network_isolate,network,Segment to a restricted VLAN and block inbound access at the host firewall,,secure@microsoft.com,3.1,false,false,0.044690,0.911310
CVE-2024-38259,2024-09-10,HIGH,8.8,NETWORK,NONE,False,network_isolate,network,Segment to a restricted VLAN and block inbound access at the host firewall,,secure@microsoft.com,3.1,false,false,0.018900,0.787820
CVE-2024-38264,2024-11-12,MEDIUM,5.9,NETWORK,NONE,False,network_isolate,network,Segment to a restricted VLAN and block inbound access at the host firewall,,secure@microsoft.com,3.1,false,false,0.013180,0.697310
CVE-2024-43449,2024-11-12,MEDIUM,6.8,PHYSICAL,NONE,False,unmitigable,,No documented mitigation that preserves current use; re-role or replace,,secure@microsoft.com,3.1,false,false,0.007430,0.529890
CVE-2024-43451,2024-11-12,MEDIUM,6.5,NETWORK,NONE,False,network_isolate,network,Segment to a restricted VLAN and block inbound access at the host firewall,,secure@microsoft.com,3.1,true,false,0.841080,0.996870
CVE-2024-43452,2024-11-12,HIGH,7.5,NETWORK,NONE,False,network_isolate,network,Segment to a restricted VLAN and block inbound access at the host firewall,,secure@microsoft.com,3.1,false,false,0.283870,0.980690
CVE-2024-43457,2024-09-10,HIGH,7.8,LOCAL,LOW,False,unmitigable,,No documented mitigation that preserves current use; re-role or replace,,secure@microsoft.com,3.1,false,false,0.006150,0.474770
CVE-2024-43461,2024-09-10,HIGH,8.8,NETWORK,NONE,False,service_disable,ie,Disable Internet Explorer / MSHTML rendering and set Edge as the only browser,Microsoft IE retirement + ADV guidance,secure@microsoft.com,3.1,true,false,0.544860,0.989840
CVE-2024-43483,2024-10-08,HIGH,7.5,NETWORK,NONE,True,app_update,application,Update the affected application; it services independently of the OS,,secure@microsoft.com,3.1,false,false,0.028970,0.864300
CVE-2024-43484,2024-10-08,HIGH,7.5,NETWORK,NONE,True,app_update,application,Update the affected application; it services independently of the OS,,secure@microsoft.com,3.1,false,false,0.029590,0.867000
CVE-2024-43495,2024-09-10,HIGH,7.3,LOCAL,LOW,False,unmitigable,,No documented mitigation that preserves current use; re-role or replace,,secure@microsoft.com,3.1,false,false,0.009380,0.594300
CVE-2024-43500,2024-10-08,MEDIUM,5.5,LOCAL,LOW,False,unmitigable,,No documented mitigation that preserves current use; re-role or replace,,secure@microsoft.com,3.1,false,false,0.006340,0.484340
CVE-2024-43501,2024-10-08,HIGH,7.8,LOCAL,LOW,False,unmitigable,,No documented mitigation that preserves current use; re-role or replace,,secure@microsoft.com,3.1,false,false,0.006550,0.494460
CVE-2024-43506,2024-10-08,HIGH,7.5,NETWORK,NONE,False,network_isolate,network,Segment to a restricted VLAN and block inbound access at the host firewall,,secure@microsoft.com,3.1,false,false,0.023210,0.828170
CVE-2024-43508,2024-10-08,MEDIUM,5.5,LOCAL,LOW,False,unmitigable,,No documented mitigation that preserves current use; re-role or replace,,secure@microsoft.com,3.1,false,false,0.006340,0.484340
CVE-2024-43509,2024-10-08,HIGH,7.8,LOCAL,LOW,False,unmitigable,,No documented mitigation that preserves current use; re-role or replace,,secure@microsoft.com,3.1,false,false,0.006370,0.485870
CVE-2024-43511,2024-10-08,HIGH,7.0,LOCAL,LOW,False,unmitigable,,No documented mitigation that preserves current use; re-role or replace,,secure@microsoft.com,3.1,false,false,0.003780,0.293690
CVE-2024-43513,2024-10-08,MEDIUM,6.4,PHYSICAL,NONE,False,unmitigable,,No documented mitigation that preserves current use; re-role or replace,,secure@microsoft.com,3.1,false,false,0.006460,0.490020
CVE-2024-43514,2024-10-08,HIGH,7.8,LOCAL,LOW,False,unmitigable,,No documented mitigation that preserves current use; re-role or replace,,secure@microsoft.com,3.1,false,false,0.006040,0.468870
CVE-2024-43515,2024-10-08,HIGH,7.5,NETWORK,NONE,False,network_isolate,network,Segment to a restricted VLAN and block inbound access at the host firewall,,secure@microsoft.com,3.1,false,false,0.022780,0.824740
CVE-2024-43516,2024-10-08,HIGH,7.8,LOCAL,LOW,False,unmitigable,,No documented mitigation that preserves current use; re-role or replace,,secure@microsoft.com,3.1,false,false,0.006170,0.475940
CVE-2024-43517,2024-10-08,HIGH,8.8,NETWORK,NONE,False,network_isolate,network,Segment to a restricted VLAN and block inbound access at the host firewall,,secure@microsoft.com,3.1,false,false,0.014360,0.721320
CVE-2024-43518,2024-10-08,HIGH,8.8,NETWORK,NONE,False,network_isolate,network,Segment to a restricted VLAN and block inbound access at the host firewall,,secure@microsoft.com,3.1,false,false,0.009850,0.609290
CVE-2024-43519,2024-10-08,HIGH,8.8,NETWORK,NONE,False,network_isolate,network,Segment to a restricted VLAN and block inbound access at the host firewall,,secure@microsoft.com,3.1,false,false,0.014960,0.732200
CVE-2024-43520,2024-10-08,MEDIUM,5.0,LOCAL,LOW,False,unmitigable,,No documented mitigation that preserves current use; re-role or replace,,secure@microsoft.com,3.1,false,false,0.009610,0.601580
CVE-2024-43522,2024-10-08,HIGH,7.0,LOCAL,LOW,False,unmitigable,,No documented mitigation that preserves current use; re-role or replace,,secure@microsoft.com,3.1,false,false,0.004920,0.399820
CVE-2024-43523,2024-10-08,MEDIUM,6.8,PHYSICAL,NONE,False,unmitigable,,No documented mitigation that preserves current use; re-role or replace,,secure@microsoft.com,3.1,false,false,0.006690,0.500860
CVE-2024-43524,2024-10-08,MEDIUM,6.8,PHYSICAL,NONE,False,unmitigable,,No documented mitigation that preserves current use; re-role or replace,,secure@microsoft.com,3.1,false,false,0.006690,0.500870
CVE-2024-43525,2024-10-08,MEDIUM,6.8,PHYSICAL,NONE,False,unmitigable,,No documented mitigation that preserves current use; re-role or replace,,secure@microsoft.com,3.1,false,false,0.006750,0.503500
CVE-2024-43526,2024-10-08,MEDIUM,6.8,PHYSICAL,NONE,False,unmitigable,,No documented mitigation that preserves current use; re-role or replace,,secure@microsoft.com,3.1,false,false,0.006750,0.503500
CVE-2024-43527,2024-10-08,HIGH,7.8,LOCAL,LOW,False,unmitigable,,No documented mitigation that preserves current use; re-role or replace,,secure@microsoft.com,3.1,false,false,0.006040,0.468880
CVE-2024-43528,2024-10-08,HIGH,7.8,LOCAL,LOW,False,unmitigable,,No documented mitigation that preserves current use; re-role or replace,,secure@microsoft.com,3.1,false,false,0.005270,0.424500
CVE-2024-43529,2024-10-08,HIGH,7.3,LOCAL,LOW,False,service_disable,spooler,Stop and disable the Print Spooler service on devices that do not print,Microsoft ADV / KB5005010,secure@microsoft.com,3.1,false,false,0.008300,0.559390
CVE-2024-43530,2024-11-12,HIGH,7.8,LOCAL,LOW,False,unmitigable,,No documented mitigation that preserves current use; re-role or replace,,secure@microsoft.com,3.1,false,false,0.004970,0.402740
CVE-2024-43532,2024-10-08,HIGH,8.8,NETWORK,LOW,False,service_disable,remote_registry,Disable the Remote Registry service,Microsoft security baseline,secure@microsoft.com,3.1,false,false,0.119660,0.959960
CVE-2024-43533,2024-10-08,HIGH,8.8,NETWORK,NONE,False,service_disable,rdp,"Disable Remote Desktop, or require Network Level Authentication and gate by firewall",Microsoft CVE-2019-0708 guidance,secure@microsoft.com,3.1,false,false,0.015850,0.746620
CVE-2024-43534,2024-10-08,MEDIUM,6.5,NETWORK,NONE,False,network_isolate,network,Segment to a restricted VLAN and block inbound access at the host firewall,,secure@microsoft.com,3.1,false,false,0.017950,0.776010
CVE-2024-43535,2024-10-08,HIGH,7.0,LOCAL,LOW,False,unmitigable,,No documented mitigation that preserves current use; re-role or replace,,secure@microsoft.com,3.1,false,false,0.005280,0.425300
CVE-2024-43536,2024-10-08,MEDIUM,6.8,PHYSICAL,NONE,False,unmitigable,,No documented mitigation that preserves current use; re-role or replace,,secure@microsoft.com,3.1,false,false,0.006210,0.478120
CVE-2024-43537,2024-10-08,MEDIUM,6.5,ADJACENT_NETWORK,NONE,False,network_isolate,network,Segment to a restricted VLAN and block inbound access at the host firewall,,secure@microsoft.com,3.1,false,false,0.008060,0.551530
CVE-2024-43538,2024-10-08,MEDIUM,6.5,ADJACENT_NETWORK,NONE,False,network_isolate,network,Segment to a restricted VLAN and block inbound access at the host firewall,,secure@microsoft.com,3.1,false,false,0.008060,0.551530
CVE-2024-43540,2024-10-08,MEDIUM,6.5,ADJACENT_NETWORK,NONE,False,network_isolate,network,Segment to a restricted VLAN and block inbound access at the host firewall,,secure@microsoft.com,3.1,false,false,0.008060,0.551530
CVE-2024-43542,2024-10-08,MEDIUM,6.5,ADJACENT_NETWORK,NONE,False,network_isolate,network,Segment to a restricted VLAN and block inbound access at the host firewall,,secure@microsoft.com,3.1,false,false,0.008060,0.551530
CVE-2024-43543,2024-10-08,MEDIUM,6.8,PHYSICAL,NONE,False,unmitigable,,No documented mitigation that preserves current use; re-role or replace,,secure@microsoft.com,3.1,false,false,0.006260,0.480500
CVE-2024-43546,2024-10-08,MEDIUM,5.6,LOCAL,LOW,False,unmitigable,,No documented mitigation that preserves current use; re-role or replace,,secure@microsoft.com,3.1,false,false,0.006270,0.480810
CVE-2024-43547,2024-10-08,MEDIUM,5.9,NETWORK,NONE,False,network_isolate,network,Segment to a restricted VLAN and block inbound access at the host firewall,,nvd@nist.gov,3.1,false,false,0.006520,0.492930
CVE-2024-43550,2024-10-08,HIGH,7.4,NETWORK,NONE,False,network_isolate,network,Segment to a restricted VLAN and block inbound access at the host firewall,,secure@microsoft.com,3.1,false,false,0.010940,0.642430
CVE-2024-43551,2024-10-08,HIGH,7.8,LOCAL,LOW,False,unmitigable,,No documented mitigation that preserves current use; re-role or replace,,secure@microsoft.com,3.1,false,false,0.006320,0.483540
CVE-2024-43552,2024-10-08,HIGH,7.3,LOCAL,LOW,False,unmitigable,,No documented mitigation that preserves current use; re-role or replace,,secure@microsoft.com,3.1,false,false,0.007620,0.536410
CVE-2024-43553,2024-10-08,HIGH,7.0,LOCAL,LOW,False,unmitigable,,No documented mitigation that preserves current use; re-role or replace,,nvd@nist.gov,3.1,false,false,0.004990,0.404540
CVE-2024-43554,2024-10-08,MEDIUM,5.5,LOCAL,LOW,False,unmitigable,,No documented mitigation that preserves current use; re-role or replace,,secure@microsoft.com,3.1,false,false,0.006370,0.485490
CVE-2024-43555,2024-10-08,MEDIUM,6.5,ADJACENT_NETWORK,NONE,False,network_isolate,network,Segment to a restricted VLAN and block inbound access at the host firewall,,secure@microsoft.com,3.1,false,false,0.008180,0.555470
CVE-2024-43556,2024-10-08,HIGH,7.8,LOCAL,LOW,False,unmitigable,,No documented mitigation that preserves current use; re-role or replace,,secure@microsoft.com,3.1,false,false,0.007160,0.519830
CVE-2024-43557,2024-10-08,MEDIUM,6.5,ADJACENT_NETWORK,NONE,False,network_isolate,network,Segment to a restricted VLAN and block inbound access at the host firewall,,secure@microsoft.com,3.1,false,false,0.008180,0.555470
CVE-2024-43558,2024-10-08,MEDIUM,6.5,ADJACENT_NETWORK,NONE,False,network_isolate,network,Segment to a restricted VLAN and block inbound access at the host firewall,,secure@microsoft.com,3.1,false,false,0.008180,0.555470
CVE-2024-43559,2024-10-08,MEDIUM,6.5,ADJACENT_NETWORK,NONE,False,network_isolate,network,Segment to a restricted VLAN and block inbound access at the host firewall,,secure@microsoft.com,3.1,false,false,0.008180,0.555460
CVE-2024-43560,2024-10-08,HIGH,7.8,LOCAL,LOW,False,unmitigable,,No documented mitigation that preserves current use; re-role or replace,,secure@microsoft.com,3.1,false,false,0.035730,0.889770
CVE-2024-43561,2024-10-08,MEDIUM,6.5,ADJACENT_NETWORK,NONE,False,network_isolate,network,Segment to a restricted VLAN and block inbound access at the host firewall,,secure@microsoft.com,3.1,false,false,0.008180,0.555470
CVE-2024-43562,2024-10-08,HIGH,7.5,NETWORK,NONE,False,network_isolate,network,Segment to a restricted VLAN and block inbound access at the host firewall,,secure@microsoft.com,3.1,false,false,0.022190,0.820160
CVE-2024-43563,2024-10-08,HIGH,7.8,LOCAL,LOW,False,unmitigable,,No documented mitigation that preserves current use; re-role or replace,,secure@microsoft.com,3.1,false,false,0.004560,0.372010
CVE-2024-43565,2024-10-08,HIGH,7.5,NETWORK,NONE,False,network_isolate,network,Segment to a restricted VLAN and block inbound access at the host firewall,,secure@microsoft.com,3.1,false,false,0.022190,0.820150
CVE-2024-43570,2024-10-08,HIGH,7.0,LOCAL,LOW,False,unmitigable,,No documented mitigation that preserves current use; re-role or replace,,nvd@nist.gov,3.1,false,false,0.004980,0.404020
CVE-2024-43571,2024-10-08,HIGH,7.3,LOCAL,LOW,False,unmitigable,,No documented mitigation that preserves current use; re-role or replace,,nvd@nist.gov,3.1,false,false,0.006180,0.476500
CVE-2024-43572,2024-10-08,HIGH,7.8,LOCAL,NONE,False,unmitigable,,No documented mitigation that preserves current use; re-role or replace,,secure@microsoft.com,3.1,true,false,0.666950,0.992690
CVE-2024-43573,2024-10-08,HIGH,8.1,NETWORK,NONE,False,service_disable,ie,Disable Internet Explorer / MSHTML rendering and set Edge as the only browser,Microsoft IE retirement + ADV guidance,nvd@nist.gov,3.1,true,false,0.461090,0.987730
CVE-2024-43574,2024-10-08,HIGH,8.3,NETWORK,NONE,False,network_isolate,network,Segment to a restricted VLAN and block inbound access at the host firewall,,secure@microsoft.com,3.1,false,false,0.011650,0.660820
CVE-2024-43581,2024-10-08,HIGH,7.1,NETWORK,LOW,False,unmitigable,,No documented mitigation that preserves current use; re-role or replace,,secure@microsoft.com,3.1,false,false,0.014130,0.716980
CVE-2024-43582,2024-10-08,HIGH,8.1,NETWORK,NONE,False,service_disable,rdp,"Disable Remote Desktop, or require Network Level Authentication and gate by firewall",Microsoft CVE-2019-0708 guidance,secure@microsoft.com,3.1,false,false,0.031570,0.875050
CVE-2024-43583,2024-10-08,HIGH,7.8,LOCAL,LOW,False,unmitigable,,No documented mitigation that preserves current use; re-role or replace,,secure@microsoft.com,3.1,false,false,0.013410,0.702600
CVE-2024-43584,2024-10-08,HIGH,8.4,LOCAL,NONE,False,unmitigable,,No documented mitigation that preserves current use; re-role or replace,,nvd@nist.gov,3.1,false,false,0.005380,0.431310
CVE-2024-43585,2024-10-08,MEDIUM,5.5,LOCAL,LOW,False,unmitigable,,No documented mitigation that preserves current use; re-role or replace,,secure@microsoft.com,3.1,false,false,0.004880,0.397110
CVE-2024-43599,2024-10-08,HIGH,8.8,NETWORK,NONE,False,service_disable,rdp,"Disable Remote Desktop, or require Network Level Authentication and gate by firewall",Microsoft CVE-2019-0708 guidance,secure@microsoft.com,3.1,false,false,0.014430,0.722480
CVE-2024-43615,2024-10-08,HIGH,7.1,NETWORK,LOW,False,unmitigable,,No documented mitigation that preserves current use; re-role or replace,,secure@microsoft.com,3.1,false,false,0.012470,0.681870
CVE-2024-43620,2024-11-12,HIGH,8.8,NETWORK,NONE,False,network_isolate,network,Segment to a restricted VLAN and block inbound access at the host firewall,,secure@microsoft.com,3.1,false,false,0.015510,0.741520
CVE-2024-43621,2024-11-12,HIGH,8.8,NETWORK,NONE,False,network_isolate,network,Segment to a restricted VLAN and block inbound access at the host firewall,,secure@microsoft.com,3.1,false,false,0.015510,0.741520
CVE-2024-43622,2024-11-12,HIGH,8.8,NETWORK,NONE,False,network_isolate,network,Segment to a restricted VLAN and block inbound access at the host firewall,,secure@microsoft.com,3.1,false,false,0.015510,0.741520
CVE-2024-43623,2024-11-12,HIGH,7.8,LOCAL,LOW,False,unmitigable,,No documented mitigation that preserves current use; re-role or replace,,secure@microsoft.com,3.1,false,false,0.045050,0.911920
CVE-2024-43624,2024-11-12,HIGH,8.8,NETWORK,LOW,False,service_disable,hyperv,Remove the Hyper-V role on endpoints that do not host VMs,Microsoft Hyper-V role guidance,secure@microsoft.com,3.1,false,false,0.018490,0.782910
CVE-2024-43625,2024-11-12,HIGH,8.1,LOCAL,NONE,False,unmitigable,,No documented mitigation that preserves current use; re-role or replace,,nvd@nist.gov,3.1,false,false,0.006720,0.501900
CVE-2024-43626,2024-11-12,HIGH,7.8,LOCAL,LOW,False,unmitigable,,No documented mitigation that preserves current use; re-role or replace,,secure@microsoft.com,3.1,false,false,0.007320,0.525700
CVE-2024-43627,2024-11-12,HIGH,8.8,NETWORK,NONE,False,network_isolate,network,Segment to a restricted VLAN and block inbound access at the host firewall,,secure@microsoft.com,3.1,false,false,0.016140,0.750740
CVE-2024-43628,2024-11-12,HIGH,8.8,NETWORK,NONE,False,network_isolate,network,Segment to a restricted VLAN and block inbound access at the host firewall,,secure@microsoft.com,3.1,false,false,0.016140,0.750740
CVE-2024-43629,2024-11-12,HIGH,7.8,LOCAL,LOW,False,unmitigable,,No documented mitigation that preserves current use; re-role or replace,,secure@microsoft.com,3.1,false,false,0.043630,0.909350
CVE-2024-43630,2024-11-12,HIGH,7.8,LOCAL,LOW,False,unmitigable,,No documented mitigation that preserves current use; re-role or replace,,secure@microsoft.com,3.1,false,false,0.037840,0.896140
CVE-2024-43631,2024-11-12,HIGH,7.8,LOCAL,LOW,False,unmitigable,,No documented mitigation that preserves current use; re-role or replace,,nvd@nist.gov,3.1,false,false,0.005420,0.434130
CVE-2024-43633,2024-11-12,MEDIUM,6.5,LOCAL,LOW,False,service_disable,hyperv,Remove the Hyper-V role on endpoints that do not host VMs,Microsoft Hyper-V role guidance,secure@microsoft.com,3.1,false,false,0.005790,0.455400
CVE-2024-43634,2024-11-12,MEDIUM,6.8,PHYSICAL,NONE,False,unmitigable,,No documented mitigation that preserves current use; re-role or replace,,secure@microsoft.com,3.1,false,false,0.007430,0.529880
CVE-2024-43635,2024-11-12,HIGH,8.8,NETWORK,NONE,False,network_isolate,network,Segment to a restricted VLAN and block inbound access at the host firewall,,secure@microsoft.com,3.1,false,false,0.016010,0.748770
CVE-2024-43636,2024-11-12,HIGH,7.8,LOCAL,LOW,False,unmitigable,,No documented mitigation that preserves current use; re-role or replace,,secure@microsoft.com,3.1,false,false,0.006840,0.507310
CVE-2024-43637,2024-11-12,MEDIUM,6.8,PHYSICAL,NONE,False,unmitigable,,No documented mitigation that preserves current use; re-role or replace,,nvd@nist.gov,3.1,false,false,0.007430,0.529890
CVE-2024-43638,2024-11-12,MEDIUM,6.8,PHYSICAL,NONE,False,unmitigable,,No documented mitigation that preserves current use; re-role or replace,,secure@microsoft.com,3.1,false,false,0.007430,0.529880
CVE-2024-43640,2024-11-12,HIGH,7.8,LOCAL,LOW,False,unmitigable,,No documented mitigation that preserves current use; re-role or replace,,secure@microsoft.com,3.1,false,false,0.005690,0.450310
CVE-2024-43641,2024-11-12,HIGH,7.8,LOCAL,LOW,False,unmitigable,,No documented mitigation that preserves current use; re-role or replace,,secure@microsoft.com,3.1,false,false,0.006650,0.499040
CVE-2024-43642,2024-11-12,HIGH,7.5,NETWORK,NONE,False,network_isolate,network,Segment to a restricted VLAN and block inbound access at the host firewall,,secure@microsoft.com,3.1,false,false,0.630810,0.991800
CVE-2024-43643,2024-11-12,MEDIUM,6.8,PHYSICAL,NONE,False,unmitigable,,No documented mitigation that preserves current use; re-role or replace,,secure@microsoft.com,3.1,false,false,0.007430,0.529880
CVE-2024-43644,2024-11-12,HIGH,7.8,LOCAL,LOW,False,unmitigable,,No documented mitigation that preserves current use; re-role or replace,,secure@microsoft.com,3.1,false,false,0.005460,0.436740
CVE-2024-43646,2024-11-12,HIGH,7.8,LOCAL,LOW,False,unmitigable,,No documented mitigation that preserves current use; re-role or replace,,nvd@nist.gov,3.1,false,false,0.005420,0.434120
CVE-2024-49039,2024-11-12,HIGH,8.8,LOCAL,LOW,False,unmitigable,,No documented mitigation that preserves current use; re-role or replace,,secure@microsoft.com,3.1,true,true,0.141790,0.964700
CVE-2024-49046,2024-11-12,HIGH,7.8,LOCAL,LOW,False,unmitigable,,No documented mitigation that preserves current use; re-role or replace,,secure@microsoft.com,3.1,false,false,0.004460,0.364500
CVE-2024-49072,2024-12-12,HIGH,7.8,LOCAL,LOW,False,unmitigable,,No documented mitigation that preserves current use; re-role or replace,,secure@microsoft.com,3.1,false,false,0.006160,0.475120
CVE-2024-49073,2024-12-12,MEDIUM,6.8,PHYSICAL,NONE,False,unmitigable,,No documented mitigation that preserves current use; re-role or replace,,secure@microsoft.com,3.1,false,false,0.008790,0.575460
CVE-2024-49075,2024-12-12,HIGH,7.5,NETWORK,NONE,False,service_disable,rdp,"Disable Remote Desktop, or require Network Level Authentication and gate by firewall",Microsoft CVE-2019-0708 guidance,secure@microsoft.com,3.1,false,false,0.026240,0.849180
CVE-2024-49076,2024-12-12,HIGH,7.8,LOCAL,LOW,False,unmitigable,,No documented mitigation that preserves current use; re-role or replace,,secure@microsoft.com,3.1,false,false,0.012160,0.674350
CVE-2024-49077,2024-12-12,MEDIUM,6.8,PHYSICAL,NONE,False,unmitigable,,No documented mitigation that preserves current use; re-role or replace,,secure@microsoft.com,3.1,false,false,0.008790,0.575460
CVE-2024-49078,2024-12-12,MEDIUM,6.8,PHYSICAL,NONE,False,unmitigable,,No documented mitigation that preserves current use; re-role or replace,,secure@microsoft.com,3.1,false,false,0.008790,0.575460
CVE-2024-49079,2024-12-12,HIGH,7.8,LOCAL,NONE,False,unmitigable,,No documented mitigation that preserves current use; re-role or replace,,secure@microsoft.com,3.1,false,false,0.009880,0.610670
CVE-2024-49080,2024-12-12,HIGH,8.8,NETWORK,LOW,False,unmitigable,,No documented mitigation that preserves current use; re-role or replace,,secure@microsoft.com,3.1,false,false,0.017270,0.766930
CVE-2024-49081,2024-12-12,MEDIUM,6.6,PHYSICAL,LOW,False,unmitigable,,No documented mitigation that preserves current use; re-role or replace,,secure@microsoft.com,3.1,false,false,0.008230,0.557230
CVE-2024-49082,2024-12-12,MEDIUM,6.8,NETWORK,NONE,False,network_isolate,network,Segment to a restricted VLAN and block inbound access at the host firewall,,secure@microsoft.com,3.1,false,false,0.015360,0.738850
CVE-2024-49083,2024-12-12,MEDIUM,6.8,PHYSICAL,NONE,False,unmitigable,,No documented mitigation that preserves current use; re-role or replace,,secure@microsoft.com,3.1,false,false,0.008380,0.561900
CVE-2024-49084,2024-12-12,HIGH,7.0,LOCAL,LOW,False,unmitigable,,No documented mitigation that preserves current use; re-role or replace,,secure@microsoft.com,3.1,false,false,0.004380,0.356850
CVE-2024-49087,2024-12-12,MEDIUM,4.6,PHYSICAL,NONE,False,unmitigable,,No documented mitigation that preserves current use; re-role or replace,,secure@microsoft.com,3.1,false,false,0.009010,0.581900
CVE-2024-49088,2024-12-12,HIGH,7.8,LOCAL,LOW,False,unmitigable,,No documented mitigation that preserves current use; re-role or replace,,secure@microsoft.com,3.1,false,false,0.010420,0.627370
CVE-2024-49089,2024-12-12,HIGH,7.2,NETWORK,HIGH,False,unmitigable,,No documented mitigation that preserves current use; re-role or replace,,secure@microsoft.com,3.1,false,false,0.020690,0.806960
CVE-2024-49090,2024-12-12,HIGH,7.8,LOCAL,LOW,False,unmitigable,,No documented mitigation that preserves current use; re-role or replace,,secure@microsoft.com,3.1,false,false,0.010710,0.635650
CVE-2024-49092,2024-12-12,MEDIUM,6.8,PHYSICAL,NONE,False,unmitigable,,No documented mitigation that preserves current use; re-role or replace,,secure@microsoft.com,3.1,false,false,0.008380,0.561900
CVE-2024-49093,2024-12-12,HIGH,8.8,LOCAL,LOW,False,unmitigable,,No documented mitigation that preserves current use; re-role or replace,,secure@microsoft.com,3.1,false,false,0.009410,0.595080
CVE-2024-49094,2024-12-12,MEDIUM,6.6,PHYSICAL,LOW,False,unmitigable,,No documented mitigation that preserves current use; re-role or replace,,secure@microsoft.com,3.1,false,false,0.008230,0.557230
CVE-2024-49095,2024-12-12,HIGH,7.0,LOCAL,LOW,False,unmitigable,,No documented mitigation that preserves current use; re-role or replace,,secure@microsoft.com,3.1,false,false,0.004420,0.360260
CVE-2024-49096,2024-12-12,HIGH,7.5,NETWORK,NONE,False,network_isolate,network,Segment to a restricted VLAN and block inbound access at the host firewall,,secure@microsoft.com,3.1,false,false,0.028750,0.863170
CVE-2024-49097,2024-12-12,HIGH,7.0,LOCAL,LOW,False,unmitigable,,No documented mitigation that preserves current use; re-role or replace,,secure@microsoft.com,3.1,false,false,0.004420,0.360260
CVE-2024-49098,2024-12-12,MEDIUM,4.3,PHYSICAL,LOW,False,unmitigable,,No documented mitigation that preserves current use; re-role or replace,,secure@microsoft.com,3.1,false,false,0.009680,0.604080
CVE-2024-49099,2024-12-12,MEDIUM,4.3,PHYSICAL,LOW,False,unmitigable,,No documented mitigation that preserves current use; re-role or replace,,secure@microsoft.com,3.1,false,false,0.009680,0.604080
CVE-2024-49101,2024-12-12,MEDIUM,6.6,PHYSICAL,LOW,False,unmitigable,,No documented mitigation that preserves current use; re-role or replace,,secure@microsoft.com,3.1,false,false,0.008710,0.572830
CVE-2024-49102,2024-12-12,HIGH,8.8,NETWORK,NONE,False,network_isolate,network,Segment to a restricted VLAN and block inbound access at the host firewall,,secure@microsoft.com,3.1,false,false,0.016880,0.761700
CVE-2024-49103,2024-12-12,MEDIUM,4.3,PHYSICAL,LOW,False,unmitigable,,No documented mitigation that preserves current use; re-role or replace,,secure@microsoft.com,3.1,false,false,0.009680,0.604070
CVE-2024-49104,2024-12-12,HIGH,8.8,NETWORK,NONE,False,network_isolate,network,Segment to a restricted VLAN and block inbound access at the host firewall,,secure@microsoft.com,3.1,false,false,0.016880,0.761700
CVE-2024-49105,2024-12-12,HIGH,8.4,NETWORK,HIGH,False,service_disable,rdp,"Disable Remote Desktop, or require Network Level Authentication and gate by firewall",Microsoft CVE-2019-0708 guidance,secure@microsoft.com,3.1,false,false,0.015290,0.737620
CVE-2024-49107,2024-12-12,HIGH,7.3,LOCAL,LOW,False,unmitigable,,No documented mitigation that preserves current use; re-role or replace,,secure@microsoft.com,3.1,false,false,0.019310,0.792510
CVE-2024-49109,2024-12-12,MEDIUM,6.6,PHYSICAL,LOW,False,unmitigable,,No documented mitigation that preserves current use; re-role or replace,,secure@microsoft.com,3.1,false,false,0.008710,0.572840
CVE-2024-49110,2024-12-12,MEDIUM,6.8,PHYSICAL,NONE,False,unmitigable,,No documented mitigation that preserves current use; re-role or replace,,secure@microsoft.com,3.1,false,false,0.008890,0.578140
CVE-2024-49111,2024-12-12,MEDIUM,6.6,PHYSICAL,LOW,False,unmitigable,,No documented mitigation that preserves current use; re-role or replace,,secure@microsoft.com,3.1,false,false,0.008140,0.554080
CVE-2024-49112,2024-12-12,CRITICAL,9.8,NETWORK,NONE,False,network_isolate,network,Segment to a restricted VLAN and block inbound access at the host firewall,,secure@microsoft.com,3.1,false,false,0.718770,0.994100
CVE-2024-49113,2024-12-12,HIGH,7.5,NETWORK,NONE,False,network_isolate,network,Segment to a restricted VLAN and block inbound access at the host firewall,,secure@microsoft.com,3.1,false,false,0.835920,0.996790
CVE-2024-49114,2024-12-12,HIGH,7.8,LOCAL,LOW,False,unmitigable,,No documented mitigation that preserves current use; re-role or replace,,secure@microsoft.com,3.1,false,false,0.007480,0.531320
CVE-2024-49117,2024-12-12,HIGH,8.8,LOCAL,LOW,False,service_disable,hyperv,Remove the Hyper-V role on endpoints that do not host VMs,Microsoft Hyper-V role guidance,secure@microsoft.com,3.1,false,false,0.010290,0.623390
CVE-2024-49118,2024-12-12,HIGH,8.1,NETWORK,NONE,False,network_isolate,network,Segment to a restricted VLAN and block inbound access at the host firewall,,secure@microsoft.com,3.1,false,false,0.014480,0.723340
CVE-2024-49121,2024-12-12,HIGH,7.5,NETWORK,NONE,False,network_isolate,network,Segment to a restricted VLAN and block inbound access at the host firewall,,secure@microsoft.com,3.1,false,false,0.023550,0.830900
CVE-2024-49122,2024-12-12,HIGH,8.1,NETWORK,NONE,False,network_isolate,network,Segment to a restricted VLAN and block inbound access at the host firewall,,secure@microsoft.com,3.1,false,false,0.206820,0.974570
CVE-2024-49123,2024-12-12,HIGH,8.1,NETWORK,NONE,False,service_disable,rdp,"Disable Remote Desktop, or require Network Level Authentication and gate by firewall",Microsoft CVE-2019-0708 guidance,secure@microsoft.com,3.1,false,false,0.011040,0.644910
CVE-2024-49124,2024-12-12,HIGH,8.1,NETWORK,NONE,False,network_isolate,network,Segment to a restricted VLAN and block inbound access at the host firewall,,secure@microsoft.com,3.1,false,false,0.014160,0.717600
CVE-2024-49126,2024-12-12,HIGH,8.1,NETWORK,NONE,False,network_isolate,network,Segment to a restricted VLAN and block inbound access at the host firewall,,secure@microsoft.com,3.1,false,false,0.012910,0.691610
CVE-2024-49127,2024-12-12,HIGH,8.1,NETWORK,NONE,False,network_isolate,network,Segment to a restricted VLAN and block inbound access at the host firewall,,secure@microsoft.com,3.1,false,false,0.012910,0.691610
CVE-2024-49132,2024-12-12,HIGH,8.1,NETWORK,NONE,False,service_disable,rdp,"Disable Remote Desktop, or require Network Level Authentication and gate by firewall",Microsoft CVE-2019-0708 guidance,secure@microsoft.com,3.1,false,false,0.011040,0.644910
CVE-2024-49138,2024-12-12,HIGH,7.8,LOCAL,LOW,False,unmitigable,,No documented mitigation that preserves current use; re-role or replace,,secure@microsoft.com,3.1,true,false,0.262150,0.979380
CVE-2024-54540,2025-01-15,MEDIUM,4.3,NETWORK,NONE,True,app_update,application,Update the affected application; it services independently of the OS,,nvd@nist.gov,3.1,false,false,0.002110,0.102470
CVE-2024-7553,2024-08-07,HIGH,7.8,LOCAL,LOW,True,app_update,application,Update the affected application; it services independently of the OS,,nvd@nist.gov,3.1,false,false,0.002600,0.160300
CVE-2025-21176,2025-01-14,HIGH,8.8,NETWORK,NONE,True,app_update,application,Update the affected application; it services independently of the OS,,secure@microsoft.com,3.1,false,false,0.023470,0.830230
CVE-2025-21179,2025-02-11,MEDIUM,4.8,ADJACENT_NETWORK,NONE,False,network_isolate,network,Segment to a restricted VLAN and block inbound access at the host firewall,,secure@microsoft.com,3.1,false,false,0.007470,0.530970
CVE-2025-21180,2025-03-11,HIGH,7.8,LOCAL,NONE,False,unmitigable,,No documented mitigation that preserves current use; re-role or replace,,secure@microsoft.com,3.1,false,false,0.009300,0.591230
CVE-2025-21181,2025-02-11,HIGH,7.5,NETWORK,NONE,False,network_isolate,network,Segment to a restricted VLAN and block inbound access at the host firewall,,secure@microsoft.com,3.1,false,false,0.035110,0.888020
CVE-2025-21182,2025-02-11,HIGH,7.4,LOCAL,NONE,False,unmitigable,,No documented mitigation that preserves current use; re-role or replace,,secure@microsoft.com,3.1,false,false,0.005330,0.428670
CVE-2025-21183,2025-02-11,HIGH,7.4,LOCAL,NONE,False,unmitigable,,No documented mitigation that preserves current use; re-role or replace,,secure@microsoft.com,3.1,false,false,0.005330,0.428670
CVE-2025-21184,2025-02-11,HIGH,7.0,LOCAL,LOW,False,unmitigable,,No documented mitigation that preserves current use; re-role or replace,,secure@microsoft.com,3.1,false,false,0.006100,0.472340
CVE-2025-21189,2025-01-14,MEDIUM,4.3,NETWORK,NONE,False,network_isolate,network,Segment to a restricted VLAN and block inbound access at the host firewall,,secure@microsoft.com,3.1,false,false,0.029710,0.867480
CVE-2025-21190,2025-02-11,HIGH,8.8,NETWORK,NONE,False,network_isolate,network,Segment to a restricted VLAN and block inbound access at the host firewall,,secure@microsoft.com,3.1,false,false,0.018270,0.780230
CVE-2025-21191,2025-04-08,HIGH,7.0,LOCAL,LOW,False,unmitigable,,No documented mitigation that preserves current use; re-role or replace,,secure@microsoft.com,3.1,false,false,0.003160,0.222290
CVE-2025-21197,2025-04-08,MEDIUM,6.5,NETWORK,LOW,False,unmitigable,,No documented mitigation that preserves current use; re-role or replace,,secure@microsoft.com,3.1,false,false,0.031990,0.876740
CVE-2025-21200,2025-02-11,HIGH,8.8,NETWORK,NONE,False,network_isolate,network,Segment to a restricted VLAN and block inbound access at the host firewall,,secure@microsoft.com,3.1,false,false,0.018270,0.780240
CVE-2025-21201,2025-02-11,HIGH,8.8,NETWORK,NONE,False,network_isolate,network,Segment to a restricted VLAN and block inbound access at the host firewall,,secure@microsoft.com,3.1,false,false,0.018270,0.780230
CVE-2025-21202,2025-01-14,MEDIUM,6.1,PHYSICAL,NONE,False,unmitigable,,No documented mitigation that preserves current use; re-role or replace,,secure@microsoft.com,3.1,false,false,0.008800,0.575630
CVE-2025-21204,2025-04-08,HIGH,7.8,LOCAL,LOW,False,unmitigable,,No documented mitigation that preserves current use; re-role or replace,,secure@microsoft.com,3.1,false,false,0.069970,0.939560
CVE-2025-21205,2025-04-08,HIGH,8.8,NETWORK,NONE,False,network_isolate,network,Segment to a restricted VLAN and block inbound access at the host firewall,,secure@microsoft.com,3.1,false,false,0.013380,0.701900
CVE-2025-21207,2025-01-14,HIGH,7.5,NETWORK,NONE,False,network_isolate,network,Segment to a restricted VLAN and block inbound access at the host firewall,,secure@microsoft.com,3.1,false,false,0.021080,0.810670
CVE-2025-21210,2025-01-14,MEDIUM,4.2,PHYSICAL,NONE,False,unmitigable,,No documented mitigation that preserves current use; re-role or replace,,secure@microsoft.com,3.1,false,false,0.011390,0.653750
CVE-2025-21211,2025-01-14,MEDIUM,6.8,PHYSICAL,NONE,False,unmitigable,,No documented mitigation that preserves current use; re-role or replace,,secure@microsoft.com,3.1,false,false,0.007730,0.539980
CVE-2025-21212,2025-02-11,MEDIUM,6.5,ADJACENT_NETWORK,NONE,False,network_isolate,network,Segment to a restricted VLAN and block inbound access at the host firewall,,secure@microsoft.com,3.1,false,false,0.010400,0.626370
CVE-2025-21213,2025-01-14,MEDIUM,4.6,PHYSICAL,NONE,False,unmitigable,,No documented mitigation that preserves current use; re-role or replace,,secure@microsoft.com,3.1,false,false,0.007200,0.521390
CVE-2025-21214,2025-01-14,MEDIUM,4.2,PHYSICAL,NONE,False,unmitigable,,No documented mitigation that preserves current use; re-role or replace,,secure@microsoft.com,3.1,false,false,0.007130,0.518640
CVE-2025-21215,2025-01-14,MEDIUM,4.6,PHYSICAL,NONE,False,unmitigable,,No documented mitigation that preserves current use; re-role or replace,,secure@microsoft.com,3.1,false,false,0.008180,0.555480
CVE-2025-21216,2025-02-11,MEDIUM,6.5,ADJACENT_NETWORK,NONE,False,network_isolate,network,Segment to a restricted VLAN and block inbound access at the host firewall,,secure@microsoft.com,3.1,false,false,0.010400,0.626370
CVE-2025-21217,2025-01-14,MEDIUM,6.5,NETWORK,NONE,False,network_isolate,network,Segment to a restricted VLAN and block inbound access at the host firewall,,secure@microsoft.com,3.1,false,false,0.019480,0.794560
CVE-2025-21219,2025-01-14,MEDIUM,4.3,NETWORK,NONE,False,network_isolate,network,Segment to a restricted VLAN and block inbound access at the host firewall,,secure@microsoft.com,3.1,false,false,0.030170,0.869470
CVE-2025-21220,2025-01-14,HIGH,7.5,NETWORK,NONE,False,network_isolate,network,Segment to a restricted VLAN and block inbound access at the host firewall,,secure@microsoft.com,3.1,false,false,0.021510,0.814490
CVE-2025-21221,2025-04-08,HIGH,8.8,NETWORK,NONE,False,network_isolate,network,Segment to a restricted VLAN and block inbound access at the host firewall,,secure@microsoft.com,3.1,false,false,0.013380,0.701890
CVE-2025-21222,2025-04-08,HIGH,8.8,NETWORK,NONE,False,network_isolate,network,Segment to a restricted VLAN and block inbound access at the host firewall,,secure@microsoft.com,3.1,false,false,0.013380,0.701900
CVE-2025-21223,2025-01-14,HIGH,8.8,NETWORK,NONE,False,network_isolate,network,Segment to a restricted VLAN and block inbound access at the host firewall,,secure@microsoft.com,3.1,false,false,0.016210,0.751830
CVE-2025-21224,2025-01-14,HIGH,8.1,NETWORK,NONE,False,network_isolate,network,Segment to a restricted VLAN and block inbound access at the host firewall,,secure@microsoft.com,3.1,false,false,0.019080,0.790040
CVE-2025-21226,2025-01-14,MEDIUM,6.6,PHYSICAL,LOW,False,unmitigable,,No documented mitigation that preserves current use; re-role or replace,,secure@microsoft.com,3.1,false,false,0.008670,0.571790
CVE-2025-21227,2025-01-14,MEDIUM,6.6,PHYSICAL,LOW,False,unmitigable,,No documented mitigation that preserves current use; re-role or replace,,secure@microsoft.com,3.1,false,false,0.008340,0.560800
CVE-2025-21228,2025-01-14,MEDIUM,6.6,PHYSICAL,LOW,False,unmitigable,,No documented mitigation that preserves current use; re-role or replace,,secure@microsoft.com,3.1,false,false,0.008340,0.560790
CVE-2025-21229,2025-01-14,MEDIUM,6.6,PHYSICAL,LOW,False,unmitigable,,No documented mitigation that preserves current use; re-role or replace,,secure@microsoft.com,3.1,false,false,0.008340,0.560780
CVE-2025-21230,2025-01-14,HIGH,7.5,NETWORK,NONE,False,network_isolate,network,Segment to a restricted VLAN and block inbound access at the host firewall,,secure@microsoft.com,3.1,false,false,0.026860,0.853100
CVE-2025-21231,2025-01-14,HIGH,7.5,NETWORK,NONE,False,network_isolate,network,Segment to a restricted VLAN and block inbound access at the host firewall,,secure@microsoft.com,3.1,false,false,0.025910,0.847310
CVE-2025-21232,2025-01-14,MEDIUM,6.6,PHYSICAL,LOW,False,unmitigable,,No documented mitigation that preserves current use; re-role or replace,,secure@microsoft.com,3.1,false,false,0.008340,0.560780
CVE-2025-21233,2025-01-14,HIGH,8.8,NETWORK,NONE,False,network_isolate,network,Segment to a restricted VLAN and block inbound access at the host firewall,,secure@microsoft.com,3.1,false,false,0.016850,0.761400
CVE-2025-21234,2025-01-14,HIGH,7.8,LOCAL,LOW,False,unmitigable,,No documented mitigation that preserves current use; re-role or replace,,secure@microsoft.com,3.1,false,false,0.005930,0.463060
CVE-2025-21235,2025-01-14,HIGH,7.8,LOCAL,LOW,False,unmitigable,,No documented mitigation that preserves current use; re-role or replace,,secure@microsoft.com,3.1,false,false,0.005930,0.463060
CVE-2025-21236,2025-01-14,HIGH,8.8,NETWORK,NONE,False,network_isolate,network,Segment to a restricted VLAN and block inbound access at the host firewall,,secure@microsoft.com,3.1,false,false,0.016850,0.761410
CVE-2025-21237,2025-01-14,HIGH,8.8,NETWORK,NONE,False,network_isolate,network,Segment to a restricted VLAN and block inbound access at the host firewall,,secure@microsoft.com,3.1,false,false,0.016850,0.761420
CVE-2025-21238,2025-01-14,HIGH,8.8,NETWORK,NONE,False,network_isolate,network,Segment to a restricted VLAN and block inbound access at the host firewall,,secure@microsoft.com,3.1,false,false,0.016850,0.761420
CVE-2025-21239,2025-01-14,HIGH,8.8,NETWORK,NONE,False,network_isolate,network,Segment to a restricted VLAN and block inbound access at the host firewall,,secure@microsoft.com,3.1,false,false,0.014890,0.731130
CVE-2025-21240,2025-01-14,HIGH,8.8,NETWORK,NONE,False,network_isolate,network,Segment to a restricted VLAN and block inbound access at the host firewall,,secure@microsoft.com,3.1,false,false,0.016850,0.761430
CVE-2025-21241,2025-01-14,HIGH,8.8,NETWORK,NONE,False,network_isolate,network,Segment to a restricted VLAN and block inbound access at the host firewall,,secure@microsoft.com,3.1,false,false,0.014890,0.731120
CVE-2025-21242,2025-01-14,MEDIUM,5.9,NETWORK,NONE,False,network_isolate,network,Segment to a restricted VLAN and block inbound access at the host firewall,,secure@microsoft.com,3.1,false,false,0.016460,0.755570
CVE-2025-21243,2025-01-14,HIGH,8.8,NETWORK,NONE,False,network_isolate,network,Segment to a restricted VLAN and block inbound access at the host firewall,,secure@microsoft.com,3.1,false,false,0.016850,0.761410
CVE-2025-21244,2025-01-14,HIGH,8.8,NETWORK,NONE,False,network_isolate,network,Segment to a restricted VLAN and block inbound access at the host firewall,,secure@microsoft.com,3.1,false,false,0.016850,0.761410
CVE-2025-21245,2025-01-14,HIGH,8.8,NETWORK,NONE,False,network_isolate,network,Segment to a restricted VLAN and block inbound access at the host firewall,,secure@microsoft.com,3.1,false,false,0.016850,0.761410
CVE-2025-21246,2025-01-14,HIGH,8.8,NETWORK,NONE,False,network_isolate,network,Segment to a restricted VLAN and block inbound access at the host firewall,,secure@microsoft.com,3.1,false,false,0.016850,0.761420
CVE-2025-21247,2025-03-11,MEDIUM,4.3,NETWORK,NONE,False,network_isolate,network,Segment to a restricted VLAN and block inbound access at the host firewall,,secure@microsoft.com,3.1,false,false,0.029910,0.868390
CVE-2025-21248,2025-01-14,HIGH,8.8,NETWORK,NONE,False,network_isolate,network,Segment to a restricted VLAN and block inbound access at the host firewall,,secure@microsoft.com,3.1,false,false,0.014890,0.731120
CVE-2025-21249,2025-01-14,MEDIUM,6.6,PHYSICAL,LOW,False,unmitigable,,No documented mitigation that preserves current use; re-role or replace,,secure@microsoft.com,3.1,false,false,0.008340,0.560780
CVE-2025-21250,2025-01-14,HIGH,8.8,NETWORK,NONE,False,network_isolate,network,Segment to a restricted VLAN and block inbound access at the host firewall,,secure@microsoft.com,3.1,false,false,0.016850,0.761420
CVE-2025-21251,2025-01-14,HIGH,7.5,NETWORK,NONE,False,network_isolate,network,Segment to a restricted VLAN and block inbound access at the host firewall,,secure@microsoft.com,3.1,false,false,0.025910,0.847310
CVE-2025-21252,2025-01-14,HIGH,8.8,NETWORK,NONE,False,network_isolate,network,Segment to a restricted VLAN and block inbound access at the host firewall,,secure@microsoft.com,3.1,false,false,0.014150,0.717380
CVE-2025-21254,2025-02-11,MEDIUM,6.5,ADJACENT_NETWORK,NONE,False,network_isolate,network,Segment to a restricted VLAN and block inbound access at the host firewall,,secure@microsoft.com,3.1,false,false,0.010430,0.627530
CVE-2025-21255,2025-01-14,MEDIUM,6.6,PHYSICAL,LOW,False,unmitigable,,No documented mitigation that preserves current use; re-role or replace,,secure@microsoft.com,3.1,false,false,0.008340,0.560790
CVE-2025-21256,2025-01-14,MEDIUM,6.6,PHYSICAL,LOW,False,unmitigable,,No documented mitigation that preserves current use; re-role or replace,,secure@microsoft.com,3.1,false,false,0.008340,0.560800
CVE-2025-21257,2025-01-14,MEDIUM,5.5,LOCAL,LOW,False,unmitigable,,No documented mitigation that preserves current use; re-role or replace,,secure@microsoft.com,3.1,false,false,0.007320,0.525710
CVE-2025-21258,2025-01-14,MEDIUM,6.6,PHYSICAL,LOW,False,unmitigable,,No documented mitigation that preserves current use; re-role or replace,,secure@microsoft.com,3.1,false,false,0.008340,0.560790
CVE-2025-21260,2025-01-14,MEDIUM,6.6,PHYSICAL,LOW,False,unmitigable,,No documented mitigation that preserves current use; re-role or replace,,secure@microsoft.com,3.1,false,false,0.008340,0.560790
CVE-2025-21261,2025-01-14,MEDIUM,6.6,PHYSICAL,LOW,False,unmitigable,,No documented mitigation that preserves current use; re-role or replace,,secure@microsoft.com,3.1,false,false,0.007590,0.535560
CVE-2025-21263,2025-01-14,MEDIUM,6.6,PHYSICAL,LOW,False,unmitigable,,No documented mitigation that preserves current use; re-role or replace,,secure@microsoft.com,3.1,false,false,0.007590,0.535550
CVE-2025-21265,2025-01-14,MEDIUM,6.6,PHYSICAL,LOW,False,unmitigable,,No documented mitigation that preserves current use; re-role or replace,,secure@microsoft.com,3.1,false,false,0.007590,0.535560
CVE-2025-21266,2025-01-14,HIGH,8.8,NETWORK,NONE,False,network_isolate,network,Segment to a restricted VLAN and block inbound access at the host firewall,,secure@microsoft.com,3.1,false,false,0.012670,0.686420
CVE-2025-21268,2025-01-14,MEDIUM,4.3,NETWORK,NONE,False,network_isolate,network,Segment to a restricted VLAN and block inbound access at the host firewall,,secure@microsoft.com,3.1,false,false,0.019890,0.798570
CVE-2025-21269,2025-01-14,MEDIUM,4.3,NETWORK,NONE,False,network_isolate,network,Segment to a restricted VLAN and block inbound access at the host firewall,,secure@microsoft.com,3.1,false,false,0.045930,0.913470
CVE-2025-21270,2025-01-14,HIGH,7.5,NETWORK,NONE,False,network_isolate,network,Segment to a restricted VLAN and block inbound access at the host firewall,,secure@microsoft.com,3.1,false,false,0.023950,0.833690
CVE-2025-21272,2025-01-14,MEDIUM,6.5,LOCAL,LOW,False,unmitigable,,No documented mitigation that preserves current use; re-role or replace,,secure@microsoft.com,3.1,false,false,0.007060,0.516140
CVE-2025-21273,2025-01-14,HIGH,8.8,NETWORK,NONE,False,network_isolate,network,Segment to a restricted VLAN and block inbound access at the host firewall,,secure@microsoft.com,3.1,false,false,0.012670,0.686430
CVE-2025-21274,2025-01-14,MEDIUM,5.5,LOCAL,LOW,False,unmitigable,,No documented mitigation that preserves current use; re-role or replace,,secure@microsoft.com,3.1,false,false,0.007850,0.543980
CVE-2025-21275,2025-01-14,HIGH,7.8,LOCAL,LOW,False,unmitigable,,No documented mitigation that preserves current use; re-role or replace,,secure@microsoft.com,3.1,false,false,0.006180,0.476300
CVE-2025-21276,2025-01-14,HIGH,7.5,NETWORK,NONE,False,network_isolate,network,Segment to a restricted VLAN and block inbound access at the host firewall,,secure@microsoft.com,3.1,false,false,0.024210,0.835660
CVE-2025-21277,2025-01-14,HIGH,7.5,NETWORK,NONE,False,network_isolate,network,Segment to a restricted VLAN and block inbound access at the host firewall,,secure@microsoft.com,3.1,false,false,0.386120,0.985350
CVE-2025-21278,2025-01-14,MEDIUM,5.5,LOCAL,LOW,False,service_disable,rdp,"Disable Remote Desktop, or require Network Level Authentication and gate by firewall",Microsoft CVE-2019-0708 guidance,nvd@nist.gov,3.1,false,false,0.005700,0.450710
CVE-2025-21280,2025-01-14,MEDIUM,5.5,LOCAL,LOW,False,unmitigable,,No documented mitigation that preserves current use; re-role or replace,,secure@microsoft.com,3.1,false,false,0.006690,0.500630
CVE-2025-21281,2025-01-14,HIGH,7.8,LOCAL,LOW,False,unmitigable,,No documented mitigation that preserves current use; re-role or replace,,secure@microsoft.com,3.1,false,false,0.006050,0.469690
CVE-2025-21282,2025-01-14,HIGH,8.8,NETWORK,NONE,False,network_isolate,network,Segment to a restricted VLAN and block inbound access at the host firewall,,secure@microsoft.com,3.1,false,false,0.012670,0.686430
CVE-2025-21284,2025-01-14,MEDIUM,5.5,LOCAL,LOW,False,unmitigable,,No documented mitigation that preserves current use; re-role or replace,,secure@microsoft.com,3.1,false,false,0.006690,0.500630
CVE-2025-21285,2025-01-14,HIGH,7.5,NETWORK,NONE,False,network_isolate,network,Segment to a restricted VLAN and block inbound access at the host firewall,,secure@microsoft.com,3.1,false,false,0.556860,0.990120
CVE-2025-21286,2025-01-14,HIGH,8.8,NETWORK,NONE,False,network_isolate,network,Segment to a restricted VLAN and block inbound access at the host firewall,,secure@microsoft.com,3.1,false,false,0.012670,0.686430
CVE-2025-21287,2025-01-14,HIGH,7.8,LOCAL,LOW,False,unmitigable,,No documented mitigation that preserves current use; re-role or replace,,secure@microsoft.com,3.1,false,false,0.005490,0.438540
CVE-2025-21288,2025-01-14,MEDIUM,6.5,LOCAL,LOW,False,unmitigable,,No documented mitigation that preserves current use; re-role or replace,,secure@microsoft.com,3.1,false,false,0.007060,0.516140
CVE-2025-21289,2025-01-14,HIGH,7.5,NETWORK,NONE,False,network_isolate,network,Segment to a restricted VLAN and block inbound access at the host firewall,,secure@microsoft.com,3.1,false,false,0.023950,0.833700
CVE-2025-21290,2025-01-14,HIGH,7.5,NETWORK,NONE,False,network_isolate,network,Segment to a restricted VLAN and block inbound access at the host firewall,,secure@microsoft.com,3.1,false,false,0.023950,0.833700
CVE-2025-21291,2025-01-14,HIGH,8.8,NETWORK,NONE,False,network_isolate,network,Segment to a restricted VLAN and block inbound access at the host firewall,,secure@microsoft.com,3.1,false,false,0.013960,0.713770
CVE-2025-21292,2025-01-14,HIGH,8.8,LOCAL,LOW,False,service_disable,search,Disable the Windows Search indexer where not required,Microsoft service hardening guidance,secure@microsoft.com,3.1,false,false,0.008250,0.557870
CVE-2025-21293,2025-01-14,HIGH,8.8,NETWORK,LOW,False,unmitigable,,No documented mitigation that preserves current use; re-role or replace,,secure@microsoft.com,3.1,false,false,0.189720,0.972190
CVE-2025-21294,2025-01-14,HIGH,8.1,NETWORK,NONE,False,network_isolate,network,Segment to a restricted VLAN and block inbound access at the host firewall,,secure@microsoft.com,3.1,false,false,0.012090,0.672470
CVE-2025-21295,2025-01-14,HIGH,8.1,NETWORK,NONE,False,network_isolate,network,Segment to a restricted VLAN and block inbound access at the host firewall,,secure@microsoft.com,3.1,false,false,0.016100,0.750110
CVE-2025-21296,2025-01-14,HIGH,7.5,ADJACENT_NETWORK,NONE,False,network_isolate,network,Segment to a restricted VLAN and block inbound access at the host firewall,,secure@microsoft.com,3.1,false,false,0.007780,0.541880
CVE-2025-21298,2025-01-14,CRITICAL,9.8,NETWORK,NONE,False,network_isolate,network,Segment to a restricted VLAN and block inbound access at the host firewall,,secure@microsoft.com,3.1,false,false,0.809120,0.996210
CVE-2025-21299,2025-01-14,HIGH,7.8,LOCAL,LOW,False,unmitigable,,No documented mitigation that preserves current use; re-role or replace,,nvd@nist.gov,3.1,false,false,0.022120,0.819530
CVE-2025-21300,2025-01-14,HIGH,7.5,NETWORK,NONE,False,network_isolate,network,Segment to a restricted VLAN and block inbound access at the host firewall,,secure@microsoft.com,3.1,false,false,0.025310,0.843350
CVE-2025-21301,2025-01-14,MEDIUM,6.5,NETWORK,LOW,False,unmitigable,,No documented mitigation that preserves current use; re-role or replace,,secure@microsoft.com,3.1,false,false,0.015640,0.743470
CVE-2025-21302,2025-01-14,HIGH,8.8,NETWORK,NONE,False,network_isolate,network,Segment to a restricted VLAN and block inbound access at the host firewall,,secure@microsoft.com,3.1,false,false,0.014150,0.717390
CVE-2025-21303,2025-01-14,HIGH,8.8,NETWORK,NONE,False,network_isolate,network,Segment to a restricted VLAN and block inbound access at the host firewall,,secure@microsoft.com,3.1,false,false,0.014150,0.717380
CVE-2025-21305,2025-01-14,HIGH,8.8,NETWORK,NONE,False,network_isolate,network,Segment to a restricted VLAN and block inbound access at the host firewall,,secure@microsoft.com,3.1,false,false,0.014150,0.717380
CVE-2025-21306,2025-01-14,HIGH,8.8,NETWORK,NONE,False,network_isolate,network,Segment to a restricted VLAN and block inbound access at the host firewall,,secure@microsoft.com,3.1,false,false,0.014150,0.717390
CVE-2025-21307,2025-01-14,CRITICAL,9.8,NETWORK,NONE,False,network_isolate,network,Segment to a restricted VLAN and block inbound access at the host firewall,,secure@microsoft.com,3.1,false,false,0.019090,0.790120
CVE-2025-21308,2025-01-14,MEDIUM,6.5,NETWORK,NONE,False,network_isolate,network,Segment to a restricted VLAN and block inbound access at the host firewall,,secure@microsoft.com,3.1,false,false,0.022080,0.819230
CVE-2025-21310,2025-01-14,MEDIUM,6.6,PHYSICAL,LOW,False,unmitigable,,No documented mitigation that preserves current use; re-role or replace,,secure@microsoft.com,3.1,false,false,0.008340,0.560800
CVE-2025-21311,2025-01-14,CRITICAL,9.8,NETWORK,NONE,False,network_isolate,network,Segment to a restricted VLAN and block inbound access at the host firewall,,secure@microsoft.com,3.1,false,false,0.022300,0.821070
CVE-2025-21312,2025-01-14,LOW,2.4,PHYSICAL,NONE,False,unmitigable,,No documented mitigation that preserves current use; re-role or replace,,secure@microsoft.com,3.1,false,false,0.007180,0.520800
CVE-2025-21313,2025-01-14,MEDIUM,6.5,NETWORK,LOW,False,unmitigable,,No documented mitigation that preserves current use; re-role or replace,,secure@microsoft.com,3.1,false,false,0.016330,0.753580
CVE-2025-21314,2025-01-14,MEDIUM,6.5,NETWORK,NONE,False,network_isolate,network,Segment to a restricted VLAN and block inbound access at the host firewall,,secure@microsoft.com,3.1,false,false,0.014210,0.718410
CVE-2025-21315,2025-01-14,HIGH,7.8,LOCAL,LOW,False,unmitigable,,No documented mitigation that preserves current use; re-role or replace,,secure@microsoft.com,3.1,false,false,0.006470,0.490520
CVE-2025-21316,2025-01-14,MEDIUM,5.5,LOCAL,LOW,False,unmitigable,,No documented mitigation that preserves current use; re-role or replace,,secure@microsoft.com,3.1,false,false,0.009300,0.591340
CVE-2025-21317,2025-01-14,MEDIUM,5.5,LOCAL,LOW,False,unmitigable,,No documented mitigation that preserves current use; re-role or replace,,secure@microsoft.com,3.1,false,false,0.008500,0.565920
CVE-2025-21318,2025-01-14,MEDIUM,5.5,LOCAL,LOW,False,unmitigable,,No documented mitigation that preserves current use; re-role or replace,,secure@microsoft.com,3.1,false,false,0.009300,0.591330
CVE-2025-21319,2025-01-14,MEDIUM,5.5,LOCAL,LOW,False,unmitigable,,No documented mitigation that preserves current use; re-role or replace,,secure@microsoft.com,3.1,false,false,0.009300,0.591330
CVE-2025-21320,2025-01-14,MEDIUM,5.5,LOCAL,LOW,False,unmitigable,,No documented mitigation that preserves current use; re-role or replace,,secure@microsoft.com,3.1,false,false,0.009300,0.591340
CVE-2025-21321,2025-01-14,MEDIUM,5.5,LOCAL,LOW,False,unmitigable,,No documented mitigation that preserves current use; re-role or replace,,secure@microsoft.com,3.1,false,false,0.009300,0.591340
CVE-2025-21323,2025-01-14,MEDIUM,5.5,LOCAL,LOW,False,unmitigable,,No documented mitigation that preserves current use; re-role or replace,,secure@microsoft.com,3.1,false,false,0.008500,0.565920
CVE-2025-21324,2025-01-14,MEDIUM,6.6,PHYSICAL,LOW,False,unmitigable,,No documented mitigation that preserves current use; re-role or replace,,secure@microsoft.com,3.1,false,false,0.008340,0.560800
CVE-2025-21325,2025-01-17,HIGH,7.8,LOCAL,LOW,False,unmitigable,,No documented mitigation that preserves current use; re-role or replace,,secure@microsoft.com,3.1,false,false,0.004410,0.359700
CVE-2025-21327,2025-01-14,MEDIUM,6.6,PHYSICAL,LOW,False,unmitigable,,No documented mitigation that preserves current use; re-role or replace,,secure@microsoft.com,3.1,false,false,0.007590,0.535560
CVE-2025-21328,2025-01-14,MEDIUM,4.3,NETWORK,NONE,False,network_isolate,network,Segment to a restricted VLAN and block inbound access at the host firewall,,secure@microsoft.com,3.1,false,false,0.015180,0.735900
CVE-2025-21329,2025-01-14,MEDIUM,4.3,NETWORK,NONE,False,network_isolate,network,Segment to a restricted VLAN and block inbound access at the host firewall,,secure@microsoft.com,3.1,false,false,0.015180,0.735900
CVE-2025-21330,2025-01-14,HIGH,7.5,NETWORK,NONE,False,service_disable,rdp,"Disable Remote Desktop, or require Network Level Authentication and gate by firewall",Microsoft CVE-2019-0708 guidance,secure@microsoft.com,3.1,false,false,0.019610,0.795670
CVE-2025-21331,2025-01-14,HIGH,7.3,LOCAL,LOW,False,unmitigable,,No documented mitigation that preserves current use; re-role or replace,,secure@microsoft.com,3.1,false,false,0.010190,0.619950
CVE-2025-21332,2025-01-14,HIGH,8.8,NETWORK,NONE,False,network_isolate,network,Segment to a restricted VLAN and block inbound access at the host firewall,,nvd@nist.gov,3.1,false,false,0.014740,0.728370
CVE-2025-21333,2025-01-14,HIGH,7.8,LOCAL,LOW,False,service_disable,hyperv,Remove the Hyper-V role on endpoints that do not host VMs,Microsoft Hyper-V role guidance,secure@microsoft.com,3.1,true,false,0.099880,0.954640
CVE-2025-21334,2025-01-14,HIGH,7.8,LOCAL,LOW,False,service_disable,hyperv,Remove the Hyper-V role on endpoints that do not host VMs,Microsoft Hyper-V role guidance,secure@microsoft.com,3.1,true,false,0.015610,0.743000
CVE-2025-21335,2025-01-14,HIGH,7.8,LOCAL,LOW,False,service_disable,hyperv,Remove the Hyper-V role on endpoints that do not host VMs,Microsoft Hyper-V role guidance,secure@microsoft.com,3.1,true,false,0.013900,0.712830
CVE-2025-21336,2025-01-14,MEDIUM,5.6,LOCAL,LOW,False,unmitigable,,No documented mitigation that preserves current use; re-role or replace,,secure@microsoft.com,3.1,false,false,0.006310,0.482700
CVE-2025-21337,2025-02-11,LOW,3.3,LOCAL,LOW,False,unmitigable,,No documented mitigation that preserves current use; re-role or replace,,secure@microsoft.com,3.1,false,false,0.006130,0.473610
CVE-2025-21338,2025-01-14,HIGH,7.8,LOCAL,LOW,False,unmitigable,,No documented mitigation that preserves current use; re-role or replace,,secure@microsoft.com,3.1,false,false,0.004790,0.390090
CVE-2025-21339,2025-01-14,HIGH,8.8,NETWORK,NONE,False,network_isolate,network,Segment to a restricted VLAN and block inbound access at the host firewall,,secure@microsoft.com,3.1,false,false,0.011070,0.645820
CVE-2025-21340,2025-01-14,MEDIUM,5.5,LOCAL,LOW,False,unmitigable,,No documented mitigation that preserves current use; re-role or replace,,secure@microsoft.com,3.1,false,false,0.004520,0.369190
CVE-2025-21341,2025-01-14,MEDIUM,6.6,PHYSICAL,LOW,False,unmitigable,,No documented mitigation that preserves current use; re-role or replace,,secure@microsoft.com,3.1,false,false,0.006980,0.512610
CVE-2025-21343,2025-01-14,HIGH,7.5,NETWORK,NONE,False,network_isolate,network,Segment to a restricted VLAN and block inbound access at the host firewall,,secure@microsoft.com,3.1,false,false,0.013480,0.704090
CVE-2025-21347,2025-02-11,MEDIUM,6.0,LOCAL,LOW,False,unmitigable,,No documented mitigation that preserves current use; re-role or replace,,secure@microsoft.com,3.1,false,false,0.006610,0.497370
CVE-2025-21349,2025-02-11,MEDIUM,6.8,NETWORK,NONE,False,service_disable,rdp,"Disable Remote Desktop, or require Network Level Authentication and gate by firewall",Microsoft CVE-2019-0708 guidance,secure@microsoft.com,3.1,false,false,0.011500,0.656730
CVE-2025-21350,2025-02-11,MEDIUM,5.9,NETWORK,NONE,False,network_isolate,network,Segment to a restricted VLAN and block inbound access at the host firewall,,secure@microsoft.com,3.1,false,false,0.021450,0.813860
CVE-2025-21351,2025-02-11,HIGH,7.5,NETWORK,NONE,False,network_isolate,network,Segment to a restricted VLAN and block inbound access at the host firewall,,secure@microsoft.com,3.1,false,false,0.024950,0.840790
CVE-2025-21352,2025-02-11,MEDIUM,6.5,ADJACENT_NETWORK,NONE,False,network_isolate,network,Segment to a restricted VLAN and block inbound access at the host firewall,,secure@microsoft.com,3.1,false,false,0.010430,0.627530
CVE-2025-21358,2025-02-11,HIGH,7.8,LOCAL,LOW,False,unmitigable,,No documented mitigation that preserves current use; re-role or replace,,secure@microsoft.com,3.1,false,false,0.007660,0.537760
CVE-2025-21359,2025-02-11,HIGH,7.8,LOCAL,LOW,False,unmitigable,,No documented mitigation that preserves current use; re-role or replace,,secure@microsoft.com,3.1,false,false,0.005660,0.448930
CVE-2025-21367,2025-02-11,HIGH,7.8,LOCAL,LOW,False,unmitigable,,No documented mitigation that preserves current use; re-role or replace,,secure@microsoft.com,3.1,false,false,0.006480,0.491260
CVE-2025-21368,2025-02-11,HIGH,8.8,NETWORK,LOW,False,unmitigable,,No documented mitigation that preserves current use; re-role or replace,,secure@microsoft.com,3.1,false,false,0.021690,0.815870
CVE-2025-21369,2025-02-11,HIGH,8.8,NETWORK,LOW,False,unmitigable,,No documented mitigation that preserves current use; re-role or replace,,secure@microsoft.com,3.1,false,false,0.021690,0.815870
CVE-2025-21370,2025-01-14,HIGH,8.8,LOCAL,LOW,False,unmitigable,,No documented mitigation that preserves current use; re-role or replace,,nvd@nist.gov,3.1,false,false,0.004710,0.383560
CVE-2025-21371,2025-02-11,HIGH,8.8,NETWORK,NONE,False,network_isolate,network,Segment to a restricted VLAN and block inbound access at the host firewall,,secure@microsoft.com,3.1,false,false,0.024530,0.838000
CVE-2025-21372,2025-01-14,HIGH,7.8,LOCAL,LOW,False,unmitigable,,No documented mitigation that preserves current use; re-role or replace,,secure@microsoft.com,3.1,false,false,0.004010,0.319240
CVE-2025-21373,2025-02-11,HIGH,7.8,LOCAL,LOW,False,unmitigable,,No documented mitigation that preserves current use; re-role or replace,,secure@microsoft.com,3.1,false,false,0.008070,0.551890
CVE-2025-21374,2025-01-14,MEDIUM,5.5,LOCAL,LOW,False,unmitigable,,No documented mitigation that preserves current use; re-role or replace,,secure@microsoft.com,3.1,false,false,0.005870,0.460430
CVE-2025-21375,2025-02-11,HIGH,7.8,LOCAL,LOW,False,unmitigable,,No documented mitigation that preserves current use; re-role or replace,,secure@microsoft.com,3.1,false,false,0.006480,0.491260
CVE-2025-21376,2025-02-11,HIGH,8.1,NETWORK,NONE,False,network_isolate,network,Segment to a restricted VLAN and block inbound access at the host firewall,,secure@microsoft.com,3.1,false,false,0.093890,0.952530
CVE-2025-21377,2025-02-11,MEDIUM,6.5,NETWORK,NONE,False,network_isolate,network,Segment to a restricted VLAN and block inbound access at the host firewall,,secure@microsoft.com,3.1,false,false,0.399260,0.985840
CVE-2025-21378,2025-01-14,HIGH,7.8,LOCAL,LOW,False,unmitigable,,No documented mitigation that preserves current use; re-role or replace,,secure@microsoft.com,3.1,false,false,0.005640,0.447710
CVE-2025-21379,2025-02-11,HIGH,7.1,ADJACENT_NETWORK,NONE,False,network_isolate,network,Segment to a restricted VLAN and block inbound access at the host firewall,,secure@microsoft.com,3.1,false,false,0.009150,0.586400
CVE-2025-21382,2025-01-14,HIGH,7.8,LOCAL,LOW,False,unmitigable,,No documented mitigation that preserves current use; re-role or replace,,secure@microsoft.com,3.1,false,false,0.005030,0.407230
CVE-2025-21389,2025-01-14,HIGH,7.5,NETWORK,NONE,False,network_isolate,network,Segment to a restricted VLAN and block inbound access at the host firewall,,secure@microsoft.com,3.1,false,false,0.019400,0.793630
CVE-2025-21391,2025-02-11,HIGH,7.1,LOCAL,LOW,False,unmitigable,,No documented mitigation that preserves current use; re-role or replace,,secure@microsoft.com,3.1,true,false,0.023030,0.826810
CVE-2025-21406,2025-02-11,HIGH,8.8,NETWORK,NONE,False,network_isolate,network,Segment to a restricted VLAN and block inbound access at the host firewall,,secure@microsoft.com,3.1,false,false,0.018330,0.780960
CVE-2025-21407,2025-02-11,HIGH,8.8,NETWORK,NONE,False,network_isolate,network,Segment to a restricted VLAN and block inbound access at the host firewall,,secure@microsoft.com,3.1,false,false,0.018330,0.780960
CVE-2025-21409,2025-01-14,HIGH,8.8,NETWORK,NONE,False,network_isolate,network,Segment to a restricted VLAN and block inbound access at the host firewall,,secure@microsoft.com,3.1,false,false,0.011070,0.645830
CVE-2025-21411,2025-01-14,HIGH,8.8,NETWORK,NONE,False,network_isolate,network,Segment to a restricted VLAN and block inbound access at the host firewall,,secure@microsoft.com,3.1,false,false,0.011070,0.645830
CVE-2025-21413,2025-01-14,HIGH,8.8,NETWORK,NONE,False,network_isolate,network,Segment to a restricted VLAN and block inbound access at the host firewall,,secure@microsoft.com,3.1,false,false,0.011070,0.645830
CVE-2025-21414,2025-02-11,HIGH,7.0,LOCAL,LOW,False,unmitigable,,No documented mitigation that preserves current use; re-role or replace,,secure@microsoft.com,3.1,false,false,0.006120,0.473400
CVE-2025-21417,2025-01-14,HIGH,8.8,NETWORK,NONE,False,network_isolate,network,Segment to a restricted VLAN and block inbound access at the host firewall,,secure@microsoft.com,3.1,false,false,0.011710,0.662220
CVE-2025-21418,2025-02-11,HIGH,7.8,LOCAL,LOW,False,unmitigable,,No documented mitigation that preserves current use; re-role or replace,,secure@microsoft.com,3.1,true,false,0.015680,0.744000
CVE-2025-21419,2025-02-11,HIGH,7.1,LOCAL,LOW,False,unmitigable,,No documented mitigation that preserves current use; re-role or replace,,secure@microsoft.com,3.1,false,false,0.007300,0.525010
CVE-2025-21420,2025-02-11,HIGH,7.8,LOCAL,LOW,False,unmitigable,,No documented mitigation that preserves current use; re-role or replace,,secure@microsoft.com,3.1,false,false,0.036990,0.893630
CVE-2025-24035,2025-03-11,HIGH,8.1,NETWORK,NONE,False,service_disable,rdp,"Disable Remote Desktop, or require Network Level Authentication and gate by firewall",Microsoft CVE-2019-0708 guidance,secure@microsoft.com,3.1,false,false,0.016860,0.761430
CVE-2025-24044,2025-03-11,HIGH,7.8,LOCAL,LOW,False,unmitigable,,No documented mitigation that preserves current use; re-role or replace,,secure@microsoft.com,3.1,false,false,0.005840,0.458530
CVE-2025-24046,2025-03-11,HIGH,7.8,LOCAL,LOW,False,unmitigable,,No documented mitigation that preserves current use; re-role or replace,,secure@microsoft.com,3.1,false,false,0.005330,0.428800
CVE-2025-24048,2025-03-11,HIGH,7.8,LOCAL,LOW,False,service_disable,hyperv,Remove the Hyper-V role on endpoints that do not host VMs,Microsoft Hyper-V role guidance,secure@microsoft.com,3.1,false,false,0.005330,0.428800
CVE-2025-24050,2025-03-11,HIGH,7.8,LOCAL,LOW,False,service_disable,hyperv,Remove the Hyper-V role on endpoints that do not host VMs,Microsoft Hyper-V role guidance,secure@microsoft.com,3.1,false,false,0.005330,0.428800
CVE-2025-24051,2025-03-11,HIGH,8.8,NETWORK,NONE,False,network_isolate,network,Segment to a restricted VLAN and block inbound access at the host firewall,,secure@microsoft.com,3.1,false,false,0.014570,0.725280
CVE-2025-24052,2025-10-14,HIGH,7.8,LOCAL,LOW,False,unmitigable,,No documented mitigation that preserves current use; re-role or replace,,secure@microsoft.com,3.1,false,false,0.024540,0.838050
CVE-2025-24054,2025-03-11,MEDIUM,5.4,NETWORK,NONE,False,network_isolate,network,Segment to a restricted VLAN and block inbound access at the host firewall,,nvd@nist.gov,3.1,true,false,0.589090,0.990840
CVE-2025-24055,2025-03-11,MEDIUM,4.3,PHYSICAL,LOW,False,unmitigable,,No documented mitigation that preserves current use; re-role or replace,,secure@microsoft.com,3.1,false,false,0.008540,0.567410
CVE-2025-24056,2025-03-11,HIGH,8.8,NETWORK,NONE,False,network_isolate,network,Segment to a restricted VLAN and block inbound access at the host firewall,,secure@microsoft.com,3.1,false,false,0.015450,0.740320
CVE-2025-24058,2025-04-08,HIGH,7.8,LOCAL,LOW,False,unmitigable,,No documented mitigation that preserves current use; re-role or replace,,secure@microsoft.com,3.1,false,false,0.005950,0.464290
CVE-2025-24059,2025-03-11,HIGH,7.8,LOCAL,LOW,False,unmitigable,,No documented mitigation that preserves current use; re-role or replace,,secure@microsoft.com,3.1,false,false,0.005330,0.428800
CVE-2025-24060,2025-04-08,HIGH,7.8,LOCAL,LOW,False,unmitigable,,No documented mitigation that preserves current use; re-role or replace,,secure@microsoft.com,3.1,false,false,0.005950,0.464300
CVE-2025-24061,2025-03-11,HIGH,7.8,LOCAL,NONE,False,unmitigable,,No documented mitigation that preserves current use; re-role or replace,,secure@microsoft.com,3.1,false,false,0.011830,0.665920
CVE-2025-24062,2025-04-08,HIGH,7.8,LOCAL,LOW,False,unmitigable,,No documented mitigation that preserves current use; re-role or replace,,secure@microsoft.com,3.1,false,false,0.005950,0.464300
CVE-2025-24063,2025-05-13,HIGH,7.8,LOCAL,LOW,False,unmitigable,,No documented mitigation that preserves current use; re-role or replace,,secure@microsoft.com,3.1,false,false,0.006910,0.510070
CVE-2025-24065,2025-06-10,MEDIUM,5.5,LOCAL,LOW,False,unmitigable,,No documented mitigation that preserves current use; re-role or replace,,secure@microsoft.com,3.1,false,false,0.005520,0.440120
CVE-2025-24066,2025-03-11,HIGH,7.8,LOCAL,LOW,False,unmitigable,,No documented mitigation that preserves current use; re-role or replace,,secure@microsoft.com,3.1,false,false,0.006980,0.512620
CVE-2025-24067,2025-03-11,HIGH,7.8,LOCAL,LOW,False,unmitigable,,No documented mitigation that preserves current use; re-role or replace,,secure@microsoft.com,3.1,false,false,0.006980,0.512620
CVE-2025-24068,2025-06-10,MEDIUM,5.5,LOCAL,LOW,False,unmitigable,,No documented mitigation that preserves current use; re-role or replace,,secure@microsoft.com,3.1,false,false,0.005140,0.415570
CVE-2025-24069,2025-06-10,MEDIUM,5.5,LOCAL,LOW,False,unmitigable,,No documented mitigation that preserves current use; re-role or replace,,secure@microsoft.com,3.1,false,false,0.005700,0.450860
CVE-2025-24071,2025-03-11,MEDIUM,6.5,NETWORK,NONE,False,network_isolate,network,Segment to a restricted VLAN and block inbound access at the host firewall,,secure@microsoft.com,3.1,false,false,0.229150,0.976800
CVE-2025-24072,2025-03-11,HIGH,7.8,LOCAL,LOW,False,unmitigable,,No documented mitigation that preserves current use; re-role or replace,,secure@microsoft.com,3.1,false,false,0.005330,0.428790
CVE-2025-24073,2025-04-08,HIGH,7.8,LOCAL,LOW,False,unmitigable,,No documented mitigation that preserves current use; re-role or replace,,secure@microsoft.com,3.1,false,false,0.005950,0.464290
CVE-2025-24074,2025-04-08,HIGH,7.8,LOCAL,LOW,False,unmitigable,,No documented mitigation that preserves current use; re-role or replace,,secure@microsoft.com,3.1,false,false,0.005950,0.464290
CVE-2025-24076,2025-03-11,HIGH,7.3,LOCAL,LOW,False,unmitigable,,No documented mitigation that preserves current use; re-role or replace,,secure@microsoft.com,3.1,false,false,0.031510,0.874780
CVE-2025-24084,2025-03-11,HIGH,8.4,LOCAL,NONE,False,unmitigable,,No documented mitigation that preserves current use; re-role or replace,,secure@microsoft.com,3.1,false,false,0.006840,0.507360
CVE-2025-24984,2025-03-11,MEDIUM,4.6,PHYSICAL,NONE,False,unmitigable,,No documented mitigation that preserves current use; re-role or replace,,secure@microsoft.com,3.1,true,false,0.019560,0.795220
CVE-2025-24985,2025-03-11,HIGH,7.8,LOCAL,NONE,False,unmitigable,,No documented mitigation that preserves current use; re-role or replace,,secure@microsoft.com,3.1,true,false,0.038460,0.897890
CVE-2025-24987,2025-03-11,MEDIUM,6.8,PHYSICAL,NONE,False,unmitigable,,No documented mitigation that preserves current use; re-role or replace,,nvd@nist.gov,3.1,false,false,0.006690,0.500830
CVE-2025-24988,2025-03-11,MEDIUM,6.8,PHYSICAL,NONE,False,unmitigable,,No documented mitigation that preserves current use; re-role or replace,,nvd@nist.gov,3.1,false,false,0.006690,0.500820
CVE-2025-24990,2025-10-14,HIGH,7.8,LOCAL,LOW,False,unmitigable,,No documented mitigation that preserves current use; re-role or replace,,secure@microsoft.com,3.1,true,false,0.063690,0.934380
CVE-2025-24991,2025-03-11,MEDIUM,5.5,LOCAL,NONE,False,unmitigable,,No documented mitigation that preserves current use; re-role or replace,,secure@microsoft.com,3.1,true,false,0.019790,0.797490
CVE-2025-24992,2025-03-11,MEDIUM,5.5,LOCAL,NONE,False,unmitigable,,No documented mitigation that preserves current use; re-role or replace,,secure@microsoft.com,3.1,false,false,0.010470,0.628550
CVE-2025-24993,2025-03-11,HIGH,7.8,LOCAL,NONE,False,unmitigable,,No documented mitigation that preserves current use; re-role or replace,,secure@microsoft.com,3.1,true,false,0.021730,0.816170
CVE-2025-24994,2025-03-11,HIGH,7.3,LOCAL,LOW,False,unmitigable,,No documented mitigation that preserves current use; re-role or replace,,secure@microsoft.com,3.1,false,false,0.011660,0.661020
CVE-2025-24995,2025-03-11,HIGH,7.8,LOCAL,LOW,False,unmitigable,,No documented mitigation that preserves current use; re-role or replace,,secure@microsoft.com,3.1,false,false,0.005720,0.451970
CVE-2025-24996,2025-03-11,MEDIUM,6.5,NETWORK,NONE,False,network_isolate,network,Segment to a restricted VLAN and block inbound access at the host firewall,,secure@microsoft.com,3.1,false,false,0.013150,0.696580
CVE-2025-24997,2025-03-11,MEDIUM,4.4,LOCAL,HIGH,False,unmitigable,,No documented mitigation that preserves current use; re-role or replace,,secure@microsoft.com,3.1,false,false,0.005930,0.463180
CVE-2025-25004,2025-10-14,HIGH,7.3,LOCAL,LOW,False,unmitigable,,No documented mitigation that preserves current use; re-role or replace,,nvd@nist.gov,3.1,false,false,0.004800,0.390620
CVE-2025-26633,2025-03-11,HIGH,7.0,LOCAL,NONE,False,unmitigable,,No documented mitigation that preserves current use; re-role or replace,,secure@microsoft.com,3.1,true,true,0.303910,0.981800
CVE-2025-26634,2025-03-11,HIGH,7.5,NETWORK,LOW,False,unmitigable,,No documented mitigation that preserves current use; re-role or replace,,secure@microsoft.com,3.1,false,false,0.006610,0.497160
CVE-2025-26635,2025-04-08,MEDIUM,6.5,NETWORK,HIGH,False,unmitigable,,No documented mitigation that preserves current use; re-role or replace,,secure@microsoft.com,3.1,false,false,0.014720,0.728130
CVE-2025-26636,2025-07-08,MEDIUM,5.5,LOCAL,LOW,False,unmitigable,,No documented mitigation that preserves current use; re-role or replace,,secure@microsoft.com,3.1,false,false,0.004400,0.358410
CVE-2025-26637,2025-04-08,MEDIUM,6.8,PHYSICAL,NONE,False,unmitigable,,No documented mitigation that preserves current use; re-role or replace,,secure@microsoft.com,3.1,false,false,0.008440,0.563770
CVE-2025-26639,2025-04-08,HIGH,7.8,LOCAL,LOW,False,unmitigable,,No documented mitigation that preserves current use; re-role or replace,,secure@microsoft.com,3.1,false,false,0.005550,0.441880
CVE-2025-26640,2025-04-08,HIGH,7.0,LOCAL,LOW,False,unmitigable,,No documented mitigation that preserves current use; re-role or replace,,secure@microsoft.com,3.1,false,false,0.004710,0.383790
CVE-2025-26641,2025-04-08,HIGH,7.5,NETWORK,NONE,False,network_isolate,network,Segment to a restricted VLAN and block inbound access at the host firewall,,secure@microsoft.com,3.1,false,false,0.021900,0.817510
CVE-2025-26644,2025-04-08,MEDIUM,5.1,LOCAL,NONE,False,unmitigable,,No documented mitigation that preserves current use; re-role or replace,,secure@microsoft.com,3.1,false,false,0.005490,0.438700
CVE-2025-26645,2025-03-11,HIGH,8.8,NETWORK,NONE,False,service_disable,rdp,"Disable Remote Desktop, or require Network Level Authentication and gate by firewall",Microsoft CVE-2019-0708 guidance,secure@microsoft.com,3.1,false,false,0.031200,0.873620
CVE-2025-26648,2025-04-08,HIGH,7.8,LOCAL,LOW,False,unmitigable,,No documented mitigation that preserves current use; re-role or replace,,secure@microsoft.com,3.1,false,false,0.004740,0.386340
CVE-2025-26649,2025-04-08,HIGH,7.0,LOCAL,LOW,False,unmitigable,,No documented mitigation that preserves current use; re-role or replace,,secure@microsoft.com,3.1,false,false,0.003810,0.296390
CVE-2025-26651,2025-04-08,MEDIUM,6.5,NETWORK,LOW,False,unmitigable,,No documented mitigation that preserves current use; re-role or replace,,secure@microsoft.com,3.1,false,false,0.025170,0.842340
CVE-2025-26663,2025-04-08,HIGH,8.1,NETWORK,NONE,False,network_isolate,network,Segment to a restricted VLAN and block inbound access at the host firewall,,secure@microsoft.com,3.1,false,false,0.018950,0.788460
CVE-2025-26665,2025-04-08,HIGH,7.0,LOCAL,LOW,False,unmitigable,,No documented mitigation that preserves current use; re-role or replace,,secure@microsoft.com,3.1,false,false,0.003300,0.237230
CVE-2025-26666,2025-04-08,HIGH,7.8,LOCAL,LOW,False,unmitigable,,No documented mitigation that preserves current use; re-role or replace,,secure@microsoft.com,3.1,false,false,0.006290,0.481820
CVE-2025-26668,2025-04-08,HIGH,7.5,NETWORK,NONE,False,network_isolate,network,Segment to a restricted VLAN and block inbound access at the host firewall,,secure@microsoft.com,3.1,false,false,0.012130,0.673780
CVE-2025-26669,2025-04-08,HIGH,8.8,NETWORK,NONE,False,network_isolate,network,Segment to a restricted VLAN and block inbound access at the host firewall,,secure@microsoft.com,3.1,false,false,0.014700,0.727830
CVE-2025-26670,2025-04-08,HIGH,8.1,NETWORK,NONE,False,network_isolate,network,Segment to a restricted VLAN and block inbound access at the host firewall,,secure@microsoft.com,3.1,false,false,0.110500,0.957810
CVE-2025-26672,2025-04-08,MEDIUM,6.5,NETWORK,NONE,False,network_isolate,network,Segment to a restricted VLAN and block inbound access at the host firewall,,secure@microsoft.com,3.1,false,false,0.017850,0.774760
CVE-2025-26673,2025-04-08,HIGH,7.5,NETWORK,NONE,False,network_isolate,network,Segment to a restricted VLAN and block inbound access at the host firewall,,secure@microsoft.com,3.1,false,false,0.026270,0.849380
CVE-2025-26674,2025-04-08,HIGH,7.8,LOCAL,LOW,False,unmitigable,,No documented mitigation that preserves current use; re-role or replace,,secure@microsoft.com,3.1,false,false,0.006290,0.481810
CVE-2025-26675,2025-04-08,HIGH,7.8,LOCAL,LOW,False,unmitigable,,No documented mitigation that preserves current use; re-role or replace,,secure@microsoft.com,3.1,false,false,0.005840,0.458760
CVE-2025-26678,2025-04-08,HIGH,8.4,LOCAL,NONE,False,unmitigable,,No documented mitigation that preserves current use; re-role or replace,,secure@microsoft.com,3.1,false,false,0.005280,0.425560
CVE-2025-26679,2025-04-08,HIGH,7.8,LOCAL,LOW,False,unmitigable,,No documented mitigation that preserves current use; re-role or replace,,secure@microsoft.com,3.1,false,false,0.005740,0.453300
CVE-2025-26681,2025-04-08,MEDIUM,6.7,LOCAL,LOW,False,unmitigable,,No documented mitigation that preserves current use; re-role or replace,,secure@microsoft.com,3.1,false,false,0.005730,0.452510
CVE-2025-26686,2025-04-08,HIGH,7.5,NETWORK,NONE,False,network_isolate,network,Segment to a restricted VLAN and block inbound access at the host firewall,,secure@microsoft.com,3.1,false,false,0.015120,0.735000
CVE-2025-26687,2025-04-08,HIGH,7.5,NETWORK,NONE,False,network_isolate,network,Segment to a restricted VLAN and block inbound access at the host firewall,,secure@microsoft.com,3.1,false,false,0.011310,0.651680
CVE-2025-26688,2025-04-08,HIGH,7.8,LOCAL,LOW,False,unmitigable,,No documented mitigation that preserves current use; re-role or replace,,secure@microsoft.com,3.1,false,false,0.005720,0.451950
CVE-2025-27467,2025-04-08,HIGH,7.8,LOCAL,LOW,False,unmitigable,,No documented mitigation that preserves current use; re-role or replace,,secure@microsoft.com,3.1,false,false,0.006290,0.481820
CVE-2025-27468,2025-05-13,HIGH,7.0,LOCAL,LOW,False,unmitigable,,No documented mitigation that preserves current use; re-role or replace,,secure@microsoft.com,3.1,false,false,0.002440,0.140800
CVE-2025-27469,2025-04-08,HIGH,7.5,NETWORK,NONE,False,network_isolate,network,Segment to a restricted VLAN and block inbound access at the host firewall,,secure@microsoft.com,3.1,false,false,0.024800,0.839830
CVE-2025-27471,2025-04-08,MEDIUM,5.9,NETWORK,NONE,False,network_isolate,network,Segment to a restricted VLAN and block inbound access at the host firewall,,secure@microsoft.com,3.1,false,false,0.012670,0.686500
CVE-2025-27473,2025-04-08,HIGH,7.5,NETWORK,NONE,False,service_disable,iis,Remove the IIS role from endpoints,Microsoft IIS guidance,secure@microsoft.com,3.1,false,false,0.021900,0.817510
CVE-2025-27475,2025-04-08,HIGH,7.0,LOCAL,LOW,False,unmitigable,,No documented mitigation that preserves current use; re-role or replace,,secure@microsoft.com,3.1,false,false,0.003630,0.277350
CVE-2025-27476,2025-04-08,HIGH,7.8,LOCAL,LOW,False,unmitigable,,No documented mitigation that preserves current use; re-role or replace,,secure@microsoft.com,3.1,false,false,0.006290,0.481830
CVE-2025-27477,2025-04-08,HIGH,8.8,NETWORK,NONE,False,network_isolate,network,Segment to a restricted VLAN and block inbound access at the host firewall,,secure@microsoft.com,3.1,false,false,0.015480,0.740760
CVE-2025-27478,2025-04-08,HIGH,7.0,LOCAL,LOW,False,unmitigable,,No documented mitigation that preserves current use; re-role or replace,,secure@microsoft.com,3.1,false,false,0.004520,0.369290
CVE-2025-27481,2025-04-08,HIGH,8.8,NETWORK,NONE,False,network_isolate,network,Segment to a restricted VLAN and block inbound access at the host firewall,,secure@microsoft.com,3.1,false,false,0.012220,0.675810
CVE-2025-27484,2025-04-08,HIGH,7.5,NETWORK,LOW,False,unmitigable,,No documented mitigation that preserves current use; re-role or replace,,secure@microsoft.com,3.1,false,false,0.008000,0.549170
CVE-2025-27487,2025-04-08,HIGH,8.0,NETWORK,LOW,False,service_disable,rdp,"Disable Remote Desktop, or require Network Level Authentication and gate by firewall",Microsoft CVE-2019-0708 guidance,secure@microsoft.com,3.1,false,false,0.014640,0.726470
CVE-2025-27488,2025-05-13,MEDIUM,6.7,LOCAL,HIGH,True,app_update,application,Update the affected application; it services independently of the OS,,secure@microsoft.com,3.1,false,false,0.003830,0.298830
CVE-2025-27490,2025-04-08,HIGH,7.8,LOCAL,LOW,False,service_disable,bluetooth,Disable the Bluetooth radio/stack by policy where unused,Microsoft Bluetooth hardening guidance,secure@microsoft.com,3.1,false,false,0.005950,0.464290
CVE-2025-27491,2025-04-08,HIGH,7.1,NETWORK,LOW,False,service_disable,hyperv,Remove the Hyper-V role on endpoints that do not host VMs,Microsoft Hyper-V role guidance,secure@microsoft.com,3.1,false,false,0.015170,0.735830
CVE-2025-27492,2025-04-08,HIGH,7.0,LOCAL,LOW,False,unmitigable,,No documented mitigation that preserves current use; re-role or replace,,secure@microsoft.com,3.1,false,false,0.003470,0.258230
CVE-2025-27727,2025-04-08,HIGH,7.8,LOCAL,LOW,False,unmitigable,,No documented mitigation that preserves current use; re-role or replace,,secure@microsoft.com,3.1,false,false,0.009850,0.609540
CVE-2025-27728,2025-04-08,HIGH,7.8,LOCAL,LOW,False,unmitigable,,No documented mitigation that preserves current use; re-role or replace,,secure@microsoft.com,3.1,false,false,0.005950,0.464280
CVE-2025-27729,2025-04-08,HIGH,7.8,LOCAL,NONE,False,unmitigable,,No documented mitigation that preserves current use; re-role or replace,,secure@microsoft.com,3.1,false,false,0.008160,0.554620
CVE-2025-27730,2025-04-08,HIGH,7.8,LOCAL,LOW,False,unmitigable,,No documented mitigation that preserves current use; re-role or replace,,secure@microsoft.com,3.1,false,false,0.006290,0.481820
CVE-2025-27731,2025-04-08,HIGH,7.8,LOCAL,LOW,False,unmitigable,,No documented mitigation that preserves current use; re-role or replace,,secure@microsoft.com,3.1,false,false,0.006290,0.481820
CVE-2025-27732,2025-04-08,HIGH,7.0,LOCAL,LOW,False,unmitigable,,No documented mitigation that preserves current use; re-role or replace,,secure@microsoft.com,3.1,false,false,0.003410,0.251160
CVE-2025-27735,2025-04-08,MEDIUM,6.0,LOCAL,HIGH,False,unmitigable,,No documented mitigation that preserves current use; re-role or replace,,secure@microsoft.com,3.1,false,false,0.004030,0.321180
CVE-2025-27736,2025-04-08,MEDIUM,5.5,LOCAL,LOW,False,unmitigable,,No documented mitigation that preserves current use; re-role or replace,,secure@microsoft.com,3.1,false,false,0.009220,0.588360
CVE-2025-27737,2025-04-08,HIGH,8.6,LOCAL,NONE,False,unmitigable,,No documented mitigation that preserves current use; re-role or replace,,secure@microsoft.com,3.1,false,false,0.007600,0.535640
CVE-2025-27738,2025-04-08,MEDIUM,6.5,NETWORK,LOW,False,unmitigable,,No documented mitigation that preserves current use; re-role or replace,,secure@microsoft.com,3.1,false,false,0.034400,0.885670
CVE-2025-27739,2025-04-08,HIGH,7.8,LOCAL,LOW,False,unmitigable,,No documented mitigation that preserves current use; re-role or replace,,secure@microsoft.com,3.1,false,false,0.006290,0.481830
CVE-2025-27742,2025-04-08,MEDIUM,5.5,LOCAL,NONE,False,unmitigable,,No documented mitigation that preserves current use; re-role or replace,,secure@microsoft.com,3.1,false,false,0.008620,0.569900
CVE-2025-29809,2025-04-08,HIGH,7.1,LOCAL,LOW,False,unmitigable,,No documented mitigation that preserves current use; re-role or replace,,secure@microsoft.com,3.1,false,false,0.041730,0.905730
CVE-2025-29810,2025-04-08,HIGH,7.5,NETWORK,LOW,False,unmitigable,,No documented mitigation that preserves current use; re-role or replace,,secure@microsoft.com,3.1,false,false,0.025280,0.843120
CVE-2025-29811,2025-04-08,HIGH,7.8,LOCAL,LOW,False,unmitigable,,No documented mitigation that preserves current use; re-role or replace,,secure@microsoft.com,3.1,false,false,0.005860,0.459790
CVE-2025-29812,2025-04-08,HIGH,7.8,LOCAL,LOW,False,unmitigable,,No documented mitigation that preserves current use; re-role or replace,,secure@microsoft.com,3.1,false,false,0.009140,0.586340
CVE-2025-29824,2025-04-08,HIGH,7.8,LOCAL,LOW,False,unmitigable,,No documented mitigation that preserves current use; re-role or replace,,secure@microsoft.com,3.1,true,true,0.139040,0.964220
CVE-2025-29828,2025-06-10,HIGH,8.1,NETWORK,NONE,False,network_isolate,network,Segment to a restricted VLAN and block inbound access at the host firewall,,secure@microsoft.com,3.1,false,false,0.012570,0.684280
CVE-2025-29829,2025-05-13,MEDIUM,5.5,LOCAL,LOW,False,unmitigable,,No documented mitigation that preserves current use; re-role or replace,,secure@microsoft.com,3.1,false,false,0.005330,0.428660
CVE-2025-29830,2025-05-13,MEDIUM,6.5,NETWORK,NONE,False,network_isolate,network,Segment to a restricted VLAN and block inbound access at the host firewall,,secure@microsoft.com,3.1,false,false,0.012670,0.686490
CVE-2025-29832,2025-05-13,MEDIUM,6.5,NETWORK,NONE,False,network_isolate,network,Segment to a restricted VLAN and block inbound access at the host firewall,,secure@microsoft.com,3.1,false,false,0.012670,0.686500
CVE-2025-29833,2025-05-13,HIGH,7.7,LOCAL,NONE,False,unmitigable,,No documented mitigation that preserves current use; re-role or replace,,secure@microsoft.com,3.1,false,false,0.004350,0.354500
CVE-2025-29835,2025-05-13,MEDIUM,6.5,NETWORK,NONE,False,network_isolate,network,Segment to a restricted VLAN and block inbound access at the host firewall,,secure@microsoft.com,3.1,false,false,0.012670,0.686500
CVE-2025-29836,2025-05-13,MEDIUM,6.5,NETWORK,NONE,False,network_isolate,network,Segment to a restricted VLAN and block inbound access at the host firewall,,secure@microsoft.com,3.1,false,false,0.012940,0.692170
CVE-2025-29837,2025-05-13,MEDIUM,5.5,LOCAL,LOW,False,unmitigable,,No documented mitigation that preserves current use; re-role or replace,,secure@microsoft.com,3.1,false,false,0.006550,0.494510
CVE-2025-29838,2025-05-13,HIGH,7.0,LOCAL,LOW,False,unmitigable,,No documented mitigation that preserves current use; re-role or replace,,nvd@nist.gov,3.1,false,false,0.003750,0.290100
CVE-2025-29839,2025-05-13,MEDIUM,4.0,LOCAL,NONE,False,unmitigable,,No documented mitigation that preserves current use; re-role or replace,,secure@microsoft.com,3.1,false,false,0.004860,0.395660
CVE-2025-29840,2025-05-13,HIGH,8.8,NETWORK,NONE,False,network_isolate,network,Segment to a restricted VLAN and block inbound access at the host firewall,,secure@microsoft.com,3.1,false,false,0.009940,0.612320
CVE-2025-29841,2025-05-13,HIGH,7.0,LOCAL,LOW,False,unmitigable,,No documented mitigation that preserves current use; re-role or replace,,secure@microsoft.com,3.1,false,false,0.003850,0.300440
CVE-2025-29842,2025-05-13,HIGH,7.5,NETWORK,NONE,False,network_isolate,network,Segment to a restricted VLAN and block inbound access at the host firewall,,secure@microsoft.com,3.1,false,false,0.004220,0.341800
CVE-2025-29954,2025-05-13,MEDIUM,5.9,NETWORK,NONE,False,network_isolate,network,Segment to a restricted VLAN and block inbound access at the host firewall,,secure@microsoft.com,3.1,false,false,0.013580,0.706380
CVE-2025-29955,2025-05-13,MEDIUM,5.5,LOCAL,LOW,False,service_disable,hyperv,Remove the Hyper-V role on endpoints that do not host VMs,Microsoft Hyper-V role guidance,nvd@nist.gov,3.1,false,false,0.005560,0.442560
CVE-2025-29956,2025-05-13,MEDIUM,5.4,NETWORK,LOW,False,unmitigable,,No documented mitigation that preserves current use; re-role or replace,,secure@microsoft.com,3.1,false,false,0.010320,0.624040
CVE-2025-29957,2025-05-13,MEDIUM,6.2,LOCAL,NONE,False,unmitigable,,No documented mitigation that preserves current use; re-role or replace,,secure@microsoft.com,3.1,false,false,0.005850,0.459170
CVE-2025-29958,2025-05-13,MEDIUM,6.5,NETWORK,NONE,False,network_isolate,network,Segment to a restricted VLAN and block inbound access at the host firewall,,secure@microsoft.com,3.1,false,false,0.013310,0.700090
CVE-2025-29959,2025-05-13,MEDIUM,6.5,NETWORK,NONE,False,network_isolate,network,Segment to a restricted VLAN and block inbound access at the host firewall,,secure@microsoft.com,3.1,false,false,0.014110,0.716510
CVE-2025-29960,2025-05-13,MEDIUM,6.5,NETWORK,NONE,False,network_isolate,network,Segment to a restricted VLAN and block inbound access at the host firewall,,secure@microsoft.com,3.1,false,false,0.014110,0.716500
CVE-2025-29961,2025-05-13,MEDIUM,6.5,NETWORK,NONE,False,network_isolate,network,Segment to a restricted VLAN and block inbound access at the host firewall,,secure@microsoft.com,3.1,false,false,0.013310,0.700090
CVE-2025-29962,2025-05-13,HIGH,8.8,NETWORK,NONE,False,network_isolate,network,Segment to a restricted VLAN and block inbound access at the host firewall,,secure@microsoft.com,3.1,false,false,0.143310,0.965020
CVE-2025-29963,2025-05-13,HIGH,8.8,NETWORK,NONE,False,network_isolate,network,Segment to a restricted VLAN and block inbound access at the host firewall,,secure@microsoft.com,3.1,false,false,0.010440,0.628020
CVE-2025-29964,2025-05-13,HIGH,8.8,NETWORK,NONE,False,network_isolate,network,Segment to a restricted VLAN and block inbound access at the host firewall,,secure@microsoft.com,3.1,false,false,0.010440,0.628020
CVE-2025-29966,2025-05-13,HIGH,8.8,NETWORK,NONE,False,service_disable,rdp,"Disable Remote Desktop, or require Network Level Authentication and gate by firewall",Microsoft CVE-2019-0708 guidance,secure@microsoft.com,3.1,false,false,0.013630,0.707370
CVE-2025-29967,2025-05-13,HIGH,8.8,NETWORK,NONE,False,service_disable,rdp,"Disable Remote Desktop, or require Network Level Authentication and gate by firewall",Microsoft CVE-2019-0708 guidance,secure@microsoft.com,3.1,false,false,0.012830,0.689830
CVE-2025-29969,2025-05-13,HIGH,7.5,NETWORK,LOW,False,unmitigable,,No documented mitigation that preserves current use; re-role or replace,,secure@microsoft.com,3.1,false,false,0.011520,0.657280
CVE-2025-29970,2025-05-13,HIGH,7.8,LOCAL,LOW,False,unmitigable,,No documented mitigation that preserves current use; re-role or replace,,secure@microsoft.com,3.1,false,false,0.005060,0.409430
CVE-2025-29971,2025-05-13,HIGH,7.5,NETWORK,NONE,False,network_isolate,network,Segment to a restricted VLAN and block inbound access at the host firewall,,secure@microsoft.com,3.1,false,false,0.643690,0.992110
CVE-2025-29974,2025-05-13,MEDIUM,5.7,ADJACENT_NETWORK,NONE,False,network_isolate,network,Segment to a restricted VLAN and block inbound access at the host firewall,,secure@microsoft.com,3.1,false,false,0.006860,0.508060
CVE-2025-30385,2025-05-13,HIGH,7.8,LOCAL,LOW,False,unmitigable,,No documented mitigation that preserves current use; re-role or replace,,secure@microsoft.com,3.1,false,false,0.005050,0.408490
CVE-2025-30388,2025-05-13,HIGH,7.8,LOCAL,NONE,False,unmitigable,,No documented mitigation that preserves current use; re-role or replace,,secure@microsoft.com,3.1,false,false,0.041840,0.905970
CVE-2025-30397,2025-05-13,HIGH,7.5,NETWORK,NONE,False,network_isolate,network,Segment to a restricted VLAN and block inbound access at the host firewall,,secure@microsoft.com,3.1,true,false,0.268350,0.979740
CVE-2025-30400,2025-05-13,HIGH,7.8,LOCAL,LOW,False,unmitigable,,No documented mitigation that preserves current use; re-role or replace,,secure@microsoft.com,3.1,true,false,0.019000,0.789070
CVE-2025-32701,2025-05-13,HIGH,7.8,LOCAL,LOW,False,unmitigable,,No documented mitigation that preserves current use; re-role or replace,,secure@microsoft.com,3.1,true,false,0.013920,0.713060
CVE-2025-32706,2025-05-13,HIGH,7.8,LOCAL,LOW,False,unmitigable,,No documented mitigation that preserves current use; re-role or replace,,secure@microsoft.com,3.1,true,false,0.022940,0.826070
CVE-2025-32709,2025-05-13,HIGH,7.8,LOCAL,LOW,False,unmitigable,,No documented mitigation that preserves current use; re-role or replace,,secure@microsoft.com,3.1,true,false,0.021400,0.813460
CVE-2025-32712,2025-06-10,HIGH,7.8,LOCAL,LOW,False,unmitigable,,No documented mitigation that preserves current use; re-role or replace,,secure@microsoft.com,3.1,false,false,0.004790,0.389850
CVE-2025-32713,2025-06-10,HIGH,7.8,LOCAL,LOW,False,unmitigable,,No documented mitigation that preserves current use; re-role or replace,,secure@microsoft.com,3.1,false,false,0.007450,0.530530
CVE-2025-32714,2025-06-10,HIGH,7.8,LOCAL,LOW,False,unmitigable,,No documented mitigation that preserves current use; re-role or replace,,secure@microsoft.com,3.1,false,false,0.013430,0.703050
CVE-2025-32715,2025-06-10,MEDIUM,6.5,NETWORK,NONE,False,service_disable,rdp,"Disable Remote Desktop, or require Network Level Authentication and gate by firewall",Microsoft CVE-2019-0708 guidance,secure@microsoft.com,3.1,false,false,0.014410,0.722040
CVE-2025-32716,2025-06-10,HIGH,7.8,LOCAL,LOW,False,unmitigable,,No documented mitigation that preserves current use; re-role or replace,,secure@microsoft.com,3.1,false,false,0.004780,0.389260
CVE-2025-32718,2025-06-10,HIGH,7.8,LOCAL,LOW,False,unmitigable,,No documented mitigation that preserves current use; re-role or replace,,secure@microsoft.com,3.1,false,false,0.004780,0.389260
CVE-2025-32719,2025-06-10,MEDIUM,5.5,LOCAL,LOW,False,unmitigable,,No documented mitigation that preserves current use; re-role or replace,,secure@microsoft.com,3.1,false,false,0.005140,0.415570
CVE-2025-32720,2025-06-10,MEDIUM,5.5,LOCAL,LOW,False,unmitigable,,No documented mitigation that preserves current use; re-role or replace,,secure@microsoft.com,3.1,false,false,0.006480,0.491210
CVE-2025-32721,2025-06-10,HIGH,7.3,LOCAL,LOW,False,unmitigable,,No documented mitigation that preserves current use; re-role or replace,,secure@microsoft.com,3.1,false,false,0.006400,0.486950
CVE-2025-32722,2025-06-10,MEDIUM,5.5,LOCAL,LOW,False,unmitigable,,No documented mitigation that preserves current use; re-role or replace,,secure@microsoft.com,3.1,false,false,0.010750,0.636730
CVE-2025-32724,2025-06-10,HIGH,7.5,NETWORK,NONE,False,network_isolate,network,Segment to a restricted VLAN and block inbound access at the host firewall,,secure@microsoft.com,3.1,false,false,0.018160,0.778790
CVE-2025-33052,2025-06-10,MEDIUM,5.5,LOCAL,LOW,False,unmitigable,,No documented mitigation that preserves current use; re-role or replace,,secure@microsoft.com,3.1,false,false,0.005700,0.450860
CVE-2025-33053,2025-06-10,HIGH,8.8,NETWORK,NONE,False,network_isolate,network,Segment to a restricted VLAN and block inbound access at the host firewall,,secure@microsoft.com,3.1,true,false,0.870150,0.997440
CVE-2025-33054,2025-07-08,HIGH,8.1,NETWORK,NONE,False,service_disable,rdp,"Disable Remote Desktop, or require Network Level Authentication and gate by firewall",Microsoft CVE-2019-0708 guidance,secure@microsoft.com,3.1,false,false,0.009370,0.593720
CVE-2025-33055,2025-06-10,MEDIUM,5.5,LOCAL,LOW,False,unmitigable,,No documented mitigation that preserves current use; re-role or replace,,secure@microsoft.com,3.1,false,false,0.005820,0.457300
CVE-2025-33056,2025-06-10,HIGH,7.5,NETWORK,NONE,False,network_isolate,network,Segment to a restricted VLAN and block inbound access at the host firewall,,secure@microsoft.com,3.1,false,false,0.016530,0.756600
CVE-2025-33057,2025-06-10,MEDIUM,6.5,NETWORK,LOW,False,unmitigable,,No documented mitigation that preserves current use; re-role or replace,,secure@microsoft.com,3.1,false,false,0.017360,0.768080
CVE-2025-33058,2025-06-10,MEDIUM,5.5,LOCAL,LOW,False,unmitigable,,No documented mitigation that preserves current use; re-role or replace,,secure@microsoft.com,3.1,false,false,0.005700,0.450860
CVE-2025-33059,2025-06-10,MEDIUM,5.5,LOCAL,LOW,False,unmitigable,,No documented mitigation that preserves current use; re-role or replace,,secure@microsoft.com,3.1,false,false,0.005700,0.450850
CVE-2025-33060,2025-06-10,MEDIUM,5.5,LOCAL,LOW,False,unmitigable,,No documented mitigation that preserves current use; re-role or replace,,secure@microsoft.com,3.1,false,false,0.005700,0.450860
CVE-2025-33061,2025-06-10,MEDIUM,5.5,LOCAL,LOW,False,unmitigable,,No documented mitigation that preserves current use; re-role or replace,,secure@microsoft.com,3.1,false,false,0.005700,0.450870
CVE-2025-33062,2025-06-10,MEDIUM,5.5,LOCAL,LOW,False,unmitigable,,No documented mitigation that preserves current use; re-role or replace,,secure@microsoft.com,3.1,false,false,0.005820,0.457300
CVE-2025-33063,2025-06-10,MEDIUM,5.5,LOCAL,LOW,False,unmitigable,,No documented mitigation that preserves current use; re-role or replace,,secure@microsoft.com,3.1,false,false,0.005700,0.450850
CVE-2025-33064,2025-06-10,HIGH,8.8,NETWORK,LOW,False,unmitigable,,No documented mitigation that preserves current use; re-role or replace,,secure@microsoft.com,3.1,false,false,0.012930,0.692100
CVE-2025-33065,2025-06-10,MEDIUM,5.5,LOCAL,LOW,False,unmitigable,,No documented mitigation that preserves current use; re-role or replace,,secure@microsoft.com,3.1,false,false,0.005700,0.450850
CVE-2025-33066,2025-06-10,HIGH,8.8,NETWORK,NONE,False,network_isolate,network,Segment to a restricted VLAN and block inbound access at the host firewall,,secure@microsoft.com,3.1,false,false,0.010780,0.637360
CVE-2025-33067,2025-06-10,HIGH,8.4,LOCAL,NONE,False,unmitigable,,No documented mitigation that preserves current use; re-role or replace,,secure@microsoft.com,3.1,false,false,0.004510,0.367990
CVE-2025-33069,2025-06-10,MEDIUM,5.1,LOCAL,NONE,False,unmitigable,,No documented mitigation that preserves current use; re-role or replace,,secure@microsoft.com,3.1,false,false,0.003050,0.209850
CVE-2025-33070,2025-06-10,HIGH,8.1,NETWORK,NONE,False,network_isolate,network,Segment to a restricted VLAN and block inbound access at the host firewall,,secure@microsoft.com,3.1,false,false,0.098630,0.954230
CVE-2025-33073,2025-06-10,HIGH,8.8,NETWORK,LOW,False,unmitigable,,No documented mitigation that preserves current use; re-role or replace,,secure@microsoft.com,3.1,true,false,0.826990,0.996580
CVE-2025-33075,2025-06-10,HIGH,7.8,LOCAL,LOW,False,unmitigable,,No documented mitigation that preserves current use; re-role or replace,,secure@microsoft.com,3.1,false,false,0.005930,0.463250
CVE-2025-47159,2025-07-08,HIGH,7.8,LOCAL,LOW,False,unmitigable,,No documented mitigation that preserves current use; re-role or replace,,secure@microsoft.com,3.1,false,false,0.003950,0.312530
CVE-2025-47160,2025-06-10,MEDIUM,5.4,NETWORK,NONE,False,network_isolate,network,Segment to a restricted VLAN and block inbound access at the host firewall,,secure@microsoft.com,3.1,false,false,0.008300,0.559460
CVE-2025-47827,2025-06-05,MEDIUM,4.6,PHYSICAL,NONE,False,unmitigable,,No documented mitigation that preserves current use; re-role or replace,,134c704f-9b21-4f2e-91b3-4a467353bcc0,3.1,true,false,0.049270,0.918480
CVE-2025-47955,2025-06-10,HIGH,7.8,LOCAL,LOW,False,unmitigable,,No documented mitigation that preserves current use; re-role or replace,,secure@microsoft.com,3.1,false,false,0.008690,0.572250
CVE-2025-47969,2025-06-10,MEDIUM,4.4,LOCAL,HIGH,False,unmitigable,,No documented mitigation that preserves current use; re-role or replace,,secure@microsoft.com,3.1,false,false,0.006210,0.478210
CVE-2025-47971,2025-07-08,HIGH,7.8,LOCAL,NONE,False,unmitigable,,No documented mitigation that preserves current use; re-role or replace,,secure@microsoft.com,3.1,false,false,0.004930,0.400290
CVE-2025-47972,2025-07-08,HIGH,8.0,NETWORK,LOW,False,unmitigable,,No documented mitigation that preserves current use; re-role or replace,,secure@microsoft.com,3.1,false,false,0.006000,0.467020
CVE-2025-47973,2025-07-08,HIGH,7.8,LOCAL,NONE,False,unmitigable,,No documented mitigation that preserves current use; re-role or replace,,secure@microsoft.com,3.1,false,false,0.004930,0.400290
CVE-2025-47975,2025-07-08,HIGH,7.0,LOCAL,LOW,False,unmitigable,,No documented mitigation that preserves current use; re-role or replace,,secure@microsoft.com,3.1,false,false,0.003410,0.251310
CVE-2025-47976,2025-07-08,HIGH,7.8,LOCAL,LOW,False,unmitigable,,No documented mitigation that preserves current use; re-role or replace,,secure@microsoft.com,3.1,false,false,0.004100,0.328030
CVE-2025-47980,2025-07-08,MEDIUM,6.2,LOCAL,NONE,False,unmitigable,,No documented mitigation that preserves current use; re-role or replace,,secure@microsoft.com,3.1,false,false,0.006040,0.469290
CVE-2025-47981,2025-07-08,CRITICAL,9.8,NETWORK,NONE,False,network_isolate,network,Segment to a restricted VLAN and block inbound access at the host firewall,,secure@microsoft.com,3.1,false,false,0.326800,0.982950
CVE-2025-47982,2025-07-08,HIGH,7.8,LOCAL,LOW,False,unmitigable,,No documented mitigation that preserves current use; re-role or replace,,secure@microsoft.com,3.1,false,false,0.003950,0.312520
CVE-2025-47984,2025-07-08,HIGH,7.5,NETWORK,NONE,False,network_isolate,network,Segment to a restricted VLAN and block inbound access at the host firewall,,secure@microsoft.com,3.1,false,false,0.168950,0.969620
CVE-2025-47985,2025-07-08,HIGH,7.8,LOCAL,LOW,False,unmitigable,,No documented mitigation that preserves current use; re-role or replace,,secure@microsoft.com,3.1,false,false,0.003810,0.296510
CVE-2025-47986,2025-07-08,HIGH,8.8,LOCAL,LOW,False,unmitigable,,No documented mitigation that preserves current use; re-role or replace,,secure@microsoft.com,3.1,false,false,0.003920,0.308680
CVE-2025-47987,2025-07-08,HIGH,7.8,LOCAL,LOW,False,unmitigable,,No documented mitigation that preserves current use; re-role or replace,,secure@microsoft.com,3.1,false,false,0.016890,0.761840
CVE-2025-47991,2025-07-08,HIGH,7.8,LOCAL,LOW,False,unmitigable,,No documented mitigation that preserves current use; re-role or replace,,secure@microsoft.com,3.1,false,false,0.003230,0.229650
CVE-2025-47993,2025-07-08,HIGH,7.8,LOCAL,LOW,False,unmitigable,,No documented mitigation that preserves current use; re-role or replace,,secure@microsoft.com,3.1,false,false,0.003780,0.293390
CVE-2025-47996,2025-07-08,HIGH,7.8,LOCAL,LOW,False,unmitigable,,No documented mitigation that preserves current use; re-role or replace,,secure@microsoft.com,3.1,false,false,0.003780,0.292870
CVE-2025-47999,2025-07-08,MEDIUM,6.8,ADJACENT_NETWORK,LOW,False,service_disable,hyperv,Remove the Hyper-V role on endpoints that do not host VMs,Microsoft Hyper-V role guidance,secure@microsoft.com,3.1,false,false,0.004300,0.348160
CVE-2025-48000,2025-07-08,HIGH,7.8,LOCAL,LOW,False,unmitigable,,No documented mitigation that preserves current use; re-role or replace,,secure@microsoft.com,3.1,false,false,0.003010,0.206420
CVE-2025-48001,2025-07-08,MEDIUM,6.8,PHYSICAL,NONE,False,unmitigable,,No documented mitigation that preserves current use; re-role or replace,,secure@microsoft.com,3.1,false,false,0.004150,0.333740
CVE-2025-48002,2025-07-08,MEDIUM,5.7,ADJACENT_NETWORK,LOW,False,service_disable,hyperv,Remove the Hyper-V role on endpoints that do not host VMs,Microsoft Hyper-V role guidance,secure@microsoft.com,3.1,false,false,0.006310,0.482820
CVE-2025-48003,2025-07-08,MEDIUM,6.8,PHYSICAL,NONE,False,unmitigable,,No documented mitigation that preserves current use; re-role or replace,,secure@microsoft.com,3.1,false,false,0.005900,0.462080
CVE-2025-48004,2025-10-14,HIGH,7.0,LOCAL,LOW,False,unmitigable,,No documented mitigation that preserves current use; re-role or replace,,nvd@nist.gov,3.1,false,false,0.019710,0.796670
CVE-2025-48799,2025-07-08,HIGH,7.8,LOCAL,LOW,False,unmitigable,,No documented mitigation that preserves current use; re-role or replace,,secure@microsoft.com,3.1,false,false,0.011560,0.658270
CVE-2025-48800,2025-07-08,MEDIUM,6.8,PHYSICAL,NONE,False,unmitigable,,No documented mitigation that preserves current use; re-role or replace,,secure@microsoft.com,3.1,false,false,0.006090,0.471320
CVE-2025-48802,2025-07-08,MEDIUM,6.5,NETWORK,LOW,False,unmitigable,,No documented mitigation that preserves current use; re-role or replace,,secure@microsoft.com,3.1,false,false,0.008300,0.559500
CVE-2025-48803,2025-07-08,MEDIUM,6.7,LOCAL,HIGH,False,unmitigable,,No documented mitigation that preserves current use; re-role or replace,,secure@microsoft.com,3.1,false,false,0.002720,0.176790
CVE-2025-48804,2025-07-08,MEDIUM,6.8,PHYSICAL,NONE,False,unmitigable,,No documented mitigation that preserves current use; re-role or replace,,secure@microsoft.com,3.1,false,false,0.006050,0.469390
CVE-2025-48805,2025-07-08,HIGH,7.8,LOCAL,LOW,False,unmitigable,,No documented mitigation that preserves current use; re-role or replace,,secure@microsoft.com,3.1,false,false,0.003780,0.292860
CVE-2025-48806,2025-07-08,HIGH,7.8,LOCAL,LOW,False,unmitigable,,No documented mitigation that preserves current use; re-role or replace,,secure@microsoft.com,3.1,false,false,0.003780,0.292870
CVE-2025-48807,2025-08-12,MEDIUM,6.7,LOCAL,LOW,False,service_disable,hyperv,Remove the Hyper-V role on endpoints that do not host VMs,Microsoft Hyper-V role guidance,secure@microsoft.com,3.1,false,false,0.005610,0.445590
CVE-2025-48808,2025-07-08,MEDIUM,5.5,LOCAL,LOW,False,unmitigable,,No documented mitigation that preserves current use; re-role or replace,,secure@microsoft.com,3.1,false,false,0.005210,0.420310
CVE-2025-48809,2025-07-08,MEDIUM,5.5,LOCAL,LOW,False,unmitigable,,No documented mitigation that preserves current use; re-role or replace,,secure@microsoft.com,3.1,false,false,0.004570,0.372810
CVE-2025-48810,2025-07-08,MEDIUM,5.5,LOCAL,LOW,False,unmitigable,,No documented mitigation that preserves current use; re-role or replace,,secure@microsoft.com,3.1,false,false,0.004820,0.392240
CVE-2025-48811,2025-07-08,MEDIUM,6.7,LOCAL,HIGH,False,unmitigable,,No documented mitigation that preserves current use; re-role or replace,,secure@microsoft.com,3.1,false,false,0.002720,0.176790
CVE-2025-48813,2025-10-14,MEDIUM,4.7,LOCAL,LOW,False,unmitigable,,No documented mitigation that preserves current use; re-role or replace,,nvd@nist.gov,3.1,false,false,0.002510,0.148900
CVE-2025-48814,2025-07-08,HIGH,7.5,NETWORK,NONE,False,service_disable,rdp,"Disable Remote Desktop, or require Network Level Authentication and gate by firewall",Microsoft CVE-2019-0708 guidance,secure@microsoft.com,3.1,false,false,0.011430,0.654550
CVE-2025-48815,2025-07-08,HIGH,7.8,LOCAL,LOW,False,unmitigable,,No documented mitigation that preserves current use; re-role or replace,,secure@microsoft.com,3.1,false,false,0.004310,0.350120
CVE-2025-48816,2025-07-08,HIGH,7.8,LOCAL,LOW,False,unmitigable,,No documented mitigation that preserves current use; re-role or replace,,secure@microsoft.com,3.1,false,false,0.003780,0.292860
CVE-2025-48817,2025-07-08,HIGH,8.8,NETWORK,NONE,False,service_disable,rdp,"Disable Remote Desktop, or require Network Level Authentication and gate by firewall",Microsoft CVE-2019-0708 guidance,secure@microsoft.com,3.1,false,false,0.010490,0.629230
CVE-2025-48818,2025-07-08,MEDIUM,6.8,PHYSICAL,NONE,False,unmitigable,,No documented mitigation that preserves current use; re-role or replace,,secure@microsoft.com,3.1,false,false,0.004900,0.398180
CVE-2025-48819,2025-07-08,HIGH,7.1,ADJACENT_NETWORK,LOW,False,unmitigable,,No documented mitigation that preserves current use; re-role or replace,,secure@microsoft.com,3.1,false,false,0.003630,0.276840
CVE-2025-48820,2025-07-08,HIGH,7.8,LOCAL,LOW,False,unmitigable,,No documented mitigation that preserves current use; re-role or replace,,secure@microsoft.com,3.1,false,false,0.004280,0.346590
CVE-2025-48821,2025-07-08,HIGH,7.1,ADJACENT_NETWORK,LOW,False,unmitigable,,No documented mitigation that preserves current use; re-role or replace,,secure@microsoft.com,3.1,false,false,0.004820,0.392050
CVE-2025-48822,2025-07-08,HIGH,8.6,LOCAL,NONE,False,service_disable,hyperv,Remove the Hyper-V role on endpoints that do not host VMs,Microsoft Hyper-V role guidance,secure@microsoft.com,3.1,false,false,0.007090,0.517070
CVE-2025-48823,2025-07-08,MEDIUM,5.9,NETWORK,NONE,False,network_isolate,network,Segment to a restricted VLAN and block inbound access at the host firewall,,secure@microsoft.com,3.1,false,false,0.006330,0.483670
CVE-2025-49658,2025-07-08,MEDIUM,5.5,LOCAL,LOW,False,unmitigable,,No documented mitigation that preserves current use; re-role or replace,,secure@microsoft.com,3.1,false,false,0.004810,0.391930
CVE-2025-49659,2025-07-08,HIGH,7.8,LOCAL,LOW,False,unmitigable,,No documented mitigation that preserves current use; re-role or replace,,secure@microsoft.com,3.1,false,false,0.003960,0.312920
CVE-2025-49660,2025-07-08,HIGH,7.8,LOCAL,LOW,False,unmitigable,,No documented mitigation that preserves current use; re-role or replace,,secure@microsoft.com,3.1,false,false,0.003780,0.292860
CVE-2025-49661,2025-07-08,HIGH,7.8,LOCAL,LOW,False,unmitigable,,No documented mitigation that preserves current use; re-role or replace,,secure@microsoft.com,3.1,false,false,0.003780,0.292870
CVE-2025-49664,2025-07-08,MEDIUM,5.5,LOCAL,LOW,False,unmitigable,,No documented mitigation that preserves current use; re-role or replace,,secure@microsoft.com,3.1,false,false,0.005700,0.451080
CVE-2025-49665,2025-07-08,HIGH,7.8,LOCAL,LOW,False,unmitigable,,No documented mitigation that preserves current use; re-role or replace,,secure@microsoft.com,3.1,false,false,0.002970,0.202410
CVE-2025-49667,2025-07-08,HIGH,7.8,LOCAL,LOW,False,unmitigable,,No documented mitigation that preserves current use; re-role or replace,,secure@microsoft.com,3.1,false,false,0.005210,0.420450
CVE-2025-49675,2025-07-08,HIGH,7.8,LOCAL,LOW,False,unmitigable,,No documented mitigation that preserves current use; re-role or replace,,secure@microsoft.com,3.1,false,false,0.003780,0.292870
CVE-2025-49677,2025-07-08,HIGH,7.0,LOCAL,LOW,False,unmitigable,,No documented mitigation that preserves current use; re-role or replace,,secure@microsoft.com,3.1,false,false,0.010280,0.622840
CVE-2025-49678,2025-07-08,HIGH,7.0,LOCAL,LOW,False,unmitigable,,No documented mitigation that preserves current use; re-role or replace,,secure@microsoft.com,3.1,false,false,0.002430,0.140000
CVE-2025-49679,2025-07-08,HIGH,7.8,LOCAL,LOW,False,unmitigable,,No documented mitigation that preserves current use; re-role or replace,,secure@microsoft.com,3.1,false,false,0.003950,0.312520
CVE-2025-49680,2025-07-08,HIGH,7.3,LOCAL,LOW,False,unmitigable,,No documented mitigation that preserves current use; re-role or replace,,secure@microsoft.com,3.1,false,false,0.005170,0.417550
CVE-2025-49682,2025-07-08,HIGH,7.3,LOCAL,LOW,False,unmitigable,,No documented mitigation that preserves current use; re-role or replace,,secure@microsoft.com,3.1,false,false,0.005080,0.411240
CVE-2025-49683,2025-07-08,HIGH,7.8,LOCAL,NONE,False,unmitigable,,No documented mitigation that preserves current use; re-role or replace,,secure@microsoft.com,3.1,false,false,0.019460,0.794350
CVE-2025-49684,2025-07-08,MEDIUM,5.5,LOCAL,LOW,False,unmitigable,,No documented mitigation that preserves current use; re-role or replace,,secure@microsoft.com,3.1,false,false,0.004570,0.372810
CVE-2025-49685,2025-07-08,HIGH,7.0,LOCAL,LOW,False,service_disable,search,Disable the Windows Search indexer where not required,Microsoft service hardening guidance,secure@microsoft.com,3.1,false,false,0.003390,0.248600
CVE-2025-49686,2025-07-08,HIGH,7.8,LOCAL,LOW,False,unmitigable,,No documented mitigation that preserves current use; re-role or replace,,secure@microsoft.com,3.1,false,false,0.003930,0.309730
CVE-2025-49687,2025-07-08,HIGH,8.8,LOCAL,LOW,False,unmitigable,,No documented mitigation that preserves current use; re-role or replace,,secure@microsoft.com,3.1,false,false,0.003520,0.264130
CVE-2025-49689,2025-07-08,HIGH,7.8,LOCAL,NONE,False,unmitigable,,No documented mitigation that preserves current use; re-role or replace,,secure@microsoft.com,3.1,false,false,0.006700,0.501160
CVE-2025-49690,2025-07-08,HIGH,7.4,LOCAL,NONE,False,unmitigable,,No documented mitigation that preserves current use; re-role or replace,,secure@microsoft.com,3.1,false,false,0.002600,0.159740
CVE-2025-49691,2025-07-08,HIGH,8.0,ADJACENT_NETWORK,NONE,False,network_isolate,network,Segment to a restricted VLAN and block inbound access at the host firewall,,secure@microsoft.com,3.1,false,false,0.005100,0.413050
CVE-2025-49693,2025-07-08,HIGH,7.8,LOCAL,LOW,False,unmitigable,,No documented mitigation that preserves current use; re-role or replace,,secure@microsoft.com,3.1,false,false,0.003950,0.312750
CVE-2025-49694,2025-07-08,HIGH,7.8,LOCAL,LOW,False,unmitigable,,No documented mitigation that preserves current use; re-role or replace,,secure@microsoft.com,3.1,false,false,0.003950,0.312750
CVE-2025-49708,2025-10-14,CRITICAL,9.9,NETWORK,LOW,False,unmitigable,,No documented mitigation that preserves current use; re-role or replace,,secure@microsoft.com,3.1,false,false,0.012410,0.680320
CVE-2025-49721,2025-07-08,HIGH,7.8,LOCAL,NONE,False,unmitigable,,No documented mitigation that preserves current use; re-role or replace,,secure@microsoft.com,3.1,false,false,0.005120,0.414250
CVE-2025-49722,2025-07-08,MEDIUM,5.7,ADJACENT_NETWORK,LOW,False,service_disable,spooler,Stop and disable the Print Spooler service on devices that do not print,Microsoft ADV / KB5005010,secure@microsoft.com,3.1,false,false,0.005850,0.458940
CVE-2025-49723,2025-07-08,HIGH,8.8,LOCAL,LOW,False,unmitigable,,No documented mitigation that preserves current use; re-role or replace,,secure@microsoft.com,3.1,false,false,0.003270,0.234090
CVE-2025-49724,2025-07-08,HIGH,8.8,NETWORK,NONE,False,network_isolate,network,Segment to a restricted VLAN and block inbound access at the host firewall,,secure@microsoft.com,3.1,false,false,0.087100,0.949790
CVE-2025-49725,2025-07-08,HIGH,7.8,LOCAL,LOW,False,unmitigable,,No documented mitigation that preserves current use; re-role or replace,,secure@microsoft.com,3.1,false,false,0.002930,0.197790
CVE-2025-49726,2025-07-08,HIGH,7.8,LOCAL,LOW,False,unmitigable,,No documented mitigation that preserves current use; re-role or replace,,secure@microsoft.com,3.1,false,false,0.003520,0.264120
CVE-2025-49727,2025-07-08,HIGH,7.0,LOCAL,LOW,False,unmitigable,,No documented mitigation that preserves current use; re-role or replace,,secure@microsoft.com,3.1,false,false,0.003740,0.288740
CVE-2025-49730,2025-07-08,HIGH,7.8,LOCAL,LOW,False,unmitigable,,No documented mitigation that preserves current use; re-role or replace,,secure@microsoft.com,3.1,false,false,0.006290,0.481540
CVE-2025-49732,2025-07-08,HIGH,7.8,LOCAL,LOW,False,unmitigable,,No documented mitigation that preserves current use; re-role or replace,,secure@microsoft.com,3.1,false,false,0.002930,0.197780
CVE-2025-49733,2025-07-08,HIGH,7.8,LOCAL,LOW,False,unmitigable,,No documented mitigation that preserves current use; re-role or replace,,secure@microsoft.com,3.1,false,false,0.002930,0.197790
CVE-2025-49734,2025-09-09,HIGH,7.0,LOCAL,LOW,False,unmitigable,,No documented mitigation that preserves current use; re-role or replace,,secure@microsoft.com,3.1,false,false,0.003310,0.238510
CVE-2025-49740,2025-07-08,HIGH,8.8,NETWORK,NONE,False,network_isolate,network,Segment to a restricted VLAN and block inbound access at the host firewall,,secure@microsoft.com,3.1,false,false,0.008080,0.552210
CVE-2025-49742,2025-07-08,HIGH,7.8,LOCAL,LOW,False,unmitigable,,No documented mitigation that preserves current use; re-role or replace,,secure@microsoft.com,3.1,false,false,0.002930,0.197790
CVE-2025-49743,2025-08-12,MEDIUM,6.7,LOCAL,LOW,False,unmitigable,,No documented mitigation that preserves current use; re-role or replace,,secure@microsoft.com,3.1,false,false,0.005230,0.421630
CVE-2025-49744,2025-07-08,HIGH,7.0,LOCAL,LOW,False,unmitigable,,No documented mitigation that preserves current use; re-role or replace,,secure@microsoft.com,3.1,false,false,0.007680,0.538650
CVE-2025-49751,2025-08-12,MEDIUM,6.8,ADJACENT_NETWORK,LOW,False,service_disable,hyperv,Remove the Hyper-V role on endpoints that do not host VMs,Microsoft Hyper-V role guidance,secure@microsoft.com,3.1,false,false,0.004900,0.398380
CVE-2025-49760,2025-07-08,LOW,3.5,NETWORK,LOW,False,unmitigable,,No documented mitigation that preserves current use; re-role or replace,,secure@microsoft.com,3.1,false,false,0.013940,0.713430
CVE-2025-49761,2025-08-12,HIGH,7.8,LOCAL,LOW,False,unmitigable,,No documented mitigation that preserves current use; re-role or replace,,secure@microsoft.com,3.1,false,false,0.004370,0.356720
CVE-2025-49762,2025-08-12,HIGH,7.0,LOCAL,LOW,False,unmitigable,,No documented mitigation that preserves current use; re-role or replace,,secure@microsoft.com,3.1,false,false,0.002740,0.179020
CVE-2025-50152,2025-10-14,HIGH,7.8,LOCAL,LOW,False,unmitigable,,No documented mitigation that preserves current use; re-role or replace,,secure@microsoft.com,3.1,false,false,0.004240,0.343630
CVE-2025-50153,2025-08-12,HIGH,7.8,LOCAL,LOW,False,unmitigable,,No documented mitigation that preserves current use; re-role or replace,,secure@microsoft.com,3.1,false,false,0.004370,0.356710
CVE-2025-50154,2025-08-12,MEDIUM,6.5,NETWORK,NONE,False,network_isolate,network,Segment to a restricted VLAN and block inbound access at the host firewall,,secure@microsoft.com,3.1,false,false,0.302170,0.981690
CVE-2025-50155,2025-08-12,HIGH,7.8,LOCAL,LOW,False,unmitigable,,No documented mitigation that preserves current use; re-role or replace,,secure@microsoft.com,3.1,false,false,0.004370,0.356710
CVE-2025-50158,2025-08-12,HIGH,7.0,LOCAL,NONE,False,unmitigable,,No documented mitigation that preserves current use; re-role or replace,,secure@microsoft.com,3.1,false,false,0.003770,0.292130
CVE-2025-50159,2025-08-12,HIGH,7.3,LOCAL,LOW,False,unmitigable,,No documented mitigation that preserves current use; re-role or replace,,secure@microsoft.com,3.1,false,false,0.005750,0.453660
CVE-2025-50161,2025-08-12,HIGH,7.3,LOCAL,LOW,False,unmitigable,,No documented mitigation that preserves current use; re-role or replace,,secure@microsoft.com,3.1,false,false,0.005870,0.460140
CVE-2025-50165,2025-08-12,CRITICAL,9.8,NETWORK,NONE,False,network_isolate,network,Segment to a restricted VLAN and block inbound access at the host firewall,,secure@microsoft.com,3.1,false,false,0.102540,0.955450
CVE-2025-50166,2025-08-12,MEDIUM,6.5,NETWORK,LOW,False,unmitigable,,No documented mitigation that preserves current use; re-role or replace,,secure@microsoft.com,3.1,false,false,0.013660,0.708000
CVE-2025-50167,2025-08-12,HIGH,7.0,LOCAL,LOW,False,service_disable,hyperv,Remove the Hyper-V role on endpoints that do not host VMs,Microsoft Hyper-V role guidance,secure@microsoft.com,3.1,false,false,0.003570,0.270670
CVE-2025-50168,2025-08-12,HIGH,7.8,LOCAL,LOW,False,unmitigable,,No documented mitigation that preserves current use; re-role or replace,,secure@microsoft.com,3.1,false,false,0.007760,0.540990
CVE-2025-50169,2025-08-12,HIGH,7.5,NETWORK,NONE,False,network_isolate,network,Segment to a restricted VLAN and block inbound access at the host firewall,,secure@microsoft.com,3.1,false,false,0.006670,0.499900
CVE-2025-50170,2025-08-12,HIGH,7.8,LOCAL,LOW,False,unmitigable,,No documented mitigation that preserves current use; re-role or replace,,secure@microsoft.com,3.1,false,false,0.004030,0.320560
CVE-2025-50172,2025-08-12,MEDIUM,6.5,NETWORK,LOW,False,unmitigable,,No documented mitigation that preserves current use; re-role or replace,,secure@microsoft.com,3.1,false,false,0.014990,0.732900
CVE-2025-50173,2025-08-12,HIGH,7.8,LOCAL,LOW,False,unmitigable,,No documented mitigation that preserves current use; re-role or replace,,secure@microsoft.com,3.1,false,false,0.004990,0.404180
CVE-2025-50174,2025-10-14,HIGH,7.0,LOCAL,LOW,False,unmitigable,,No documented mitigation that preserves current use; re-role or replace,,secure@microsoft.com,3.1,false,false,0.003460,0.257360
CVE-2025-50175,2025-10-14,HIGH,7.8,LOCAL,LOW,False,unmitigable,,No documented mitigation that preserves current use; re-role or replace,,secure@microsoft.com,3.1,false,false,0.004240,0.343620
CVE-2025-50176,2025-08-12,HIGH,7.8,LOCAL,LOW,False,unmitigable,,No documented mitigation that preserves current use; re-role or replace,,secure@microsoft.com,3.1,false,false,0.005380,0.431990
CVE-2025-50177,2025-08-12,HIGH,8.1,NETWORK,NONE,False,network_isolate,network,Segment to a restricted VLAN and block inbound access at the host firewall,,secure@microsoft.com,3.1,false,false,0.043720,0.909560
CVE-2025-53131,2025-08-12,HIGH,8.8,NETWORK,NONE,False,network_isolate,network,Segment to a restricted VLAN and block inbound access at the host firewall,,secure@microsoft.com,3.1,false,false,0.009360,0.593520
CVE-2025-53132,2025-08-12,HIGH,7.8,LOCAL,LOW,False,unmitigable,,No documented mitigation that preserves current use; re-role or replace,,secure@microsoft.com,3.1,false,false,0.004160,0.335470
CVE-2025-53133,2025-08-12,HIGH,7.8,LOCAL,LOW,False,unmitigable,,No documented mitigation that preserves current use; re-role or replace,,secure@microsoft.com,3.1,false,false,0.003570,0.270140
CVE-2025-53134,2025-08-12,HIGH,7.0,LOCAL,LOW,False,unmitigable,,No documented mitigation that preserves current use; re-role or replace,,secure@microsoft.com,3.1,false,false,0.003180,0.224100
CVE-2025-53135,2025-08-12,HIGH,7.0,LOCAL,LOW,False,unmitigable,,No documented mitigation that preserves current use; re-role or replace,,secure@microsoft.com,3.1,false,false,0.002690,0.171840
CVE-2025-53136,2025-08-12,MEDIUM,5.5,LOCAL,LOW,False,unmitigable,,No documented mitigation that preserves current use; re-role or replace,,secure@microsoft.com,3.1,false,false,0.009080,0.584130
CVE-2025-53137,2025-08-12,HIGH,7.0,LOCAL,LOW,False,unmitigable,,No documented mitigation that preserves current use; re-role or replace,,secure@microsoft.com,3.1,false,false,0.003880,0.303820
CVE-2025-53139,2025-10-14,HIGH,7.1,LOCAL,LOW,False,unmitigable,,No documented mitigation that preserves current use; re-role or replace,,nvd@nist.gov,3.1,false,false,0.002850,0.189290
CVE-2025-53140,2025-08-12,HIGH,7.0,LOCAL,LOW,False,unmitigable,,No documented mitigation that preserves current use; re-role or replace,,secure@microsoft.com,3.1,false,false,0.003570,0.270140
CVE-2025-53141,2025-08-12,HIGH,7.8,LOCAL,LOW,False,unmitigable,,No documented mitigation that preserves current use; re-role or replace,,secure@microsoft.com,3.1,false,false,0.004370,0.356710
CVE-2025-53142,2025-08-12,HIGH,7.0,LOCAL,LOW,False,unmitigable,,No documented mitigation that preserves current use; re-role or replace,,secure@microsoft.com,3.1,false,false,0.003600,0.273690
CVE-2025-53143,2025-08-12,HIGH,8.8,NETWORK,LOW,False,unmitigable,,No documented mitigation that preserves current use; re-role or replace,,secure@microsoft.com,3.1,false,false,0.080880,0.946400
CVE-2025-53144,2025-08-12,HIGH,8.8,NETWORK,LOW,False,unmitigable,,No documented mitigation that preserves current use; re-role or replace,,secure@microsoft.com,3.1,false,false,0.075990,0.943590
CVE-2025-53145,2025-08-12,HIGH,8.8,NETWORK,LOW,False,unmitigable,,No documented mitigation that preserves current use; re-role or replace,,secure@microsoft.com,3.1,false,false,0.075990,0.943590
CVE-2025-53147,2025-08-12,HIGH,7.0,LOCAL,LOW,False,unmitigable,,No documented mitigation that preserves current use; re-role or replace,,secure@microsoft.com,3.1,false,false,0.004500,0.367150
CVE-2025-53149,2025-08-12,HIGH,7.8,LOCAL,LOW,False,unmitigable,,No documented mitigation that preserves current use; re-role or replace,,secure@microsoft.com,3.1,false,false,0.007140,0.519270
CVE-2025-53150,2025-10-14,HIGH,7.8,LOCAL,LOW,False,unmitigable,,No documented mitigation that preserves current use; re-role or replace,,secure@microsoft.com,3.1,false,false,0.003200,0.225470
CVE-2025-53151,2025-08-12,HIGH,7.8,LOCAL,LOW,False,unmitigable,,No documented mitigation that preserves current use; re-role or replace,,secure@microsoft.com,3.1,false,false,0.004370,0.356720
CVE-2025-53152,2025-08-12,HIGH,7.8,LOCAL,LOW,False,unmitigable,,No documented mitigation that preserves current use; re-role or replace,,secure@microsoft.com,3.1,false,false,0.004470,0.364730
CVE-2025-53154,2025-08-12,HIGH,7.8,LOCAL,LOW,False,unmitigable,,No documented mitigation that preserves current use; re-role or replace,,secure@microsoft.com,3.1,false,false,0.004370,0.356720
CVE-2025-53155,2025-08-12,HIGH,7.8,LOCAL,LOW,False,service_disable,hyperv,Remove the Hyper-V role on endpoints that do not host VMs,Microsoft Hyper-V role guidance,secure@microsoft.com,3.1,false,false,0.004610,0.375660
CVE-2025-53156,2025-08-12,MEDIUM,5.5,LOCAL,LOW,False,unmitigable,,No documented mitigation that preserves current use; re-role or replace,,secure@microsoft.com,3.1,false,false,0.006720,0.502090
CVE-2025-53716,2025-08-12,MEDIUM,6.5,NETWORK,LOW,False,unmitigable,,No documented mitigation that preserves current use; re-role or replace,,secure@microsoft.com,3.1,false,false,0.014990,0.732900
CVE-2025-53717,2025-10-14,HIGH,7.0,LOCAL,LOW,False,unmitigable,,No documented mitigation that preserves current use; re-role or replace,,secure@microsoft.com,3.1,false,false,0.003460,0.257350
CVE-2025-53718,2025-08-12,HIGH,7.0,LOCAL,LOW,False,unmitigable,,No documented mitigation that preserves current use; re-role or replace,,secure@microsoft.com,3.1,false,false,0.003640,0.278650
CVE-2025-53721,2025-08-12,HIGH,7.0,LOCAL,LOW,False,unmitigable,,No documented mitigation that preserves current use; re-role or replace,,secure@microsoft.com,3.1,false,false,0.003570,0.270150
CVE-2025-53722,2025-08-12,HIGH,7.5,NETWORK,NONE,False,service_disable,rdp,"Disable Remote Desktop, or require Network Level Authentication and gate by firewall",Microsoft CVE-2019-0708 guidance,secure@microsoft.com,3.1,false,false,0.223040,0.976170
CVE-2025-53723,2025-08-12,HIGH,7.8,LOCAL,LOW,False,service_disable,hyperv,Remove the Hyper-V role on endpoints that do not host VMs,Microsoft Hyper-V role guidance,secure@microsoft.com,3.1,false,false,0.004610,0.375660
CVE-2025-53724,2025-08-12,HIGH,7.8,LOCAL,LOW,False,unmitigable,,No documented mitigation that preserves current use; re-role or replace,,secure@microsoft.com,3.1,false,false,0.004470,0.364720
CVE-2025-53725,2025-08-12,HIGH,7.8,LOCAL,LOW,False,unmitigable,,No documented mitigation that preserves current use; re-role or replace,,secure@microsoft.com,3.1,false,false,0.004370,0.356720
CVE-2025-53726,2025-08-12,HIGH,7.8,LOCAL,LOW,False,unmitigable,,No documented mitigation that preserves current use; re-role or replace,,secure@microsoft.com,3.1,false,false,0.004470,0.364730
CVE-2025-53766,2025-08-12,CRITICAL,9.8,NETWORK,NONE,False,network_isolate,network,Segment to a restricted VLAN and block inbound access at the host firewall,,secure@microsoft.com,3.1,false,false,0.080280,0.946020
CVE-2025-53768,2025-10-14,HIGH,7.8,LOCAL,LOW,False,unmitigable,,No documented mitigation that preserves current use; re-role or replace,,secure@microsoft.com,3.1,false,false,0.003200,0.225470
CVE-2025-53778,2025-08-12,HIGH,8.8,NETWORK,LOW,False,unmitigable,,No documented mitigation that preserves current use; re-role or replace,,secure@microsoft.com,3.1,false,false,0.476200,0.988100
CVE-2025-53789,2025-08-12,HIGH,7.8,LOCAL,LOW,False,unmitigable,,No documented mitigation that preserves current use; re-role or replace,,secure@microsoft.com,3.1,false,false,0.003570,0.269730
CVE-2025-53799,2025-09-09,MEDIUM,5.5,LOCAL,NONE,False,unmitigable,,No documented mitigation that preserves current use; re-role or replace,,secure@microsoft.com,3.1,false,false,0.007820,0.543110
CVE-2025-53800,2025-09-09,HIGH,7.8,LOCAL,LOW,False,unmitigable,,No documented mitigation that preserves current use; re-role or replace,,secure@microsoft.com,3.1,false,false,0.005010,0.405780
CVE-2025-53801,2025-09-09,HIGH,7.8,LOCAL,LOW,False,unmitigable,,No documented mitigation that preserves current use; re-role or replace,,secure@microsoft.com,3.1,false,false,0.004570,0.372580
CVE-2025-53802,2025-09-09,HIGH,7.0,LOCAL,LOW,False,service_disable,bluetooth,Disable the Bluetooth radio/stack by policy where unused,Microsoft Bluetooth hardening guidance,secure@microsoft.com,3.1,false,false,0.003840,0.299460
CVE-2025-53803,2025-09-09,MEDIUM,5.5,LOCAL,LOW,False,unmitigable,,No documented mitigation that preserves current use; re-role or replace,,secure@microsoft.com,3.1,false,false,0.006650,0.498820
CVE-2025-53804,2025-09-09,MEDIUM,5.5,LOCAL,LOW,False,unmitigable,,No documented mitigation that preserves current use; re-role or replace,,secure@microsoft.com,3.1,false,false,0.006650,0.498820
CVE-2025-53805,2025-09-09,HIGH,7.5,NETWORK,NONE,False,service_disable,iis,Remove the IIS role from endpoints,Microsoft IIS guidance,secure@microsoft.com,3.1,false,false,0.014410,0.722170
CVE-2025-53807,2025-09-09,HIGH,7.0,LOCAL,LOW,False,unmitigable,,No documented mitigation that preserves current use; re-role or replace,,secure@microsoft.com,3.1,false,false,0.002890,0.193670
CVE-2025-53808,2025-09-09,MEDIUM,6.7,LOCAL,HIGH,False,unmitigable,,No documented mitigation that preserves current use; re-role or replace,,secure@microsoft.com,3.1,false,false,0.004670,0.380600
CVE-2025-53809,2025-09-09,MEDIUM,6.5,NETWORK,LOW,False,unmitigable,,No documented mitigation that preserves current use; re-role or replace,,secure@microsoft.com,3.1,false,false,0.014990,0.732830
CVE-2025-53810,2025-09-09,MEDIUM,6.7,LOCAL,HIGH,False,unmitigable,,No documented mitigation that preserves current use; re-role or replace,,secure@microsoft.com,3.1,false,false,0.004670,0.380590
CVE-2025-54091,2025-09-09,HIGH,7.8,LOCAL,LOW,False,service_disable,hyperv,Remove the Hyper-V role on endpoints that do not host VMs,Microsoft Hyper-V role guidance,secure@microsoft.com,3.1,false,false,0.004570,0.372950
CVE-2025-54092,2025-09-09,HIGH,7.8,LOCAL,LOW,False,service_disable,hyperv,Remove the Hyper-V role on endpoints that do not host VMs,Microsoft Hyper-V role guidance,secure@microsoft.com,3.1,false,false,0.003440,0.254830
CVE-2025-54093,2025-09-09,HIGH,7.0,LOCAL,LOW,False,unmitigable,,No documented mitigation that preserves current use; re-role or replace,,secure@microsoft.com,3.1,false,false,0.003830,0.298530
CVE-2025-54094,2025-09-09,MEDIUM,6.7,LOCAL,HIGH,False,unmitigable,,No documented mitigation that preserves current use; re-role or replace,,secure@microsoft.com,3.1,false,false,0.004670,0.380590
CVE-2025-54098,2025-09-09,HIGH,7.8,LOCAL,LOW,False,service_disable,hyperv,Remove the Hyper-V role on endpoints that do not host VMs,Microsoft Hyper-V role guidance,secure@microsoft.com,3.1,false,false,0.028350,0.861280
CVE-2025-54099,2025-09-09,HIGH,7.0,LOCAL,LOW,False,unmitigable,,No documented mitigation that preserves current use; re-role or replace,,secure@microsoft.com,3.1,false,false,0.003840,0.299830
CVE-2025-54100,2025-12-09,HIGH,7.8,LOCAL,NONE,False,unmitigable,,No documented mitigation that preserves current use; re-role or replace,,secure@microsoft.com,3.1,false,false,0.022340,0.821360
CVE-2025-54101,2025-09-09,MEDIUM,4.8,NETWORK,LOW,False,unmitigable,,No documented mitigation that preserves current use; re-role or replace,,secure@microsoft.com,3.1,false,false,0.025560,0.844920
CVE-2025-54102,2025-09-09,HIGH,7.8,LOCAL,LOW,False,unmitigable,,No documented mitigation that preserves current use; re-role or replace,,secure@microsoft.com,3.1,false,false,0.004570,0.372580
CVE-2025-54103,2025-09-09,HIGH,7.4,LOCAL,NONE,False,unmitigable,,No documented mitigation that preserves current use; re-role or replace,,secure@microsoft.com,3.1,false,false,0.004100,0.327630
CVE-2025-54104,2025-09-09,MEDIUM,6.7,LOCAL,HIGH,False,unmitigable,,No documented mitigation that preserves current use; re-role or replace,,secure@microsoft.com,3.1,false,false,0.004990,0.404120
CVE-2025-54105,2025-09-09,HIGH,7.0,LOCAL,LOW,False,unmitigable,,No documented mitigation that preserves current use; re-role or replace,,secure@microsoft.com,3.1,false,false,0.002910,0.195790
CVE-2025-54107,2025-09-09,MEDIUM,4.3,NETWORK,NONE,False,network_isolate,network,Segment to a restricted VLAN and block inbound access at the host firewall,,secure@microsoft.com,3.1,false,false,0.009160,0.586950
CVE-2025-54108,2025-09-09,HIGH,7.0,LOCAL,LOW,False,unmitigable,,No documented mitigation that preserves current use; re-role or replace,,secure@microsoft.com,3.1,false,false,0.002890,0.193680
CVE-2025-54109,2025-09-09,MEDIUM,6.7,LOCAL,HIGH,False,unmitigable,,No documented mitigation that preserves current use; re-role or replace,,secure@microsoft.com,3.1,false,false,0.004670,0.380590
CVE-2025-54110,2025-09-09,HIGH,8.8,LOCAL,LOW,False,unmitigable,,No documented mitigation that preserves current use; re-role or replace,,secure@microsoft.com,3.1,false,false,0.041520,0.905310
CVE-2025-54111,2025-09-09,HIGH,7.8,LOCAL,LOW,False,unmitigable,,No documented mitigation that preserves current use; re-role or replace,,secure@microsoft.com,3.1,false,false,0.003840,0.299460
CVE-2025-54112,2025-09-09,HIGH,7.0,LOCAL,LOW,False,unmitigable,,No documented mitigation that preserves current use; re-role or replace,,secure@microsoft.com,3.1,false,false,0.003840,0.299460
CVE-2025-54114,2025-09-09,HIGH,7.0,LOCAL,LOW,False,unmitigable,,No documented mitigation that preserves current use; re-role or replace,,secure@microsoft.com,3.1,false,false,0.002890,0.193680
CVE-2025-54115,2025-09-09,HIGH,7.0,LOCAL,LOW,False,service_disable,hyperv,Remove the Hyper-V role on endpoints that do not host VMs,Microsoft Hyper-V role guidance,secure@microsoft.com,3.1,false,false,0.004240,0.343040
CVE-2025-54116,2025-09-09,HIGH,7.3,LOCAL,LOW,False,unmitigable,,No documented mitigation that preserves current use; re-role or replace,,secure@microsoft.com,3.1,false,false,0.005370,0.430850
CVE-2025-54894,2025-09-09,HIGH,7.8,LOCAL,LOW,False,unmitigable,,No documented mitigation that preserves current use; re-role or replace,,secure@microsoft.com,3.1,false,false,0.004570,0.372580
CVE-2025-54895,2025-09-09,HIGH,7.8,LOCAL,LOW,False,unmitigable,,No documented mitigation that preserves current use; re-role or replace,,secure@microsoft.com,3.1,false,false,0.002890,0.193670
CVE-2025-54911,2025-09-09,HIGH,7.3,LOCAL,LOW,False,unmitigable,,No documented mitigation that preserves current use; re-role or replace,,secure@microsoft.com,3.1,false,false,0.006570,0.495260
CVE-2025-54912,2025-09-09,HIGH,7.8,LOCAL,LOW,False,unmitigable,,No documented mitigation that preserves current use; re-role or replace,,secure@microsoft.com,3.1,false,false,0.005000,0.405050
CVE-2025-54913,2025-09-09,HIGH,7.8,LOCAL,LOW,False,unmitigable,,No documented mitigation that preserves current use; re-role or replace,,secure@microsoft.com,3.1,false,false,0.002980,0.203170
CVE-2025-54915,2025-09-09,MEDIUM,6.7,LOCAL,HIGH,False,unmitigable,,No documented mitigation that preserves current use; re-role or replace,,secure@microsoft.com,3.1,false,false,0.004820,0.392300
CVE-2025-54916,2025-09-09,HIGH,7.8,LOCAL,LOW,False,unmitigable,,No documented mitigation that preserves current use; re-role or replace,,secure@microsoft.com,3.1,false,false,0.023440,0.830050
CVE-2025-54917,2025-09-09,MEDIUM,4.3,NETWORK,NONE,False,network_isolate,network,Segment to a restricted VLAN and block inbound access at the host firewall,,secure@microsoft.com,3.1,false,false,0.009030,0.582530
CVE-2025-54918,2025-09-09,HIGH,8.8,NETWORK,LOW,False,unmitigable,,No documented mitigation that preserves current use; re-role or replace,,secure@microsoft.com,3.1,false,false,0.197710,0.973300
CVE-2025-54919,2025-09-09,HIGH,7.5,LOCAL,LOW,False,unmitigable,,No documented mitigation that preserves current use; re-role or replace,,secure@microsoft.com,3.1,false,false,0.003920,0.308490
CVE-2025-55223,2025-09-09,HIGH,7.0,LOCAL,LOW,False,unmitigable,,No documented mitigation that preserves current use; re-role or replace,,secure@microsoft.com,3.1,false,false,0.002980,0.203170
CVE-2025-55224,2025-09-09,HIGH,7.8,LOCAL,LOW,False,unmitigable,,No documented mitigation that preserves current use; re-role or replace,,secure@microsoft.com,3.1,false,false,0.003280,0.234540
CVE-2025-55226,2025-09-09,MEDIUM,6.7,LOCAL,LOW,False,unmitigable,,No documented mitigation that preserves current use; re-role or replace,,secure@microsoft.com,3.1,false,false,0.004880,0.397270
CVE-2025-55228,2025-09-09,HIGH,7.8,LOCAL,LOW,False,unmitigable,,No documented mitigation that preserves current use; re-role or replace,,secure@microsoft.com,3.1,false,false,0.003270,0.234170
CVE-2025-55229,2025-08-21,MEDIUM,5.3,NETWORK,NONE,False,network_isolate,network,Segment to a restricted VLAN and block inbound access at the host firewall,,secure@microsoft.com,3.1,false,false,0.004810,0.391890
CVE-2025-55230,2025-08-21,HIGH,7.8,LOCAL,LOW,False,unmitigable,,No documented mitigation that preserves current use; re-role or replace,,secure@microsoft.com,3.1,false,false,0.003540,0.267550
CVE-2025-55233,2025-12-09,HIGH,7.8,LOCAL,LOW,False,unmitigable,,No documented mitigation that preserves current use; re-role or replace,,secure@microsoft.com,3.1,false,false,0.004010,0.319130
CVE-2025-55234,2025-09-09,CRITICAL,9.8,NETWORK,NONE,False,network_isolate,network,Segment to a restricted VLAN and block inbound access at the host firewall,,nvd@nist.gov,3.1,false,false,0.200920,0.973760
CVE-2025-55236,2025-09-09,HIGH,7.8,LOCAL,LOW,False,unmitigable,,No documented mitigation that preserves current use; re-role or replace,,nvd@nist.gov,3.1,false,false,0.004320,0.350370
CVE-2025-55248,2025-10-14,MEDIUM,5.7,NETWORK,LOW,True,app_update,application,Update the affected application; it services independently of the OS,,nvd@nist.gov,3.1,false,false,0.007200,0.521340
CVE-2025-55325,2025-10-14,MEDIUM,5.5,LOCAL,LOW,False,unmitigable,,No documented mitigation that preserves current use; re-role or replace,,secure@microsoft.com,3.1,false,false,0.005170,0.417950
CVE-2025-55326,2025-10-14,HIGH,7.5,NETWORK,NONE,False,network_isolate,network,Segment to a restricted VLAN and block inbound access at the host firewall,,secure@microsoft.com,3.1,false,false,0.008450,0.564010
CVE-2025-55328,2025-10-14,HIGH,7.0,LOCAL,LOW,False,service_disable,hyperv,Remove the Hyper-V role on endpoints that do not host VMs,Microsoft Hyper-V role guidance,nvd@nist.gov,3.1,false,false,0.002670,0.170290
CVE-2025-55330,2025-10-14,MEDIUM,4.6,PHYSICAL,NONE,False,unmitigable,,No documented mitigation that preserves current use; re-role or replace,,nvd@nist.gov,3.1,false,false,0.005770,0.454530
CVE-2025-55331,2025-10-14,HIGH,7.0,LOCAL,LOW,False,unmitigable,,No documented mitigation that preserves current use; re-role or replace,,secure@microsoft.com,3.1,false,false,0.003460,0.257360
CVE-2025-55332,2025-10-14,MEDIUM,4.6,PHYSICAL,NONE,False,unmitigable,,No documented mitigation that preserves current use; re-role or replace,,nvd@nist.gov,3.1,false,false,0.005770,0.454530
CVE-2025-55333,2025-10-14,MEDIUM,4.6,PHYSICAL,NONE,False,unmitigable,,No documented mitigation that preserves current use; re-role or replace,,nvd@nist.gov,3.1,false,false,0.008550,0.567890
CVE-2025-55334,2025-10-14,MEDIUM,5.5,LOCAL,LOW,False,unmitigable,,No documented mitigation that preserves current use; re-role or replace,,nvd@nist.gov,3.1,false,false,0.003540,0.266460
CVE-2025-55335,2025-10-14,HIGH,7.0,LOCAL,LOW,False,unmitigable,,No documented mitigation that preserves current use; re-role or replace,,nvd@nist.gov,3.1,false,false,0.002630,0.164100
CVE-2025-55336,2025-10-14,MEDIUM,5.5,LOCAL,LOW,False,unmitigable,,No documented mitigation that preserves current use; re-role or replace,,secure@microsoft.com,3.1,false,false,0.006120,0.473540
CVE-2025-55337,2025-10-14,MEDIUM,4.6,PHYSICAL,NONE,False,unmitigable,,No documented mitigation that preserves current use; re-role or replace,,nvd@nist.gov,3.1,false,false,0.005170,0.417720
CVE-2025-55338,2025-10-14,MEDIUM,4.6,PHYSICAL,NONE,False,unmitigable,,No documented mitigation that preserves current use; re-role or replace,,nvd@nist.gov,3.1,false,false,0.030920,0.872520
CVE-2025-55339,2025-10-14,HIGH,7.8,LOCAL,LOW,False,unmitigable,,No documented mitigation that preserves current use; re-role or replace,,secure@microsoft.com,3.1,false,false,0.004240,0.343630
CVE-2025-55340,2025-10-14,HIGH,7.0,LOCAL,LOW,False,service_disable,rdp,"Disable Remote Desktop, or require Network Level Authentication and gate by firewall",Microsoft CVE-2019-0708 guidance,nvd@nist.gov,3.1,false,false,0.003100,0.214830
CVE-2025-55676,2025-10-14,MEDIUM,5.5,LOCAL,LOW,False,unmitigable,,No documented mitigation that preserves current use; re-role or replace,,secure@microsoft.com,3.1,false,false,0.006630,0.498030
CVE-2025-55677,2025-10-14,HIGH,7.8,LOCAL,LOW,False,unmitigable,,No documented mitigation that preserves current use; re-role or replace,,secure@microsoft.com,3.1,false,false,0.004240,0.343640
CVE-2025-55678,2025-10-14,HIGH,7.0,LOCAL,LOW,False,unmitigable,,No documented mitigation that preserves current use; re-role or replace,,secure@microsoft.com,3.1,false,false,0.002920,0.196830
CVE-2025-55679,2025-10-14,MEDIUM,4.7,LOCAL,LOW,False,unmitigable,,No documented mitigation that preserves current use; re-role or replace,,nvd@nist.gov,3.1,false,false,0.004600,0.374660
CVE-2025-55680,2025-10-14,HIGH,7.0,LOCAL,LOW,False,unmitigable,,No documented mitigation that preserves current use; re-role or replace,,nvd@nist.gov,3.1,false,false,0.004320,0.351440
CVE-2025-55681,2025-10-14,HIGH,7.8,LOCAL,LOW,False,unmitigable,,No documented mitigation that preserves current use; re-role or replace,,nvd@nist.gov,3.1,false,false,0.054250,0.924480
CVE-2025-55682,2025-10-14,MEDIUM,4.6,PHYSICAL,NONE,False,unmitigable,,No documented mitigation that preserves current use; re-role or replace,,nvd@nist.gov,3.1,false,false,0.005170,0.417720
CVE-2025-55684,2025-10-14,HIGH,7.0,LOCAL,LOW,False,unmitigable,,No documented mitigation that preserves current use; re-role or replace,,secure@microsoft.com,3.1,false,false,0.003160,0.221090
CVE-2025-55685,2025-10-14,HIGH,7.0,LOCAL,LOW,False,unmitigable,,No documented mitigation that preserves current use; re-role or replace,,secure@microsoft.com,3.1,false,false,0.003460,0.257350
CVE-2025-55686,2025-10-14,HIGH,7.0,LOCAL,LOW,False,unmitigable,,No documented mitigation that preserves current use; re-role or replace,,secure@microsoft.com,3.1,false,false,0.003460,0.257360
CVE-2025-55687,2025-10-14,HIGH,7.0,LOCAL,LOW,False,unmitigable,,No documented mitigation that preserves current use; re-role or replace,,nvd@nist.gov,3.1,false,false,0.002630,0.164110
CVE-2025-55688,2025-10-14,HIGH,7.0,LOCAL,LOW,False,unmitigable,,No documented mitigation that preserves current use; re-role or replace,,secure@microsoft.com,3.1,false,false,0.003160,0.221100
CVE-2025-55689,2025-10-14,HIGH,7.0,LOCAL,LOW,False,unmitigable,,No documented mitigation that preserves current use; re-role or replace,,secure@microsoft.com,3.1,false,false,0.003460,0.257360
CVE-2025-55690,2025-10-14,HIGH,7.0,LOCAL,LOW,False,unmitigable,,No documented mitigation that preserves current use; re-role or replace,,secure@microsoft.com,3.1,false,false,0.003370,0.246810
CVE-2025-55691,2025-10-14,HIGH,7.0,LOCAL,LOW,False,unmitigable,,No documented mitigation that preserves current use; re-role or replace,,secure@microsoft.com,3.1,false,false,0.003160,0.221090
CVE-2025-55692,2025-10-14,HIGH,7.8,LOCAL,LOW,False,unmitigable,,No documented mitigation that preserves current use; re-role or replace,,secure@microsoft.com,3.1,false,false,0.033840,0.883780
CVE-2025-55693,2025-10-14,HIGH,7.0,LOCAL,LOW,False,unmitigable,,No documented mitigation that preserves current use; re-role or replace,,nvd@nist.gov,3.1,false,false,0.020200,0.801990
CVE-2025-55694,2025-10-14,HIGH,7.8,LOCAL,LOW,False,unmitigable,,No documented mitigation that preserves current use; re-role or replace,,secure@microsoft.com,3.1,false,false,0.030280,0.869990
CVE-2025-55695,2025-10-14,LOW,3.3,LOCAL,LOW,False,unmitigable,,No documented mitigation that preserves current use; re-role or replace,,nvd@nist.gov,3.1,false,false,0.004080,0.326310
CVE-2025-55696,2025-10-14,HIGH,7.0,LOCAL,LOW,False,unmitigable,,No documented mitigation that preserves current use; re-role or replace,,nvd@nist.gov,3.1,false,false,0.002230,0.117150
CVE-2025-55698,2025-10-14,HIGH,7.7,NETWORK,LOW,False,unmitigable,,No documented mitigation that preserves current use; re-role or replace,,secure@microsoft.com,3.1,false,false,0.011970,0.669450
CVE-2025-55699,2025-10-14,MEDIUM,5.5,LOCAL,LOW,False,unmitigable,,No documented mitigation that preserves current use; re-role or replace,,secure@microsoft.com,3.1,false,false,0.005280,0.425390
CVE-2025-55700,2025-10-14,MEDIUM,4.3,NETWORK,NONE,False,network_isolate,network,Segment to a restricted VLAN and block inbound access at the host firewall,,nvd@nist.gov,3.1,false,false,0.009740,0.606300
CVE-2025-55701,2025-10-14,HIGH,7.8,LOCAL,LOW,False,unmitigable,,No documented mitigation that preserves current use; re-role or replace,,secure@microsoft.com,3.1,false,false,0.004080,0.326210
CVE-2025-58714,2025-10-14,HIGH,7.8,LOCAL,LOW,False,unmitigable,,No documented mitigation that preserves current use; re-role or replace,,secure@microsoft.com,3.1,false,false,0.002720,0.177310
CVE-2025-58715,2025-10-14,HIGH,8.8,LOCAL,LOW,False,unmitigable,,No documented mitigation that preserves current use; re-role or replace,,secure@microsoft.com,3.1,false,false,0.003950,0.312760
CVE-2025-58716,2025-10-14,HIGH,8.8,LOCAL,LOW,False,unmitigable,,No documented mitigation that preserves current use; re-role or replace,,secure@microsoft.com,3.1,false,false,0.003950,0.312770
CVE-2025-58717,2025-10-14,MEDIUM,4.3,NETWORK,NONE,False,network_isolate,network,Segment to a restricted VLAN and block inbound access at the host firewall,,nvd@nist.gov,3.1,false,false,0.009740,0.606300
CVE-2025-58718,2025-10-14,HIGH,8.8,NETWORK,NONE,False,service_disable,rdp,"Disable Remote Desktop, or require Network Level Authentication and gate by firewall",Microsoft CVE-2019-0708 guidance,secure@microsoft.com,3.1,false,false,0.005960,0.464610
CVE-2025-58719,2025-10-14,MEDIUM,4.7,LOCAL,LOW,False,unmitigable,,No documented mitigation that preserves current use; re-role or replace,,secure@microsoft.com,3.1,false,false,0.003990,0.316440
CVE-2025-58720,2025-10-14,HIGH,7.8,LOCAL,LOW,False,unmitigable,,No documented mitigation that preserves current use; re-role or replace,,secure@microsoft.com,3.1,false,false,0.002070,0.096840
CVE-2025-58722,2025-10-14,HIGH,7.8,LOCAL,LOW,False,unmitigable,,No documented mitigation that preserves current use; re-role or replace,,secure@microsoft.com,3.1,false,false,0.022590,0.823260
CVE-2025-58725,2025-10-14,HIGH,7.0,LOCAL,LOW,False,unmitigable,,No documented mitigation that preserves current use; re-role or replace,,secure@microsoft.com,3.1,false,false,0.002530,0.152460
CVE-2025-58726,2025-10-14,HIGH,7.5,NETWORK,LOW,False,unmitigable,,No documented mitigation that preserves current use; re-role or replace,,secure@microsoft.com,3.1,false,false,0.010140,0.618930
CVE-2025-58727,2025-10-14,HIGH,7.0,LOCAL,LOW,False,unmitigable,,No documented mitigation that preserves current use; re-role or replace,,secure@microsoft.com,3.1,false,false,0.001980,0.086580
CVE-2025-58728,2025-10-14,HIGH,7.8,LOCAL,LOW,False,service_disable,bluetooth,Disable the Bluetooth radio/stack by policy where unused,Microsoft Bluetooth hardening guidance,secure@microsoft.com,3.1,false,false,0.004240,0.343630
CVE-2025-58729,2025-10-14,MEDIUM,6.5,NETWORK,LOW,False,unmitigable,,No documented mitigation that preserves current use; re-role or replace,,secure@microsoft.com,3.1,false,false,0.010560,0.631360
CVE-2025-58730,2025-10-14,HIGH,7.0,LOCAL,NONE,False,unmitigable,,No documented mitigation that preserves current use; re-role or replace,,secure@microsoft.com,3.1,false,false,0.003500,0.262180
CVE-2025-58731,2025-10-14,HIGH,7.0,LOCAL,NONE,False,unmitigable,,No documented mitigation that preserves current use; re-role or replace,,secure@microsoft.com,3.1,false,false,0.003500,0.262190
CVE-2025-58732,2025-10-14,HIGH,7.0,LOCAL,NONE,False,unmitigable,,No documented mitigation that preserves current use; re-role or replace,,secure@microsoft.com,3.1,false,false,0.004780,0.389550
CVE-2025-58733,2025-10-14,HIGH,7.0,LOCAL,NONE,False,unmitigable,,No documented mitigation that preserves current use; re-role or replace,,secure@microsoft.com,3.1,false,false,0.003500,0.262190
CVE-2025-58734,2025-10-14,HIGH,7.0,LOCAL,NONE,False,unmitigable,,No documented mitigation that preserves current use; re-role or replace,,secure@microsoft.com,3.1,false,false,0.003500,0.262190
CVE-2025-58735,2025-10-14,HIGH,7.0,LOCAL,NONE,False,unmitigable,,No documented mitigation that preserves current use; re-role or replace,,secure@microsoft.com,3.1,false,false,0.004780,0.389550
CVE-2025-58736,2025-10-14,HIGH,7.0,LOCAL,NONE,False,unmitigable,,No documented mitigation that preserves current use; re-role or replace,,secure@microsoft.com,3.1,false,false,0.003500,0.262180
CVE-2025-58738,2025-10-14,HIGH,7.0,LOCAL,NONE,False,unmitigable,,No documented mitigation that preserves current use; re-role or replace,,secure@microsoft.com,3.1,false,false,0.003500,0.262190
CVE-2025-58739,2025-10-14,MEDIUM,6.5,NETWORK,NONE,False,network_isolate,network,Segment to a restricted VLAN and block inbound access at the host firewall,,secure@microsoft.com,3.1,false,false,0.008180,0.555510
CVE-2025-59185,2025-10-14,MEDIUM,6.5,NETWORK,NONE,False,network_isolate,network,Segment to a restricted VLAN and block inbound access at the host firewall,,secure@microsoft.com,3.1,false,false,0.011480,0.655750
CVE-2025-59187,2025-10-14,HIGH,7.8,LOCAL,LOW,False,unmitigable,,No documented mitigation that preserves current use; re-role or replace,,secure@microsoft.com,3.1,false,false,0.003050,0.210040
CVE-2025-59189,2025-10-14,HIGH,7.0,LOCAL,LOW,False,unmitigable,,No documented mitigation that preserves current use; re-role or replace,,nvd@nist.gov,3.1,false,false,0.002580,0.157800
CVE-2025-59190,2025-10-14,MEDIUM,5.5,LOCAL,NONE,False,service_disable,search,Disable the Windows Search indexer where not required,Microsoft service hardening guidance,secure@microsoft.com,3.1,false,false,0.005010,0.405980
CVE-2025-59191,2025-10-14,HIGH,7.8,LOCAL,LOW,False,unmitigable,,No documented mitigation that preserves current use; re-role or replace,,secure@microsoft.com,3.1,false,false,0.003170,0.222560
CVE-2025-59192,2025-10-14,HIGH,7.8,LOCAL,LOW,False,unmitigable,,No documented mitigation that preserves current use; re-role or replace,,secure@microsoft.com,3.1,false,false,0.002940,0.197950
CVE-2025-59193,2025-10-14,HIGH,7.0,LOCAL,LOW,False,unmitigable,,No documented mitigation that preserves current use; re-role or replace,,nvd@nist.gov,3.1,false,false,0.001910,0.078680
CVE-2025-59194,2025-10-14,HIGH,7.0,LOCAL,LOW,False,unmitigable,,No documented mitigation that preserves current use; re-role or replace,,secure@microsoft.com,3.1,false,false,0.026740,0.852430
CVE-2025-59195,2025-10-14,HIGH,7.0,LOCAL,LOW,False,unmitigable,,No documented mitigation that preserves current use; re-role or replace,,secure@microsoft.com,3.1,false,false,0.002510,0.148400
CVE-2025-59196,2025-10-14,HIGH,7.0,LOCAL,LOW,False,unmitigable,,No documented mitigation that preserves current use; re-role or replace,,nvd@nist.gov,3.1,false,false,0.002610,0.160890
CVE-2025-59197,2025-10-14,MEDIUM,5.5,LOCAL,LOW,False,unmitigable,,No documented mitigation that preserves current use; re-role or replace,,secure@microsoft.com,3.1,false,false,0.004500,0.367570
CVE-2025-59198,2025-10-14,MEDIUM,5.0,LOCAL,LOW,False,service_disable,search,Disable the Windows Search indexer where not required,Microsoft service hardening guidance,nvd@nist.gov,3.1,false,false,0.004740,0.386460
CVE-2025-59199,2025-10-14,HIGH,7.8,LOCAL,LOW,False,unmitigable,,No documented mitigation that preserves current use; re-role or replace,,secure@microsoft.com,3.1,false,false,0.042380,0.907050
CVE-2025-59200,2025-10-14,HIGH,7.7,LOCAL,NONE,False,unmitigable,,No documented mitigation that preserves current use; re-role or replace,,secure@microsoft.com,3.1,false,false,0.008050,0.551160
CVE-2025-59201,2025-10-14,HIGH,7.8,LOCAL,LOW,False,unmitigable,,No documented mitigation that preserves current use; re-role or replace,,secure@microsoft.com,3.1,false,false,0.004540,0.370360
CVE-2025-59202,2025-10-14,HIGH,7.0,LOCAL,LOW,False,service_disable,rdp,"Disable Remote Desktop, or require Network Level Authentication and gate by firewall",Microsoft CVE-2019-0708 guidance,secure@microsoft.com,3.1,false,false,0.003460,0.257370
CVE-2025-59203,2025-10-14,MEDIUM,5.5,LOCAL,LOW,False,unmitigable,,No documented mitigation that preserves current use; re-role or replace,,secure@microsoft.com,3.1,false,false,0.004500,0.367580
CVE-2025-59204,2025-10-14,MEDIUM,5.5,LOCAL,LOW,False,unmitigable,,No documented mitigation that preserves current use; re-role or replace,,secure@microsoft.com,3.1,false,false,0.005170,0.417950
CVE-2025-59205,2025-10-14,HIGH,7.0,LOCAL,LOW,False,unmitigable,,No documented mitigation that preserves current use; re-role or replace,,secure@microsoft.com,3.1,false,false,0.001980,0.086590
CVE-2025-59206,2025-10-14,HIGH,7.4,LOCAL,NONE,False,unmitigable,,No documented mitigation that preserves current use; re-role or replace,,secure@microsoft.com,3.1,false,false,0.003780,0.293670
CVE-2025-59207,2025-10-14,HIGH,7.8,LOCAL,LOW,False,unmitigable,,No documented mitigation that preserves current use; re-role or replace,,secure@microsoft.com,3.1,false,false,0.004240,0.343630
CVE-2025-59208,2025-10-14,HIGH,7.1,NETWORK,NONE,False,network_isolate,network,Segment to a restricted VLAN and block inbound access at the host firewall,,secure@microsoft.com,3.1,false,false,0.004990,0.404880
CVE-2025-59209,2025-10-14,MEDIUM,5.5,LOCAL,LOW,False,unmitigable,,No documented mitigation that preserves current use; re-role or replace,,secure@microsoft.com,3.1,false,false,0.004670,0.381070
CVE-2025-59210,2025-10-14,HIGH,7.4,LOCAL,NONE,False,unmitigable,,No documented mitigation that preserves current use; re-role or replace,,secure@microsoft.com,3.1,false,false,0.002880,0.192100
CVE-2025-59211,2025-10-14,MEDIUM,5.5,LOCAL,LOW,False,unmitigable,,No documented mitigation that preserves current use; re-role or replace,,secure@microsoft.com,3.1,false,false,0.006120,0.473540
CVE-2025-59214,2025-10-14,MEDIUM,6.5,NETWORK,NONE,False,network_isolate,network,Segment to a restricted VLAN and block inbound access at the host firewall,,secure@microsoft.com,3.1,false,false,0.018420,0.782000
CVE-2025-59215,2025-09-18,HIGH,7.0,LOCAL,LOW,False,unmitigable,,No documented mitigation that preserves current use; re-role or replace,,secure@microsoft.com,3.1,false,false,0.003200,0.225570
CVE-2025-59216,2025-09-18,HIGH,7.0,LOCAL,LOW,False,unmitigable,,No documented mitigation that preserves current use; re-role or replace,,secure@microsoft.com,3.1,false,false,0.002490,0.145880
CVE-2025-59220,2025-09-18,HIGH,7.0,LOCAL,LOW,False,service_disable,bluetooth,Disable the Bluetooth radio/stack by policy where unused,Microsoft Bluetooth hardening guidance,secure@microsoft.com,3.1,false,false,0.002490,0.145880
CVE-2025-59230,2025-10-14,HIGH,7.8,LOCAL,LOW,False,unmitigable,,No documented mitigation that preserves current use; re-role or replace,,secure@microsoft.com,3.1,true,false,0.026570,0.851290
CVE-2025-59241,2025-10-14,HIGH,7.8,LOCAL,LOW,False,unmitigable,,No documented mitigation that preserves current use; re-role or replace,,secure@microsoft.com,3.1,false,false,0.003480,0.259820
CVE-2025-59242,2025-10-14,HIGH,7.8,LOCAL,LOW,False,unmitigable,,No documented mitigation that preserves current use; re-role or replace,,secure@microsoft.com,3.1,false,false,0.004080,0.326210
CVE-2025-59244,2025-10-14,MEDIUM,6.5,NETWORK,NONE,False,network_isolate,network,Segment to a restricted VLAN and block inbound access at the host firewall,,secure@microsoft.com,3.1,false,false,0.008180,0.555510
CVE-2025-59253,2025-10-14,MEDIUM,5.5,LOCAL,LOW,False,service_disable,search,Disable the Windows Search indexer where not required,Microsoft service hardening guidance,secure@microsoft.com,3.1,false,false,0.003370,0.246930
CVE-2025-59254,2025-10-14,HIGH,7.8,LOCAL,LOW,False,unmitigable,,No documented mitigation that preserves current use; re-role or replace,,secure@microsoft.com,3.1,false,false,0.011250,0.650160
CVE-2025-59255,2025-10-14,HIGH,7.8,LOCAL,LOW,False,unmitigable,,No documented mitigation that preserves current use; re-role or replace,,secure@microsoft.com,3.1,false,false,0.004240,0.343620
CVE-2025-59257,2025-10-14,MEDIUM,6.5,NETWORK,LOW,False,unmitigable,,No documented mitigation that preserves current use; re-role or replace,,secure@microsoft.com,3.1,false,false,0.015130,0.735180
CVE-2025-59259,2025-10-14,MEDIUM,6.5,NETWORK,LOW,False,unmitigable,,No documented mitigation that preserves current use; re-role or replace,,secure@microsoft.com,3.1,false,false,0.015130,0.735190
CVE-2025-59261,2025-10-14,HIGH,7.0,LOCAL,LOW,False,unmitigable,,No documented mitigation that preserves current use; re-role or replace,,secure@microsoft.com,3.1,false,false,0.001910,0.078490
CVE-2025-59275,2025-10-14,HIGH,7.8,LOCAL,LOW,False,unmitigable,,No documented mitigation that preserves current use; re-role or replace,,secure@microsoft.com,3.1,false,false,0.002730,0.178240
CVE-2025-59277,2025-10-14,HIGH,7.8,LOCAL,LOW,False,unmitigable,,No documented mitigation that preserves current use; re-role or replace,,secure@microsoft.com,3.1,false,false,0.003800,0.295460
CVE-2025-59278,2025-10-14,HIGH,7.8,LOCAL,LOW,False,unmitigable,,No documented mitigation that preserves current use; re-role or replace,,secure@microsoft.com,3.1,false,false,0.002730,0.178240
CVE-2025-59280,2025-10-14,LOW,3.1,NETWORK,NONE,False,network_isolate,network,Segment to a restricted VLAN and block inbound access at the host firewall,,secure@microsoft.com,3.1,false,false,0.004580,0.373400
CVE-2025-59282,2025-10-14,HIGH,7.0,LOCAL,NONE,False,unmitigable,,No documented mitigation that preserves current use; re-role or replace,,secure@microsoft.com,3.1,false,false,0.006100,0.472220
CVE-2025-59284,2025-10-14,MEDIUM,5.5,LOCAL,NONE,False,unmitigable,,No documented mitigation that preserves current use; re-role or replace,,nvd@nist.gov,3.1,false,false,0.010350,0.625160
CVE-2025-59289,2025-10-14,HIGH,7.0,LOCAL,LOW,False,service_disable,bluetooth,Disable the Bluetooth radio/stack by policy where unused,Microsoft Bluetooth hardening guidance,nvd@nist.gov,3.1,false,false,0.002360,0.132060
CVE-2025-59290,2025-10-14,HIGH,7.8,LOCAL,LOW,False,service_disable,bluetooth,Disable the Bluetooth radio/stack by policy where unused,Microsoft Bluetooth hardening guidance,secure@microsoft.com,3.1,false,false,0.003950,0.312770
CVE-2025-59294,2025-10-14,MEDIUM,4.6,PHYSICAL,NONE,False,unmitigable,,No documented mitigation that preserves current use; re-role or replace,,nvd@nist.gov,3.1,false,false,0.006340,0.484170
CVE-2025-59295,2025-10-14,HIGH,8.8,NETWORK,NONE,False,service_disable,ie,Disable Internet Explorer / MSHTML rendering and set Edge as the only browser,Microsoft IE retirement + ADV guidance,secure@microsoft.com,3.1,false,false,0.019160,0.790850
CVE-2025-59502,2025-10-14,HIGH,7.5,NETWORK,NONE,False,network_isolate,network,Segment to a restricted VLAN and block inbound access at the host firewall,,secure@microsoft.com,3.1,false,false,0.010630,0.633420
CVE-2025-59505,2025-11-11,HIGH,7.8,LOCAL,LOW,False,unmitigable,,No documented mitigation that preserves current use; re-role or replace,,secure@microsoft.com,3.1,false,false,0.004010,0.319130
CVE-2025-59506,2025-11-11,HIGH,7.0,LOCAL,LOW,False,unmitigable,,No documented mitigation that preserves current use; re-role or replace,,secure@microsoft.com,3.1,false,false,0.002460,0.143760
CVE-2025-59507,2025-11-11,HIGH,7.0,LOCAL,LOW,False,unmitigable,,No documented mitigation that preserves current use; re-role or replace,,secure@microsoft.com,3.1,false,false,0.002460,0.143760
CVE-2025-59508,2025-11-11,HIGH,7.0,LOCAL,LOW,False,unmitigable,,No documented mitigation that preserves current use; re-role or replace,,secure@microsoft.com,3.1,false,false,0.002460,0.143770
CVE-2025-59509,2025-11-11,MEDIUM,5.5,LOCAL,LOW,False,unmitigable,,No documented mitigation that preserves current use; re-role or replace,,secure@microsoft.com,3.1,false,false,0.005530,0.440930
CVE-2025-59510,2025-11-11,MEDIUM,5.5,LOCAL,LOW,False,unmitigable,,No documented mitigation that preserves current use; re-role or replace,,secure@microsoft.com,3.1,false,false,0.005000,0.405450
CVE-2025-59511,2025-11-11,HIGH,7.8,LOCAL,LOW,False,unmitigable,,No documented mitigation that preserves current use; re-role or replace,,secure@microsoft.com,3.1,false,false,0.003750,0.290070
CVE-2025-59512,2025-11-11,HIGH,7.8,LOCAL,LOW,False,unmitigable,,No documented mitigation that preserves current use; re-role or replace,,secure@microsoft.com,3.1,false,false,0.029310,0.865870
CVE-2025-59513,2025-11-11,MEDIUM,5.5,LOCAL,LOW,False,service_disable,bluetooth,Disable the Bluetooth radio/stack by policy where unused,Microsoft Bluetooth hardening guidance,secure@microsoft.com,3.1,false,false,0.004670,0.380870
CVE-2025-59514,2025-11-11,HIGH,7.8,LOCAL,LOW,False,unmitigable,,No documented mitigation that preserves current use; re-role or replace,,secure@microsoft.com,3.1,false,false,0.003590,0.272370
CVE-2025-59515,2025-11-11,HIGH,7.0,LOCAL,LOW,False,unmitigable,,No documented mitigation that preserves current use; re-role or replace,,secure@microsoft.com,3.1,false,false,0.003270,0.234420
CVE-2025-59516,2025-12-09,HIGH,7.8,LOCAL,LOW,False,unmitigable,,No documented mitigation that preserves current use; re-role or replace,,secure@microsoft.com,3.1,false,false,0.023420,0.829920
CVE-2025-59517,2025-12-09,HIGH,7.8,LOCAL,LOW,False,unmitigable,,No documented mitigation that preserves current use; re-role or replace,,secure@microsoft.com,3.1,false,false,0.024520,0.837940
CVE-2025-60703,2025-11-11,HIGH,7.8,LOCAL,LOW,False,service_disable,rdp,"Disable Remote Desktop, or require Network Level Authentication and gate by firewall",Microsoft CVE-2019-0708 guidance,secure@microsoft.com,3.1,false,false,0.004150,0.333630
CVE-2025-60704,2025-11-11,HIGH,7.5,NETWORK,NONE,False,network_isolate,network,Segment to a restricted VLAN and block inbound access at the host firewall,,secure@microsoft.com,3.1,false,false,0.005280,0.425370
CVE-2025-60705,2025-11-11,HIGH,7.8,LOCAL,LOW,False,unmitigable,,No documented mitigation that preserves current use; re-role or replace,,secure@microsoft.com,3.1,false,false,0.024050,0.834410
CVE-2025-60706,2025-11-11,MEDIUM,5.5,LOCAL,LOW,False,service_disable,hyperv,Remove the Hyper-V role on endpoints that do not host VMs,Microsoft Hyper-V role guidance,secure@microsoft.com,3.1,false,false,0.004670,0.380870
CVE-2025-60707,2025-11-11,HIGH,7.8,LOCAL,LOW,False,unmitigable,,No documented mitigation that preserves current use; re-role or replace,,secure@microsoft.com,3.1,false,false,0.004920,0.399200
CVE-2025-60708,2025-11-11,MEDIUM,6.5,LOCAL,LOW,False,unmitigable,,No documented mitigation that preserves current use; re-role or replace,,secure@microsoft.com,3.1,false,false,0.004610,0.376060
CVE-2025-60709,2025-11-11,HIGH,7.8,LOCAL,LOW,False,unmitigable,,No documented mitigation that preserves current use; re-role or replace,,secure@microsoft.com,3.1,false,false,0.004980,0.403700
CVE-2025-60710,2025-11-11,HIGH,7.8,LOCAL,LOW,False,unmitigable,,No documented mitigation that preserves current use; re-role or replace,,secure@microsoft.com,3.1,true,true,0.045980,0.913550
CVE-2025-60714,2025-11-11,HIGH,7.8,LOCAL,NONE,False,unmitigable,,No documented mitigation that preserves current use; re-role or replace,,secure@microsoft.com,3.1,false,false,0.005760,0.454360
CVE-2025-60715,2025-11-11,HIGH,8.0,NETWORK,LOW,False,unmitigable,,No documented mitigation that preserves current use; re-role or replace,,secure@microsoft.com,3.1,false,false,0.007910,0.546010
CVE-2025-60716,2025-11-11,HIGH,7.0,LOCAL,LOW,False,unmitigable,,No documented mitigation that preserves current use; re-role or replace,,secure@microsoft.com,3.1,false,false,0.003590,0.272510
CVE-2025-60717,2025-11-11,HIGH,7.0,LOCAL,LOW,False,unmitigable,,No documented mitigation that preserves current use; re-role or replace,,secure@microsoft.com,3.1,false,false,0.003270,0.234410
CVE-2025-60718,2025-11-11,HIGH,7.8,LOCAL,LOW,False,unmitigable,,No documented mitigation that preserves current use; re-role or replace,,secure@microsoft.com,3.1,false,false,0.004110,0.328970
CVE-2025-60719,2025-11-11,HIGH,7.0,LOCAL,LOW,False,unmitigable,,No documented mitigation that preserves current use; re-role or replace,,secure@microsoft.com,3.1,false,false,0.017970,0.776200
CVE-2025-60720,2025-11-11,HIGH,7.8,LOCAL,LOW,False,unmitigable,,No documented mitigation that preserves current use; re-role or replace,,secure@microsoft.com,3.1,false,false,0.004010,0.319140
CVE-2025-60721,2025-11-11,HIGH,7.8,LOCAL,LOW,False,unmitigable,,No documented mitigation that preserves current use; re-role or replace,,secure@microsoft.com,3.1,false,false,0.003590,0.272370
CVE-2025-60723,2025-11-11,MEDIUM,6.3,NETWORK,LOW,False,unmitigable,,No documented mitigation that preserves current use; re-role or replace,,secure@microsoft.com,3.1,false,false,0.008020,0.550000
CVE-2025-60724,2025-11-11,CRITICAL,9.8,NETWORK,NONE,False,network_isolate,network,Segment to a restricted VLAN and block inbound access at the host firewall,,secure@microsoft.com,3.1,false,false,0.058750,0.929750
CVE-2025-62208,2025-11-11,MEDIUM,5.5,LOCAL,LOW,False,unmitigable,,No documented mitigation that preserves current use; re-role or replace,,secure@microsoft.com,3.1,false,false,0.005150,0.416550
CVE-2025-62209,2025-11-11,MEDIUM,5.5,LOCAL,LOW,False,unmitigable,,No documented mitigation that preserves current use; re-role or replace,,secure@microsoft.com,3.1,false,false,0.005150,0.416550
CVE-2025-62213,2025-11-11,HIGH,7.0,LOCAL,LOW,False,unmitigable,,No documented mitigation that preserves current use; re-role or replace,,secure@microsoft.com,3.1,false,false,0.015950,0.747920
CVE-2025-62215,2025-11-11,HIGH,7.0,LOCAL,LOW,False,unmitigable,,No documented mitigation that preserves current use; re-role or replace,,secure@microsoft.com,3.1,true,false,0.059850,0.930760
CVE-2025-62217,2025-11-11,HIGH,7.0,LOCAL,LOW,False,unmitigable,,No documented mitigation that preserves current use; re-role or replace,,secure@microsoft.com,3.1,false,false,0.002500,0.147620
CVE-2025-62218,2025-11-11,HIGH,7.0,LOCAL,LOW,False,unmitigable,,No documented mitigation that preserves current use; re-role or replace,,secure@microsoft.com,3.1,false,false,0.002370,0.133230
CVE-2025-62219,2025-11-11,HIGH,7.0,LOCAL,LOW,False,unmitigable,,No documented mitigation that preserves current use; re-role or replace,,secure@microsoft.com,3.1,false,false,0.002370,0.133230
CVE-2025-62221,2025-12-09,HIGH,7.8,LOCAL,LOW,False,unmitigable,,No documented mitigation that preserves current use; re-role or replace,,secure@microsoft.com,3.1,true,false,0.025050,0.841410
CVE-2025-62452,2025-11-11,HIGH,8.0,NETWORK,LOW,False,unmitigable,,No documented mitigation that preserves current use; re-role or replace,,secure@microsoft.com,3.1,false,false,0.007910,0.546000
CVE-2025-62454,2025-12-09,HIGH,7.8,LOCAL,LOW,False,unmitigable,,No documented mitigation that preserves current use; re-role or replace,,secure@microsoft.com,3.1,false,false,0.023120,0.827520
CVE-2025-62456,2025-12-09,HIGH,8.8,NETWORK,LOW,False,unmitigable,,No documented mitigation that preserves current use; re-role or replace,,secure@microsoft.com,3.1,false,false,0.011050,0.645230
CVE-2025-62457,2025-12-09,HIGH,7.8,LOCAL,LOW,False,unmitigable,,No documented mitigation that preserves current use; re-role or replace,,secure@microsoft.com,3.1,false,false,0.004020,0.319560
CVE-2025-62458,2025-12-09,HIGH,7.8,LOCAL,LOW,False,unmitigable,,No documented mitigation that preserves current use; re-role or replace,,secure@microsoft.com,3.1,false,false,0.006570,0.495490
CVE-2025-62461,2025-12-09,HIGH,7.8,LOCAL,LOW,False,unmitigable,,No documented mitigation that preserves current use; re-role or replace,,secure@microsoft.com,3.1,false,false,0.004010,0.319150
CVE-2025-62462,2025-12-09,HIGH,7.8,LOCAL,LOW,False,unmitigable,,No documented mitigation that preserves current use; re-role or replace,,secure@microsoft.com,3.1,false,false,0.004010,0.319130
CVE-2025-62463,2025-12-09,MEDIUM,6.5,LOCAL,LOW,False,unmitigable,,No documented mitigation that preserves current use; re-role or replace,,secure@microsoft.com,3.1,false,false,0.004610,0.376060
CVE-2025-62464,2025-12-09,HIGH,7.8,LOCAL,LOW,False,unmitigable,,No documented mitigation that preserves current use; re-role or replace,,secure@microsoft.com,3.1,false,false,0.004010,0.319140
CVE-2025-62465,2025-12-09,MEDIUM,6.5,LOCAL,LOW,False,unmitigable,,No documented mitigation that preserves current use; re-role or replace,,secure@microsoft.com,3.1,false,false,0.004610,0.376060
CVE-2025-62466,2025-12-09,HIGH,7.8,LOCAL,LOW,False,unmitigable,,No documented mitigation that preserves current use; re-role or replace,,secure@microsoft.com,3.1,false,false,0.004020,0.319570
CVE-2025-62467,2025-12-09,HIGH,7.8,LOCAL,LOW,False,unmitigable,,No documented mitigation that preserves current use; re-role or replace,,secure@microsoft.com,3.1,false,false,0.004010,0.319120
CVE-2025-62468,2025-12-09,MEDIUM,5.5,LOCAL,LOW,False,unmitigable,,No documented mitigation that preserves current use; re-role or replace,,secure@microsoft.com,3.1,false,false,0.005240,0.423070
CVE-2025-62469,2025-12-09,HIGH,7.0,LOCAL,LOW,False,unmitigable,,No documented mitigation that preserves current use; re-role or replace,,secure@microsoft.com,3.1,false,false,0.002490,0.145820
CVE-2025-62470,2025-12-09,HIGH,7.8,LOCAL,LOW,False,unmitigable,,No documented mitigation that preserves current use; re-role or replace,,secure@microsoft.com,3.1,false,false,0.005070,0.410200
CVE-2025-62472,2025-12-09,HIGH,7.8,LOCAL,LOW,False,unmitigable,,No documented mitigation that preserves current use; re-role or replace,,secure@microsoft.com,3.1,false,false,0.022010,0.818610
CVE-2025-62473,2025-12-09,MEDIUM,6.5,NETWORK,NONE,False,network_isolate,network,Segment to a restricted VLAN and block inbound access at the host firewall,,secure@microsoft.com,3.1,false,false,0.010780,0.637410
CVE-2025-62474,2025-12-09,HIGH,7.8,LOCAL,LOW,False,unmitigable,,No documented mitigation that preserves current use; re-role or replace,,secure@microsoft.com,3.1,false,false,0.003660,0.280740
CVE-2025-62549,2025-12-09,HIGH,8.8,NETWORK,NONE,False,network_isolate,network,Segment to a restricted VLAN and block inbound access at the host firewall,,secure@microsoft.com,3.1,false,false,0.013180,0.697290
CVE-2025-62565,2025-12-09,HIGH,7.3,LOCAL,LOW,False,unmitigable,,No documented mitigation that preserves current use; re-role or replace,,secure@microsoft.com,3.1,false,false,0.005660,0.448800
CVE-2025-62567,2025-12-09,MEDIUM,5.3,NETWORK,LOW,False,service_disable,hyperv,Remove the Hyper-V role on endpoints that do not host VMs,Microsoft Hyper-V role guidance,secure@microsoft.com,3.1,false,false,0.010310,0.623960
CVE-2025-62569,2025-12-09,HIGH,7.0,LOCAL,LOW,False,unmitigable,,No documented mitigation that preserves current use; re-role or replace,,secure@microsoft.com,3.1,false,false,0.003300,0.237240
CVE-2025-62570,2025-12-09,MEDIUM,5.5,LOCAL,LOW,False,unmitigable,,No documented mitigation that preserves current use; re-role or replace,,nvd@nist.gov,3.1,false,false,0.004040,0.321810
CVE-2025-62571,2025-12-09,HIGH,7.8,LOCAL,LOW,False,unmitigable,,No documented mitigation that preserves current use; re-role or replace,,secure@microsoft.com,3.1,false,false,0.004010,0.319140
CVE-2025-62572,2025-12-09,HIGH,7.8,LOCAL,LOW,False,unmitigable,,No documented mitigation that preserves current use; re-role or replace,,secure@microsoft.com,3.1,false,false,0.004010,0.319130
CVE-2025-62573,2025-12-09,HIGH,7.0,LOCAL,LOW,False,unmitigable,,No documented mitigation that preserves current use; re-role or replace,,secure@microsoft.com,3.1,false,false,0.002460,0.143760
CVE-2025-64658,2025-12-09,HIGH,7.5,LOCAL,LOW,False,unmitigable,,No documented mitigation that preserves current use; re-role or replace,,nvd@nist.gov,3.1,false,false,0.003120,0.217030
CVE-2025-64661,2025-12-09,HIGH,7.8,LOCAL,LOW,False,unmitigable,,No documented mitigation that preserves current use; re-role or replace,,secure@microsoft.com,3.1,false,false,0.002500,0.147270
CVE-2025-64670,2025-12-09,MEDIUM,6.5,NETWORK,LOW,False,unmitigable,,No documented mitigation that preserves current use; re-role or replace,,secure@microsoft.com,3.1,false,false,0.010020,0.615070
CVE-2025-64673,2025-12-09,HIGH,7.8,LOCAL,LOW,False,unmitigable,,No documented mitigation that preserves current use; re-role or replace,,secure@microsoft.com,3.1,false,false,0.003660,0.280430
CVE-2025-64678,2025-12-09,HIGH,8.8,NETWORK,NONE,False,network_isolate,network,Segment to a restricted VLAN and block inbound access at the host firewall,,secure@microsoft.com,3.1,false,false,0.010320,0.624100
CVE-2025-64679,2025-12-09,HIGH,7.8,LOCAL,LOW,False,unmitigable,,No documented mitigation that preserves current use; re-role or replace,,secure@microsoft.com,3.1,false,false,0.004520,0.368990
CVE-2025-64680,2025-12-09,HIGH,7.8,LOCAL,LOW,False,unmitigable,,No documented mitigation that preserves current use; re-role or replace,,secure@microsoft.com,3.1,false,false,0.003740,0.288910
CVE-2025-9491,2025-08-26,MEDIUM,4.6,LOCAL,NONE,False,unmitigable,,No documented mitigation that preserves current use; re-role or replace,,134c704f-9b21-4f2e-91b3-4a467353bcc0,4.0,false,false,0.688640,0.993290
CVE-2026-20804,2026-01-13,HIGH,7.7,LOCAL,NONE,False,unmitigable,,No documented mitigation that preserves current use; re-role or replace,,secure@microsoft.com,3.1,false,false,0.005080,0.411430
CVE-2026-20805,2026-01-13,MEDIUM,5.5,LOCAL,LOW,False,unmitigable,,No documented mitigation that preserves current use; re-role or replace,,secure@microsoft.com,3.1,true,false,0.072030,0.941150
CVE-2026-20806,2026-04-14,MEDIUM,5.5,LOCAL,LOW,False,unmitigable,,No documented mitigation that preserves current use; re-role or replace,,secure@microsoft.com,3.1,false,false,0.003410,0.251530
CVE-2026-20808,2026-01-13,HIGH,7.0,LOCAL,LOW,False,unmitigable,,No documented mitigation that preserves current use; re-role or replace,,secure@microsoft.com,3.1,false,false,0.002970,0.202350
CVE-2026-20809,2026-01-13,HIGH,7.8,LOCAL,LOW,False,unmitigable,,No documented mitigation that preserves current use; re-role or replace,,secure@microsoft.com,3.1,false,false,0.003640,0.278710
CVE-2026-20811,2026-01-13,HIGH,7.8,LOCAL,LOW,False,unmitigable,,No documented mitigation that preserves current use; re-role or replace,,secure@microsoft.com,3.1,false,false,0.004940,0.401170
CVE-2026-20812,2026-01-13,MEDIUM,6.5,NETWORK,LOW,False,unmitigable,,No documented mitigation that preserves current use; re-role or replace,,secure@microsoft.com,3.1,false,false,0.011380,0.653540
CVE-2026-20814,2026-01-13,HIGH,7.0,LOCAL,LOW,False,unmitigable,,No documented mitigation that preserves current use; re-role or replace,,secure@microsoft.com,3.1,false,false,0.002970,0.202350
CVE-2026-20815,2026-01-13,HIGH,7.0,LOCAL,LOW,False,unmitigable,,No documented mitigation that preserves current use; re-role or replace,,secure@microsoft.com,3.1,false,false,0.002970,0.202350
CVE-2026-20816,2026-01-13,HIGH,7.0,LOCAL,LOW,False,unmitigable,,No documented mitigation that preserves current use; re-role or replace,,nvd@nist.gov,3.1,false,false,0.024730,0.839370
CVE-2026-20817,2026-01-13,HIGH,7.8,LOCAL,LOW,False,unmitigable,,No documented mitigation that preserves current use; re-role or replace,,secure@microsoft.com,3.1,false,false,0.055020,0.925260
CVE-2026-20819,2026-01-13,MEDIUM,5.5,LOCAL,LOW,False,unmitigable,,No documented mitigation that preserves current use; re-role or replace,,secure@microsoft.com,3.1,false,false,0.005510,0.439930
CVE-2026-20820,2026-01-13,HIGH,7.8,LOCAL,LOW,False,unmitigable,,No documented mitigation that preserves current use; re-role or replace,,secure@microsoft.com,3.1,false,false,0.026020,0.847860
CVE-2026-20821,2026-01-13,MEDIUM,6.2,LOCAL,NONE,False,unmitigable,,No documented mitigation that preserves current use; re-role or replace,,secure@microsoft.com,3.1,false,false,0.007060,0.515810
CVE-2026-20822,2026-01-13,HIGH,7.8,LOCAL,LOW,False,unmitigable,,No documented mitigation that preserves current use; re-role or replace,,secure@microsoft.com,3.1,false,false,0.003950,0.312400
CVE-2026-20823,2026-01-13,MEDIUM,5.5,LOCAL,LOW,False,unmitigable,,No documented mitigation that preserves current use; re-role or replace,,secure@microsoft.com,3.1,false,false,0.006670,0.500030
CVE-2026-20824,2026-01-13,MEDIUM,5.5,LOCAL,NONE,False,service_disable,remote_assist,Disable Remote Assistance by Group Policy,Microsoft security baseline,secure@microsoft.com,3.1,false,false,0.008690,0.572240
CVE-2026-20825,2026-01-13,MEDIUM,4.4,LOCAL,HIGH,False,service_disable,hyperv,Remove the Hyper-V role on endpoints that do not host VMs,Microsoft Hyper-V role guidance,secure@microsoft.com,3.1,false,false,0.005400,0.433130
CVE-2026-20826,2026-01-13,HIGH,7.0,LOCAL,LOW,False,unmitigable,,No documented mitigation that preserves current use; re-role or replace,,nvd@nist.gov,3.1,false,false,0.003050,0.209700
CVE-2026-20827,2026-01-13,MEDIUM,5.5,LOCAL,LOW,False,unmitigable,,No documented mitigation that preserves current use; re-role or replace,,secure@microsoft.com,3.1,false,false,0.006670,0.500030
CVE-2026-20828,2026-01-13,MEDIUM,4.6,PHYSICAL,NONE,False,unmitigable,,No documented mitigation that preserves current use; re-role or replace,,secure@microsoft.com,3.1,false,false,0.006530,0.493770
CVE-2026-20829,2026-01-13,MEDIUM,5.5,LOCAL,LOW,False,unmitigable,,No documented mitigation that preserves current use; re-role or replace,,secure@microsoft.com,3.1,false,false,0.005640,0.447440
CVE-2026-20831,2026-01-13,HIGH,7.0,LOCAL,LOW,False,unmitigable,,No documented mitigation that preserves current use; re-role or replace,,nvd@nist.gov,3.1,false,false,0.003050,0.209700
CVE-2026-20832,2026-01-13,HIGH,7.8,LOCAL,LOW,False,unmitigable,,No documented mitigation that preserves current use; re-role or replace,,secure@microsoft.com,3.1,false,false,0.004850,0.394100
CVE-2026-20834,2026-01-13,MEDIUM,4.6,PHYSICAL,NONE,False,unmitigable,,No documented mitigation that preserves current use; re-role or replace,,secure@microsoft.com,3.1,false,false,0.007500,0.532140
CVE-2026-20835,2026-01-13,MEDIUM,5.5,LOCAL,LOW,False,unmitigable,,No documented mitigation that preserves current use; re-role or replace,,secure@microsoft.com,3.1,false,false,0.005640,0.447440
CVE-2026-20836,2026-01-13,HIGH,7.0,LOCAL,LOW,False,unmitigable,,No documented mitigation that preserves current use; re-role or replace,,secure@microsoft.com,3.1,false,false,0.002970,0.202350
CVE-2026-20837,2026-01-13,HIGH,7.8,LOCAL,NONE,False,unmitigable,,No documented mitigation that preserves current use; re-role or replace,,secure@microsoft.com,3.1,false,false,0.006950,0.511810
CVE-2026-20838,2026-01-13,MEDIUM,5.5,LOCAL,LOW,False,unmitigable,,No documented mitigation that preserves current use; re-role or replace,,secure@microsoft.com,3.1,false,false,0.006670,0.500020
CVE-2026-20839,2026-01-13,MEDIUM,5.5,LOCAL,LOW,False,unmitigable,,No documented mitigation that preserves current use; re-role or replace,,secure@microsoft.com,3.1,false,false,0.004880,0.396350
CVE-2026-20840,2026-01-13,HIGH,7.8,LOCAL,LOW,False,unmitigable,,No documented mitigation that preserves current use; re-role or replace,,secure@microsoft.com,3.1,false,false,0.046560,0.914470
CVE-2026-20842,2026-01-13,HIGH,7.0,LOCAL,LOW,False,unmitigable,,No documented mitigation that preserves current use; re-role or replace,,secure@microsoft.com,3.1,false,false,0.003950,0.312400
CVE-2026-20843,2026-01-13,HIGH,7.8,LOCAL,LOW,False,unmitigable,,No documented mitigation that preserves current use; re-role or replace,,secure@microsoft.com,3.1,false,false,0.034990,0.887640
CVE-2026-20844,2026-01-13,HIGH,7.4,LOCAL,NONE,False,unmitigable,,No documented mitigation that preserves current use; re-role or replace,,secure@microsoft.com,3.1,false,false,0.003250,0.231810
CVE-2026-20846,2026-02-10,HIGH,7.5,NETWORK,NONE,False,network_isolate,network,Segment to a restricted VLAN and block inbound access at the host firewall,,secure@microsoft.com,3.1,false,false,0.014220,0.718740
CVE-2026-20847,2026-01-13,MEDIUM,6.5,NETWORK,LOW,False,unmitigable,,No documented mitigation that preserves current use; re-role or replace,,secure@microsoft.com,3.1,false,false,0.013690,0.708630
CVE-2026-20848,2026-01-13,HIGH,7.5,NETWORK,LOW,False,unmitigable,,No documented mitigation that preserves current use; re-role or replace,,secure@microsoft.com,3.1,false,false,0.007560,0.534150
CVE-2026-20849,2026-01-13,HIGH,7.5,NETWORK,LOW,False,unmitigable,,No documented mitigation that preserves current use; re-role or replace,,secure@microsoft.com,3.1,false,false,0.010260,0.622310
CVE-2026-20851,2026-01-13,MEDIUM,6.2,LOCAL,NONE,False,unmitigable,,No documented mitigation that preserves current use; re-role or replace,,secure@microsoft.com,3.1,false,false,0.005960,0.464590
CVE-2026-20852,2026-01-13,HIGH,7.7,LOCAL,NONE,False,unmitigable,,No documented mitigation that preserves current use; re-role or replace,,secure@microsoft.com,3.1,false,false,0.005080,0.411420
CVE-2026-20853,2026-01-13,HIGH,7.4,LOCAL,NONE,False,unmitigable,,No documented mitigation that preserves current use; re-role or replace,,secure@microsoft.com,3.1,false,false,0.003180,0.223960
CVE-2026-20854,2026-01-13,HIGH,7.5,NETWORK,LOW,False,unmitigable,,No documented mitigation that preserves current use; re-role or replace,,secure@microsoft.com,3.1,false,false,0.011000,0.643940
CVE-2026-20856,2026-01-13,HIGH,8.1,NETWORK,NONE,False,network_isolate,network,Segment to a restricted VLAN and block inbound access at the host firewall,,secure@microsoft.com,3.1,false,false,0.011330,0.652000
CVE-2026-20857,2026-01-13,HIGH,7.8,LOCAL,LOW,False,unmitigable,,No documented mitigation that preserves current use; re-role or replace,,secure@microsoft.com,3.1,false,false,0.004850,0.394090
CVE-2026-20858,2026-01-13,HIGH,7.8,LOCAL,LOW,False,unmitigable,,No documented mitigation that preserves current use; re-role or replace,,secure@microsoft.com,3.1,false,false,0.002970,0.202340
CVE-2026-20859,2026-01-13,HIGH,7.8,LOCAL,LOW,False,unmitigable,,No documented mitigation that preserves current use; re-role or replace,,secure@microsoft.com,3.1,false,false,0.004840,0.393760
CVE-2026-20860,2026-01-13,HIGH,7.8,LOCAL,LOW,False,unmitigable,,No documented mitigation that preserves current use; re-role or replace,,secure@microsoft.com,3.1,false,false,0.084000,0.948130
CVE-2026-20861,2026-01-13,HIGH,7.8,LOCAL,LOW,False,unmitigable,,No documented mitigation that preserves current use; re-role or replace,,secure@microsoft.com,3.1,false,false,0.002970,0.202330
CVE-2026-20862,2026-01-13,MEDIUM,5.5,LOCAL,LOW,False,unmitigable,,No documented mitigation that preserves current use; re-role or replace,,secure@microsoft.com,3.1,false,false,0.006470,0.490570
CVE-2026-20863,2026-01-13,HIGH,7.0,LOCAL,LOW,False,unmitigable,,No documented mitigation that preserves current use; re-role or replace,,secure@microsoft.com,3.1,false,false,0.003950,0.312400
CVE-2026-20864,2026-01-13,HIGH,7.8,LOCAL,LOW,False,unmitigable,,No documented mitigation that preserves current use; re-role or replace,,secure@microsoft.com,3.1,false,false,0.005610,0.445640
CVE-2026-20865,2026-01-13,HIGH,7.8,LOCAL,LOW,False,unmitigable,,No documented mitigation that preserves current use; re-role or replace,,secure@microsoft.com,3.1,false,false,0.003950,0.312400
CVE-2026-20866,2026-01-13,HIGH,7.8,LOCAL,LOW,False,unmitigable,,No documented mitigation that preserves current use; re-role or replace,,secure@microsoft.com,3.1,false,false,0.002970,0.202360
CVE-2026-20867,2026-01-13,HIGH,7.8,LOCAL,LOW,False,unmitigable,,No documented mitigation that preserves current use; re-role or replace,,secure@microsoft.com,3.1,false,false,0.002970,0.202360
CVE-2026-20868,2026-01-13,HIGH,8.8,NETWORK,NONE,False,network_isolate,network,Segment to a restricted VLAN and block inbound access at the host firewall,,secure@microsoft.com,3.1,false,false,0.014100,0.716320
CVE-2026-20869,2026-01-13,HIGH,7.0,LOCAL,LOW,False,unmitigable,,No documented mitigation that preserves current use; re-role or replace,,secure@microsoft.com,3.1,false,false,0.002970,0.202360
CVE-2026-20870,2026-01-13,HIGH,7.8,LOCAL,LOW,False,unmitigable,,No documented mitigation that preserves current use; re-role or replace,,secure@microsoft.com,3.1,false,false,0.004740,0.386300
CVE-2026-20871,2026-01-13,HIGH,7.8,LOCAL,LOW,False,unmitigable,,No documented mitigation that preserves current use; re-role or replace,,secure@microsoft.com,3.1,false,false,0.042000,0.906300
CVE-2026-20872,2026-01-13,MEDIUM,6.5,NETWORK,NONE,False,network_isolate,network,Segment to a restricted VLAN and block inbound access at the host firewall,,secure@microsoft.com,3.1,false,false,0.200590,0.973720
CVE-2026-20873,2026-01-13,HIGH,7.8,LOCAL,LOW,False,unmitigable,,No documented mitigation that preserves current use; re-role or replace,,secure@microsoft.com,3.1,false,false,0.002970,0.202340
CVE-2026-20874,2026-01-13,HIGH,7.8,LOCAL,LOW,False,unmitigable,,No documented mitigation that preserves current use; re-role or replace,,secure@microsoft.com,3.1,false,false,0.002970,0.202340
CVE-2026-20875,2026-01-13,HIGH,7.5,NETWORK,NONE,False,network_isolate,network,Segment to a restricted VLAN and block inbound access at the host firewall,,secure@microsoft.com,3.1,false,false,0.015630,0.743320
CVE-2026-20876,2026-01-13,MEDIUM,6.7,LOCAL,HIGH,False,unmitigable,,No documented mitigation that preserves current use; re-role or replace,,secure@microsoft.com,3.1,false,false,0.005160,0.416950
CVE-2026-20877,2026-01-13,HIGH,7.8,LOCAL,LOW,False,unmitigable,,No documented mitigation that preserves current use; re-role or replace,,secure@microsoft.com,3.1,false,false,0.003070,0.212190
CVE-2026-20918,2026-01-13,HIGH,7.8,LOCAL,LOW,False,unmitigable,,No documented mitigation that preserves current use; re-role or replace,,secure@microsoft.com,3.1,false,false,0.003070,0.212190
CVE-2026-20919,2026-01-13,HIGH,7.5,NETWORK,LOW,False,unmitigable,,No documented mitigation that preserves current use; re-role or replace,,secure@microsoft.com,3.1,false,false,0.008110,0.553190
CVE-2026-20920,2026-01-13,HIGH,7.8,LOCAL,LOW,False,unmitigable,,No documented mitigation that preserves current use; re-role or replace,,secure@microsoft.com,3.1,false,false,0.005000,0.405320
CVE-2026-20921,2026-01-13,HIGH,7.5,NETWORK,LOW,False,unmitigable,,No documented mitigation that preserves current use; re-role or replace,,secure@microsoft.com,3.1,false,false,0.011930,0.668650
CVE-2026-20922,2026-01-13,HIGH,7.8,LOCAL,LOW,False,unmitigable,,No documented mitigation that preserves current use; re-role or replace,,secure@microsoft.com,3.1,false,false,0.011000,0.643850
CVE-2026-20923,2026-01-13,HIGH,7.8,LOCAL,LOW,False,unmitigable,,No documented mitigation that preserves current use; re-role or replace,,secure@microsoft.com,3.1,false,false,0.004080,0.326020
CVE-2026-20924,2026-01-13,HIGH,7.8,LOCAL,LOW,False,unmitigable,,No documented mitigation that preserves current use; re-role or replace,,secure@microsoft.com,3.1,false,false,0.003070,0.212190
CVE-2026-20925,2026-01-13,MEDIUM,6.5,NETWORK,NONE,False,network_isolate,network,Segment to a restricted VLAN and block inbound access at the host firewall,,secure@microsoft.com,3.1,false,false,0.181800,0.971200
CVE-2026-20926,2026-01-13,HIGH,7.5,NETWORK,LOW,False,unmitigable,,No documented mitigation that preserves current use; re-role or replace,,secure@microsoft.com,3.1,false,false,0.008110,0.553190
CVE-2026-20927,2026-01-13,MEDIUM,5.3,NETWORK,LOW,False,unmitigable,,No documented mitigation that preserves current use; re-role or replace,,secure@microsoft.com,3.1,false,false,0.009230,0.588860
CVE-2026-20928,2026-04-14,MEDIUM,4.6,PHYSICAL,NONE,False,unmitigable,,No documented mitigation that preserves current use; re-role or replace,,secure@microsoft.com,3.1,false,false,0.004300,0.348590
CVE-2026-20929,2026-01-13,HIGH,7.5,NETWORK,LOW,False,service_disable,iis,Remove the IIS role from endpoints,Microsoft IIS guidance,secure@microsoft.com,3.1,false,false,0.029140,0.865050
CVE-2026-20930,2026-04-14,HIGH,7.8,LOCAL,LOW,False,unmitigable,,No documented mitigation that preserves current use; re-role or replace,,secure@microsoft.com,3.1,false,false,0.001930,0.081050
CVE-2026-20931,2026-01-13,HIGH,8.0,ADJACENT_NETWORK,LOW,False,unmitigable,,No documented mitigation that preserves current use; re-role or replace,,secure@microsoft.com,3.1,false,false,0.008570,0.568680
CVE-2026-20932,2026-01-13,MEDIUM,5.5,LOCAL,LOW,False,unmitigable,,No documented mitigation that preserves current use; re-role or replace,,secure@microsoft.com,3.1,false,false,0.006890,0.509550
CVE-2026-20934,2026-01-13,HIGH,7.5,NETWORK,LOW,False,unmitigable,,No documented mitigation that preserves current use; re-role or replace,,secure@microsoft.com,3.1,false,false,0.007560,0.534150
CVE-2026-20935,2026-01-13,MEDIUM,6.2,LOCAL,NONE,False,unmitigable,,No documented mitigation that preserves current use; re-role or replace,,secure@microsoft.com,3.1,false,false,0.004470,0.365410
CVE-2026-20936,2026-01-13,MEDIUM,4.3,PHYSICAL,LOW,False,unmitigable,,No documented mitigation that preserves current use; re-role or replace,,secure@microsoft.com,3.1,false,false,0.004860,0.395270
CVE-2026-20937,2026-01-13,MEDIUM,5.5,LOCAL,LOW,False,unmitigable,,No documented mitigation that preserves current use; re-role or replace,,secure@microsoft.com,3.1,false,false,0.005120,0.414410
CVE-2026-20938,2026-01-13,HIGH,7.8,LOCAL,LOW,False,unmitigable,,No documented mitigation that preserves current use; re-role or replace,,secure@microsoft.com,3.1,false,false,0.004740,0.386300
CVE-2026-20939,2026-01-13,MEDIUM,5.5,LOCAL,LOW,False,unmitigable,,No documented mitigation that preserves current use; re-role or replace,,secure@microsoft.com,3.1,false,false,0.005140,0.415860
CVE-2026-20940,2026-01-13,HIGH,7.8,LOCAL,LOW,False,unmitigable,,No documented mitigation that preserves current use; re-role or replace,,secure@microsoft.com,3.1,false,false,0.004630,0.377330
CVE-2026-20941,2026-01-13,HIGH,7.8,LOCAL,LOW,False,unmitigable,,No documented mitigation that preserves current use; re-role or replace,,secure@microsoft.com,3.1,false,false,0.004820,0.392440
CVE-2026-20962,2026-01-13,MEDIUM,4.4,LOCAL,HIGH,False,unmitigable,,No documented mitigation that preserves current use; re-role or replace,,secure@microsoft.com,3.1,false,false,0.004340,0.353110
CVE-2026-21221,2026-01-13,HIGH,7.0,LOCAL,LOW,False,unmitigable,,No documented mitigation that preserves current use; re-role or replace,,secure@microsoft.com,3.1,false,false,0.002340,0.129140
CVE-2026-21222,2026-02-10,MEDIUM,5.5,LOCAL,LOW,False,unmitigable,,No documented mitigation that preserves current use; re-role or replace,,secure@microsoft.com,3.1,false,false,0.006050,0.469580
CVE-2026-21231,2026-02-10,HIGH,7.8,LOCAL,LOW,False,unmitigable,,No documented mitigation that preserves current use; re-role or replace,,secure@microsoft.com,3.1,false,false,0.025890,0.847010
CVE-2026-21232,2026-02-10,HIGH,7.8,LOCAL,LOW,False,service_disable,iis,Remove the IIS role from endpoints,Microsoft IIS guidance,secure@microsoft.com,3.1,false,false,0.004430,0.361240
CVE-2026-21234,2026-02-10,HIGH,7.0,LOCAL,LOW,False,unmitigable,,No documented mitigation that preserves current use; re-role or replace,,secure@microsoft.com,3.1,false,false,0.002770,0.181830
CVE-2026-21235,2026-02-10,HIGH,7.3,LOCAL,LOW,False,unmitigable,,No documented mitigation that preserves current use; re-role or replace,,secure@microsoft.com,3.1,false,false,0.007350,0.527090
CVE-2026-21236,2026-02-10,HIGH,7.8,LOCAL,LOW,False,unmitigable,,No documented mitigation that preserves current use; re-role or replace,,secure@microsoft.com,3.1,false,false,0.004430,0.361240
CVE-2026-21237,2026-02-10,HIGH,7.0,LOCAL,LOW,False,unmitigable,,No documented mitigation that preserves current use; re-role or replace,,secure@microsoft.com,3.1,false,false,0.002770,0.181830
CVE-2026-21238,2026-02-10,HIGH,7.8,LOCAL,LOW,False,unmitigable,,No documented mitigation that preserves current use; re-role or replace,,secure@microsoft.com,3.1,false,false,0.033600,0.883020
CVE-2026-21239,2026-02-10,HIGH,7.8,LOCAL,LOW,False,unmitigable,,No documented mitigation that preserves current use; re-role or replace,,secure@microsoft.com,3.1,false,false,0.004430,0.361230
CVE-2026-21240,2026-02-10,HIGH,7.0,LOCAL,LOW,False,service_disable,iis,Remove the IIS role from endpoints,Microsoft IIS guidance,nvd@nist.gov,3.1,false,false,0.002840,0.188620
CVE-2026-21241,2026-02-10,HIGH,7.0,LOCAL,LOW,False,unmitigable,,No documented mitigation that preserves current use; re-role or replace,,secure@microsoft.com,3.1,false,false,0.025870,0.846900
CVE-2026-21242,2026-02-10,HIGH,7.0,LOCAL,LOW,False,unmitigable,,No documented mitigation that preserves current use; re-role or replace,,secure@microsoft.com,3.1,false,false,0.003610,0.274990
CVE-2026-21244,2026-02-10,HIGH,7.3,LOCAL,LOW,False,service_disable,hyperv,Remove the Hyper-V role on endpoints that do not host VMs,Microsoft Hyper-V role guidance,secure@microsoft.com,3.1,false,false,0.013200,0.697550
CVE-2026-21245,2026-02-10,HIGH,7.8,LOCAL,LOW,False,unmitigable,,No documented mitigation that preserves current use; re-role or replace,,secure@microsoft.com,3.1,false,false,0.004430,0.361240
CVE-2026-21246,2026-02-10,HIGH,7.8,LOCAL,LOW,False,unmitigable,,No documented mitigation that preserves current use; re-role or replace,,secure@microsoft.com,3.1,false,false,0.004430,0.361700
CVE-2026-21247,2026-02-10,HIGH,7.3,LOCAL,LOW,False,service_disable,hyperv,Remove the Hyper-V role on endpoints that do not host VMs,Microsoft Hyper-V role guidance,secure@microsoft.com,3.1,false,false,0.005820,0.457280
CVE-2026-21248,2026-02-10,HIGH,7.3,LOCAL,LOW,False,service_disable,hyperv,Remove the Hyper-V role on endpoints that do not host VMs,Microsoft Hyper-V role guidance,secure@microsoft.com,3.1,false,false,0.013200,0.697550
CVE-2026-21249,2026-02-10,LOW,3.3,LOCAL,NONE,False,unmitigable,,No documented mitigation that preserves current use; re-role or replace,,secure@microsoft.com,3.1,false,false,0.113790,0.958640
CVE-2026-21250,2026-02-10,HIGH,7.8,LOCAL,LOW,False,service_disable,iis,Remove the IIS role from endpoints,Microsoft IIS guidance,secure@microsoft.com,3.1,false,false,0.011050,0.645030
CVE-2026-21253,2026-02-10,HIGH,7.0,LOCAL,LOW,False,unmitigable,,No documented mitigation that preserves current use; re-role or replace,,secure@microsoft.com,3.1,false,false,0.007970,0.548360
CVE-2026-21255,2026-02-10,HIGH,8.8,LOCAL,LOW,False,service_disable,hyperv,Remove the Hyper-V role on endpoints that do not host VMs,Microsoft Hyper-V role guidance,secure@microsoft.com,3.1,false,false,0.003780,0.293330
CVE-2026-21265,2026-01-13,MEDIUM,6.4,LOCAL,HIGH,False,unmitigable,,No documented mitigation that preserves current use; re-role or replace,,secure@microsoft.com,3.1,false,false,0.010720,0.635930
CVE-2026-21508,2026-02-10,HIGH,7.0,LOCAL,LOW,False,unmitigable,,No documented mitigation that preserves current use; re-role or replace,,nvd@nist.gov,3.1,false,false,0.004480,0.365780
CVE-2026-21510,2026-02-10,HIGH,8.8,NETWORK,NONE,False,network_isolate,network,Segment to a restricted VLAN and block inbound access at the host firewall,,secure@microsoft.com,3.1,true,false,0.242260,0.977880
CVE-2026-21513,2026-02-10,HIGH,8.8,NETWORK,NONE,False,service_disable,ie,Disable Internet Explorer / MSHTML rendering and set Edge as the only browser,Microsoft IE retirement + ADV guidance,secure@microsoft.com,3.1,true,false,0.156420,0.967430
CVE-2026-21519,2026-02-10,HIGH,7.8,LOCAL,LOW,False,unmitigable,,No documented mitigation that preserves current use; re-role or replace,,secure@microsoft.com,3.1,true,false,0.024620,0.838610
CVE-2026-21525,2026-02-10,MEDIUM,6.2,LOCAL,NONE,False,unmitigable,,No documented mitigation that preserves current use; re-role or replace,,secure@microsoft.com,3.1,true,false,0.047970,0.916540
CVE-2026-21530,2026-05-12,MEDIUM,6.7,LOCAL,LOW,False,unmitigable,,No documented mitigation that preserves current use; re-role or replace,,secure@microsoft.com,3.1,false,false,0.003190,0.225160
CVE-2026-21533,2026-02-10,HIGH,7.8,LOCAL,LOW,False,service_disable,rdp,"Disable Remote Desktop, or require Network Level Authentication and gate by firewall",Microsoft CVE-2019-0708 guidance,secure@microsoft.com,3.1,true,false,0.041250,0.904730
CVE-2026-23666,2026-04-14,HIGH,7.5,NETWORK,NONE,True,app_update,application,Update the affected application; it services independently of the OS,,secure@microsoft.com,3.1,false,false,0.013300,0.699780
CVE-2026-23667,2026-03-10,HIGH,7.0,LOCAL,LOW,False,unmitigable,,No documented mitigation that preserves current use; re-role or replace,,secure@microsoft.com,3.1,false,false,0.002990,0.204070
CVE-2026-23668,2026-03-10,HIGH,7.0,LOCAL,LOW,False,unmitigable,,No documented mitigation that preserves current use; re-role or replace,,secure@microsoft.com,3.1,false,false,0.036400,0.891900
CVE-2026-23669,2026-03-10,HIGH,8.8,NETWORK,LOW,False,unmitigable,,No documented mitigation that preserves current use; re-role or replace,,secure@microsoft.com,3.1,false,false,0.009120,0.585380
CVE-2026-23670,2026-04-14,MEDIUM,5.7,LOCAL,HIGH,False,unmitigable,,No documented mitigation that preserves current use; re-role or replace,,secure@microsoft.com,3.1,false,false,0.002720,0.176550
CVE-2026-23671,2026-03-10,HIGH,7.0,LOCAL,LOW,False,service_disable,bluetooth,Disable the Bluetooth radio/stack by policy where unused,Microsoft Bluetooth hardening guidance,secure@microsoft.com,3.1,false,false,0.002050,0.094370
CVE-2026-23672,2026-03-10,HIGH,7.8,LOCAL,LOW,False,unmitigable,,No documented mitigation that preserves current use; re-role or replace,,secure@microsoft.com,3.1,false,false,0.003530,0.266030
CVE-2026-23673,2026-03-10,HIGH,7.8,LOCAL,LOW,False,unmitigable,,No documented mitigation that preserves current use; re-role or replace,,secure@microsoft.com,3.1,false,false,0.003830,0.298230
CVE-2026-23674,2026-03-10,HIGH,7.5,NETWORK,NONE,False,network_isolate,network,Segment to a restricted VLAN and block inbound access at the host firewall,,secure@microsoft.com,3.1,false,false,0.011910,0.668190
CVE-2026-24282,2026-03-10,MEDIUM,5.5,LOCAL,LOW,False,unmitigable,,No documented mitigation that preserves current use; re-role or replace,,secure@microsoft.com,3.1,false,false,0.004210,0.340710
CVE-2026-24283,2026-03-10,HIGH,8.8,LOCAL,LOW,False,unmitigable,,No documented mitigation that preserves current use; re-role or replace,,secure@microsoft.com,3.1,false,false,0.003830,0.298840
CVE-2026-24285,2026-03-10,HIGH,7.0,LOCAL,LOW,False,unmitigable,,No documented mitigation that preserves current use; re-role or replace,,secure@microsoft.com,3.1,false,false,0.004620,0.377060
CVE-2026-24287,2026-03-10,HIGH,7.8,LOCAL,LOW,False,unmitigable,,No documented mitigation that preserves current use; re-role or replace,,secure@microsoft.com,3.1,false,false,0.003250,0.231560
CVE-2026-24289,2026-03-10,HIGH,7.8,LOCAL,LOW,False,unmitigable,,No documented mitigation that preserves current use; re-role or replace,,secure@microsoft.com,3.1,false,false,0.044910,0.911670
CVE-2026-24290,2026-03-10,HIGH,7.8,LOCAL,LOW,False,unmitigable,,No documented mitigation that preserves current use; re-role or replace,,secure@microsoft.com,3.1,false,false,0.003310,0.238230
CVE-2026-24291,2026-03-10,HIGH,7.8,LOCAL,LOW,False,unmitigable,,No documented mitigation that preserves current use; re-role or replace,,secure@microsoft.com,3.1,false,false,0.032390,0.878350
CVE-2026-24292,2026-03-10,HIGH,7.8,LOCAL,LOW,False,unmitigable,,No documented mitigation that preserves current use; re-role or replace,,secure@microsoft.com,3.1,false,false,0.003380,0.247870
CVE-2026-24293,2026-03-10,HIGH,7.8,LOCAL,LOW,False,unmitigable,,No documented mitigation that preserves current use; re-role or replace,,secure@microsoft.com,3.1,false,false,0.005070,0.410140
CVE-2026-24294,2026-03-10,HIGH,7.8,LOCAL,LOW,False,unmitigable,,No documented mitigation that preserves current use; re-role or replace,,secure@microsoft.com,3.1,false,false,0.046710,0.914670
CVE-2026-24295,2026-03-10,HIGH,7.0,LOCAL,LOW,False,unmitigable,,No documented mitigation that preserves current use; re-role or replace,,secure@microsoft.com,3.1,false,false,0.002050,0.094370
CVE-2026-24296,2026-03-10,HIGH,7.0,LOCAL,LOW,False,unmitigable,,No documented mitigation that preserves current use; re-role or replace,,secure@microsoft.com,3.1,false,false,0.002050,0.094370
CVE-2026-25165,2026-03-10,HIGH,7.8,LOCAL,LOW,False,unmitigable,,No documented mitigation that preserves current use; re-role or replace,,secure@microsoft.com,3.1,false,false,0.003910,0.307100
CVE-2026-25166,2026-03-10,HIGH,7.8,LOCAL,LOW,False,unmitigable,,No documented mitigation that preserves current use; re-role or replace,,secure@microsoft.com,3.1,false,false,0.016300,0.753050
CVE-2026-25167,2026-03-10,HIGH,7.4,LOCAL,NONE,False,unmitigable,,No documented mitigation that preserves current use; re-role or replace,,secure@microsoft.com,3.1,false,false,0.002980,0.203130
CVE-2026-25168,2026-03-10,MEDIUM,5.5,LOCAL,LOW,False,unmitigable,,No documented mitigation that preserves current use; re-role or replace,,nvd@nist.gov,3.1,false,false,0.004600,0.374650
CVE-2026-25169,2026-03-10,MEDIUM,5.5,LOCAL,LOW,False,unmitigable,,No documented mitigation that preserves current use; re-role or replace,,nvd@nist.gov,3.1,false,false,0.004540,0.370500
CVE-2026-25170,2026-03-10,HIGH,7.0,LOCAL,LOW,False,service_disable,hyperv,Remove the Hyper-V role on endpoints that do not host VMs,Microsoft Hyper-V role guidance,secure@microsoft.com,3.1,false,false,0.002730,0.177830
CVE-2026-25171,2026-03-10,HIGH,7.0,LOCAL,LOW,False,unmitigable,,No documented mitigation that preserves current use; re-role or replace,,secure@microsoft.com,3.1,false,false,0.002730,0.177830
CVE-2026-25173,2026-03-10,HIGH,8.0,NETWORK,LOW,False,unmitigable,,No documented mitigation that preserves current use; re-role or replace,,secure@microsoft.com,3.1,false,false,0.008860,0.577270
CVE-2026-25174,2026-03-10,HIGH,7.8,LOCAL,LOW,False,unmitigable,,No documented mitigation that preserves current use; re-role or replace,,secure@microsoft.com,3.1,false,false,0.003450,0.255710
CVE-2026-25175,2026-03-10,HIGH,7.8,LOCAL,LOW,False,unmitigable,,No documented mitigation that preserves current use; re-role or replace,,secure@microsoft.com,3.1,false,false,0.003380,0.247860
CVE-2026-25176,2026-03-10,HIGH,7.8,LOCAL,LOW,False,unmitigable,,No documented mitigation that preserves current use; re-role or replace,,secure@microsoft.com,3.1,false,false,0.003700,0.285350
CVE-2026-25177,2026-03-10,HIGH,8.8,NETWORK,LOW,False,unmitigable,,No documented mitigation that preserves current use; re-role or replace,,secure@microsoft.com,3.1,false,false,0.012820,0.689690
CVE-2026-25178,2026-03-10,HIGH,7.0,LOCAL,LOW,False,unmitigable,,No documented mitigation that preserves current use; re-role or replace,,secure@microsoft.com,3.1,false,false,0.002730,0.177840
CVE-2026-25179,2026-03-10,HIGH,7.0,LOCAL,LOW,False,unmitigable,,No documented mitigation that preserves current use; re-role or replace,,secure@microsoft.com,3.1,false,false,0.003300,0.237090
CVE-2026-25180,2026-03-10,MEDIUM,5.5,LOCAL,NONE,False,unmitigable,,No documented mitigation that preserves current use; re-role or replace,,secure@microsoft.com,3.1,false,false,0.006550,0.494490
CVE-2026-25181,2026-03-10,HIGH,7.5,NETWORK,NONE,False,network_isolate,network,Segment to a restricted VLAN and block inbound access at the host firewall,,secure@microsoft.com,3.1,false,false,0.013860,0.711860
CVE-2026-25184,2026-04-14,HIGH,7.0,LOCAL,LOW,False,unmitigable,,No documented mitigation that preserves current use; re-role or replace,,secure@microsoft.com,3.1,false,false,0.001830,0.070940
CVE-2026-25185,2026-03-10,MEDIUM,5.3,NETWORK,NONE,False,network_isolate,network,Segment to a restricted VLAN and block inbound access at the host firewall,,secure@microsoft.com,3.1,false,false,0.010110,0.617920
CVE-2026-25186,2026-03-10,MEDIUM,5.5,LOCAL,LOW,False,unmitigable,,No documented mitigation that preserves current use; re-role or replace,,secure@microsoft.com,3.1,false,false,0.006300,0.482380
CVE-2026-25187,2026-03-10,HIGH,7.8,LOCAL,LOW,False,unmitigable,,No documented mitigation that preserves current use; re-role or replace,,secure@microsoft.com,3.1,false,false,0.031780,0.875840
CVE-2026-25188,2026-03-10,HIGH,8.8,ADJACENT_NETWORK,NONE,False,network_isolate,network,Segment to a restricted VLAN and block inbound access at the host firewall,,secure@microsoft.com,3.1,false,false,0.005520,0.439980
CVE-2026-25190,2026-03-10,HIGH,7.8,LOCAL,NONE,False,unmitigable,,No documented mitigation that preserves current use; re-role or replace,,secure@microsoft.com,3.1,false,false,0.004960,0.402640
CVE-2026-26128,2026-03-10,HIGH,7.8,LOCAL,LOW,False,unmitigable,,No documented mitigation that preserves current use; re-role or replace,,secure@microsoft.com,3.1,false,false,0.003700,0.285240
CVE-2026-26132,2026-03-10,HIGH,7.8,LOCAL,LOW,False,unmitigable,,No documented mitigation that preserves current use; re-role or replace,,secure@microsoft.com,3.1,false,false,0.003330,0.242040
CVE-2026-26151,2026-04-14,HIGH,7.1,NETWORK,NONE,False,service_disable,rdp,"Disable Remote Desktop, or require Network Level Authentication and gate by firewall",Microsoft CVE-2019-0708 guidance,secure@microsoft.com,3.1,false,false,0.007850,0.543910
CVE-2026-26152,2026-04-14,HIGH,7.0,LOCAL,LOW,False,unmitigable,,No documented mitigation that preserves current use; re-role or replace,,secure@microsoft.com,3.1,false,false,0.002640,0.165020
CVE-2026-26153,2026-04-14,HIGH,7.8,LOCAL,LOW,False,unmitigable,,No documented mitigation that preserves current use; re-role or replace,,secure@microsoft.com,3.1,false,false,0.003330,0.241620
CVE-2026-26155,2026-04-14,MEDIUM,6.5,NETWORK,LOW,False,unmitigable,,No documented mitigation that preserves current use; re-role or replace,,secure@microsoft.com,3.1,false,false,0.009950,0.612480
CVE-2026-26156,2026-04-14,HIGH,7.8,LOCAL,NONE,False,service_disable,hyperv,Remove the Hyper-V role on endpoints that do not host VMs,Microsoft Hyper-V role guidance,secure@microsoft.com,3.1,false,false,0.004660,0.380150
CVE-2026-26159,2026-04-14,HIGH,7.8,LOCAL,LOW,False,service_disable,rdp,"Disable Remote Desktop, or require Network Level Authentication and gate by firewall",Microsoft CVE-2019-0708 guidance,secure@microsoft.com,3.1,false,false,0.002980,0.202900
CVE-2026-26160,2026-04-14,HIGH,7.8,LOCAL,LOW,False,service_disable,rdp,"Disable Remote Desktop, or require Network Level Authentication and gate by firewall",Microsoft CVE-2019-0708 guidance,secure@microsoft.com,3.1,false,false,0.002980,0.202850
CVE-2026-26161,2026-04-14,HIGH,7.8,LOCAL,LOW,False,unmitigable,,No documented mitigation that preserves current use; re-role or replace,,secure@microsoft.com,3.1,false,false,0.003330,0.241570
CVE-2026-26162,2026-04-14,HIGH,7.8,LOCAL,LOW,False,unmitigable,,No documented mitigation that preserves current use; re-role or replace,,secure@microsoft.com,3.1,false,false,0.003330,0.242520
CVE-2026-26163,2026-04-14,HIGH,7.8,LOCAL,LOW,False,unmitigable,,No documented mitigation that preserves current use; re-role or replace,,secure@microsoft.com,3.1,false,false,0.003330,0.242570
CVE-2026-26165,2026-04-14,HIGH,7.0,LOCAL,LOW,False,unmitigable,,No documented mitigation that preserves current use; re-role or replace,,secure@microsoft.com,3.1,false,false,0.002640,0.165030
CVE-2026-26166,2026-04-14,HIGH,7.0,LOCAL,LOW,False,unmitigable,,No documented mitigation that preserves current use; re-role or replace,,secure@microsoft.com,3.1,false,false,0.002640,0.164980
CVE-2026-26167,2026-04-14,HIGH,7.8,LOCAL,LOW,False,unmitigable,,No documented mitigation that preserves current use; re-role or replace,,nvd@nist.gov,3.1,false,false,0.002140,0.105400
CVE-2026-26168,2026-04-14,HIGH,7.8,LOCAL,LOW,False,unmitigable,,No documented mitigation that preserves current use; re-role or replace,,secure@microsoft.com,3.1,false,false,0.002020,0.091230
CVE-2026-26169,2026-04-14,MEDIUM,6.1,LOCAL,LOW,False,unmitigable,,No documented mitigation that preserves current use; re-role or replace,,secure@microsoft.com,3.1,false,false,0.003320,0.239740
CVE-2026-26170,2026-04-14,HIGH,7.8,LOCAL,LOW,False,unmitigable,,No documented mitigation that preserves current use; re-role or replace,,secure@microsoft.com,3.1,false,false,0.003330,0.241890
CVE-2026-26172,2026-04-14,HIGH,7.8,LOCAL,LOW,False,unmitigable,,No documented mitigation that preserves current use; re-role or replace,,secure@microsoft.com,3.1,false,false,0.002020,0.091080
CVE-2026-26173,2026-04-14,HIGH,7.0,LOCAL,LOW,False,unmitigable,,No documented mitigation that preserves current use; re-role or replace,,secure@microsoft.com,3.1,false,false,0.002020,0.091080
CVE-2026-26174,2026-04-14,HIGH,7.0,LOCAL,LOW,False,unmitigable,,No documented mitigation that preserves current use; re-role or replace,,secure@microsoft.com,3.1,false,false,0.002020,0.091220
CVE-2026-26175,2026-04-14,MEDIUM,4.6,PHYSICAL,NONE,False,unmitigable,,No documented mitigation that preserves current use; re-role or replace,,secure@microsoft.com,3.1,false,false,0.004680,0.381940
CVE-2026-26176,2026-04-14,HIGH,7.8,LOCAL,LOW,False,unmitigable,,No documented mitigation that preserves current use; re-role or replace,,secure@microsoft.com,3.1,false,false,0.003330,0.241970
CVE-2026-26177,2026-04-14,HIGH,7.0,LOCAL,LOW,False,unmitigable,,No documented mitigation that preserves current use; re-role or replace,,secure@microsoft.com,3.1,false,false,0.002640,0.164980
CVE-2026-26178,2026-04-14,HIGH,8.8,NETWORK,NONE,False,network_isolate,network,Segment to a restricted VLAN and block inbound access at the host firewall,,secure@microsoft.com,3.1,false,false,0.008190,0.555940
CVE-2026-26179,2026-04-14,HIGH,7.8,LOCAL,LOW,False,unmitigable,,No documented mitigation that preserves current use; re-role or replace,,secure@microsoft.com,3.1,false,false,0.003330,0.241960
CVE-2026-26180,2026-04-14,HIGH,7.8,LOCAL,LOW,False,unmitigable,,No documented mitigation that preserves current use; re-role or replace,,secure@microsoft.com,3.1,false,false,0.003330,0.241630
CVE-2026-26181,2026-04-14,HIGH,7.8,LOCAL,LOW,False,unmitigable,,No documented mitigation that preserves current use; re-role or replace,,secure@microsoft.com,3.1,false,false,0.002560,0.155200
CVE-2026-26182,2026-04-14,HIGH,7.0,LOCAL,LOW,False,unmitigable,,No documented mitigation that preserves current use; re-role or replace,,secure@microsoft.com,3.1,false,false,0.002640,0.165020
CVE-2026-26184,2026-04-14,HIGH,7.8,LOCAL,LOW,False,unmitigable,,No documented mitigation that preserves current use; re-role or replace,,secure@microsoft.com,3.1,false,false,0.003330,0.242580
CVE-2026-27906,2026-04-14,MEDIUM,4.4,LOCAL,HIGH,False,unmitigable,,No documented mitigation that preserves current use; re-role or replace,,secure@microsoft.com,3.1,false,false,0.004090,0.326680
CVE-2026-27907,2026-04-14,HIGH,7.8,LOCAL,LOW,False,unmitigable,,No documented mitigation that preserves current use; re-role or replace,,secure@microsoft.com,3.1,false,false,0.003330,0.242520
CVE-2026-27908,2026-04-14,HIGH,7.0,LOCAL,LOW,False,unmitigable,,No documented mitigation that preserves current use; re-role or replace,,secure@microsoft.com,3.1,false,false,0.002640,0.164980
CVE-2026-27909,2026-04-14,HIGH,7.8,LOCAL,LOW,False,service_disable,search,Disable the Windows Search indexer where not required,Microsoft service hardening guidance,secure@microsoft.com,3.1,false,false,0.003330,0.242600
CVE-2026-27910,2026-04-14,HIGH,7.8,LOCAL,LOW,False,unmitigable,,No documented mitigation that preserves current use; re-role or replace,,secure@microsoft.com,3.1,false,false,0.002980,0.202780
CVE-2026-27911,2026-04-14,HIGH,7.8,LOCAL,LOW,False,unmitigable,,No documented mitigation that preserves current use; re-role or replace,,secure@microsoft.com,3.1,false,false,0.002020,0.091160
CVE-2026-27914,2026-04-14,HIGH,7.8,LOCAL,LOW,False,unmitigable,,No documented mitigation that preserves current use; re-role or replace,,secure@microsoft.com,3.1,false,false,0.002980,0.202800
CVE-2026-27915,2026-04-14,HIGH,7.8,LOCAL,LOW,False,unmitigable,,No documented mitigation that preserves current use; re-role or replace,,secure@microsoft.com,3.1,false,false,0.003330,0.242540
CVE-2026-27916,2026-04-14,HIGH,7.8,LOCAL,LOW,False,unmitigable,,No documented mitigation that preserves current use; re-role or replace,,secure@microsoft.com,3.1,false,false,0.003330,0.241820
CVE-2026-27917,2026-04-14,HIGH,7.0,LOCAL,LOW,False,unmitigable,,No documented mitigation that preserves current use; re-role or replace,,secure@microsoft.com,3.1,false,false,0.002640,0.165080
CVE-2026-27918,2026-04-14,HIGH,7.0,LOCAL,LOW,False,unmitigable,,No documented mitigation that preserves current use; re-role or replace,,nvd@nist.gov,3.1,false,false,0.002140,0.105400
CVE-2026-27919,2026-04-14,HIGH,7.8,LOCAL,LOW,False,unmitigable,,No documented mitigation that preserves current use; re-role or replace,,secure@microsoft.com,3.1,false,false,0.003330,0.241810
CVE-2026-27920,2026-04-14,HIGH,7.8,LOCAL,LOW,False,unmitigable,,No documented mitigation that preserves current use; re-role or replace,,secure@microsoft.com,3.1,false,false,0.003330,0.241810
CVE-2026-27921,2026-04-14,HIGH,7.0,LOCAL,LOW,False,unmitigable,,No documented mitigation that preserves current use; re-role or replace,,secure@microsoft.com,3.1,false,false,0.002020,0.091150
CVE-2026-27922,2026-04-14,HIGH,7.0,LOCAL,LOW,False,unmitigable,,No documented mitigation that preserves current use; re-role or replace,,secure@microsoft.com,3.1,false,false,0.002640,0.164920
CVE-2026-27923,2026-04-14,HIGH,7.8,LOCAL,LOW,False,unmitigable,,No documented mitigation that preserves current use; re-role or replace,,secure@microsoft.com,3.1,false,false,0.003330,0.241570
CVE-2026-27924,2026-04-14,HIGH,7.8,LOCAL,LOW,False,unmitigable,,No documented mitigation that preserves current use; re-role or replace,,secure@microsoft.com,3.1,false,false,0.003330,0.241610
CVE-2026-27925,2026-04-14,MEDIUM,6.5,ADJACENT_NETWORK,NONE,False,network_isolate,network,Segment to a restricted VLAN and block inbound access at the host firewall,,secure@microsoft.com,3.1,false,false,0.005370,0.430820
CVE-2026-27926,2026-04-14,HIGH,7.0,LOCAL,LOW,False,unmitigable,,No documented mitigation that preserves current use; re-role or replace,,secure@microsoft.com,3.1,false,false,0.002020,0.091150
CVE-2026-27927,2026-04-14,HIGH,7.0,LOCAL,LOW,False,unmitigable,,No documented mitigation that preserves current use; re-role or replace,,nvd@nist.gov,3.1,false,false,0.002140,0.105390
CVE-2026-27929,2026-04-14,HIGH,7.0,LOCAL,LOW,False,unmitigable,,No documented mitigation that preserves current use; re-role or replace,,secure@microsoft.com,3.1,false,false,0.002020,0.091140
CVE-2026-27930,2026-04-14,MEDIUM,5.5,LOCAL,NONE,False,unmitigable,,No documented mitigation that preserves current use; re-role or replace,,secure@microsoft.com,3.1,false,false,0.005410,0.433680
CVE-2026-27931,2026-04-14,MEDIUM,5.5,LOCAL,NONE,False,unmitigable,,No documented mitigation that preserves current use; re-role or replace,,secure@microsoft.com,3.1,false,false,0.005410,0.433680
CVE-2026-32068,2026-04-14,HIGH,7.0,LOCAL,LOW,False,unmitigable,,No documented mitigation that preserves current use; re-role or replace,,secure@microsoft.com,3.1,false,false,0.002020,0.091110
CVE-2026-32069,2026-04-14,HIGH,7.8,LOCAL,LOW,False,unmitigable,,No documented mitigation that preserves current use; re-role or replace,,secure@microsoft.com,3.1,false,false,0.003330,0.242550
CVE-2026-32070,2026-04-14,HIGH,7.0,LOCAL,LOW,False,unmitigable,,No documented mitigation that preserves current use; re-role or replace,,secure@microsoft.com,3.1,false,false,0.002640,0.165070
CVE-2026-32071,2026-04-14,HIGH,7.5,NETWORK,NONE,False,network_isolate,network,Segment to a restricted VLAN and block inbound access at the host firewall,,secure@microsoft.com,3.1,false,false,0.011740,0.663380
CVE-2026-32072,2026-04-14,MEDIUM,6.2,LOCAL,NONE,False,unmitigable,,No documented mitigation that preserves current use; re-role or replace,,secure@microsoft.com,3.1,false,false,0.004050,0.322830
CVE-2026-32073,2026-04-14,HIGH,7.0,LOCAL,LOW,False,unmitigable,,No documented mitigation that preserves current use; re-role or replace,,secure@microsoft.com,3.1,false,false,0.002640,0.165070
CVE-2026-32074,2026-04-14,HIGH,7.8,LOCAL,LOW,False,unmitigable,,No documented mitigation that preserves current use; re-role or replace,,secure@microsoft.com,3.1,false,false,0.003330,0.242550
CVE-2026-32075,2026-04-14,HIGH,7.0,LOCAL,LOW,False,unmitigable,,No documented mitigation that preserves current use; re-role or replace,,secure@microsoft.com,3.1,false,false,0.002640,0.165070
CVE-2026-32076,2026-04-14,HIGH,7.8,LOCAL,LOW,False,unmitigable,,No documented mitigation that preserves current use; re-role or replace,,secure@microsoft.com,3.1,false,false,0.003330,0.242470
CVE-2026-32077,2026-04-14,HIGH,7.8,LOCAL,LOW,False,unmitigable,,No documented mitigation that preserves current use; re-role or replace,,secure@microsoft.com,3.1,false,false,0.004140,0.333060
CVE-2026-32078,2026-04-14,HIGH,7.8,LOCAL,LOW,False,unmitigable,,No documented mitigation that preserves current use; re-role or replace,,secure@microsoft.com,3.1,false,false,0.003330,0.242550
CVE-2026-32079,2026-04-14,MEDIUM,5.5,LOCAL,LOW,False,unmitigable,,No documented mitigation that preserves current use; re-role or replace,,secure@microsoft.com,3.1,false,false,0.004790,0.389700
CVE-2026-32081,2026-04-14,MEDIUM,5.5,LOCAL,LOW,False,unmitigable,,No documented mitigation that preserves current use; re-role or replace,,secure@microsoft.com,3.1,false,false,0.004790,0.389700
CVE-2026-32082,2026-04-14,HIGH,7.0,LOCAL,LOW,False,unmitigable,,No documented mitigation that preserves current use; re-role or replace,,secure@microsoft.com,3.1,false,false,0.002020,0.091110
CVE-2026-32083,2026-04-14,HIGH,7.0,LOCAL,LOW,False,unmitigable,,No documented mitigation that preserves current use; re-role or replace,,secure@microsoft.com,3.1,false,false,0.002020,0.091120
CVE-2026-32084,2026-04-14,MEDIUM,5.5,LOCAL,LOW,False,unmitigable,,No documented mitigation that preserves current use; re-role or replace,,secure@microsoft.com,3.1,false,false,0.004790,0.389690
CVE-2026-32085,2026-04-14,MEDIUM,5.5,LOCAL,LOW,False,unmitigable,,No documented mitigation that preserves current use; re-role or replace,,secure@microsoft.com,3.1,false,false,0.004790,0.389750
CVE-2026-32086,2026-04-14,HIGH,7.0,LOCAL,LOW,False,unmitigable,,No documented mitigation that preserves current use; re-role or replace,,secure@microsoft.com,3.1,false,false,0.002020,0.091090
CVE-2026-32087,2026-04-14,HIGH,7.0,LOCAL,LOW,False,unmitigable,,No documented mitigation that preserves current use; re-role or replace,,secure@microsoft.com,3.1,false,false,0.002640,0.165070
CVE-2026-32088,2026-04-14,MEDIUM,5.7,PHYSICAL,NONE,False,unmitigable,,No documented mitigation that preserves current use; re-role or replace,,nvd@nist.gov,3.1,false,false,0.002590,0.159430
CVE-2026-32089,2026-04-14,HIGH,7.8,LOCAL,LOW,False,unmitigable,,No documented mitigation that preserves current use; re-role or replace,,secure@microsoft.com,3.1,false,false,0.002560,0.155210
CVE-2026-32090,2026-04-14,HIGH,7.0,LOCAL,LOW,False,unmitigable,,No documented mitigation that preserves current use; re-role or replace,,nvd@nist.gov,3.1,false,false,0.002140,0.105410
CVE-2026-32091,2026-04-14,HIGH,7.0,LOCAL,LOW,False,unmitigable,,No documented mitigation that preserves current use; re-role or replace,,nvd@nist.gov,3.1,false,false,0.002160,0.108360
CVE-2026-32093,2026-04-14,HIGH,7.0,LOCAL,LOW,False,unmitigable,,No documented mitigation that preserves current use; re-role or replace,,secure@microsoft.com,3.1,false,false,0.002020,0.091060
CVE-2026-32149,2026-04-14,HIGH,7.3,LOCAL,LOW,False,service_disable,hyperv,Remove the Hyper-V role on endpoints that do not host VMs,Microsoft Hyper-V role guidance,secure@microsoft.com,3.1,false,false,0.004270,0.345660
CVE-2026-32150,2026-04-14,HIGH,7.0,LOCAL,LOW,False,unmitigable,,No documented mitigation that preserves current use; re-role or replace,,secure@microsoft.com,3.1,false,false,0.002020,0.091070
CVE-2026-32151,2026-04-14,MEDIUM,6.5,NETWORK,LOW,False,unmitigable,,No documented mitigation that preserves current use; re-role or replace,,secure@microsoft.com,3.1,false,false,0.009950,0.612530
CVE-2026-32152,2026-04-14,HIGH,7.8,LOCAL,LOW,False,unmitigable,,No documented mitigation that preserves current use; re-role or replace,,secure@microsoft.com,3.1,false,false,0.003330,0.242320
CVE-2026-32153,2026-04-14,HIGH,7.8,LOCAL,LOW,False,unmitigable,,No documented mitigation that preserves current use; re-role or replace,,secure@microsoft.com,3.1,false,false,0.002560,0.155220
CVE-2026-32154,2026-04-14,HIGH,7.8,LOCAL,LOW,False,unmitigable,,No documented mitigation that preserves current use; re-role or replace,,secure@microsoft.com,3.1,false,false,0.003330,0.241810
CVE-2026-32155,2026-04-14,HIGH,7.8,LOCAL,LOW,False,unmitigable,,No documented mitigation that preserves current use; re-role or replace,,secure@microsoft.com,3.1,false,false,0.003330,0.241670
CVE-2026-32156,2026-04-14,HIGH,7.4,LOCAL,NONE,False,unmitigable,,No documented mitigation that preserves current use; re-role or replace,,secure@microsoft.com,3.1,false,false,0.002880,0.192950
CVE-2026-32157,2026-04-14,HIGH,8.8,NETWORK,NONE,False,service_disable,rdp,"Disable Remote Desktop, or require Network Level Authentication and gate by firewall",Microsoft CVE-2019-0708 guidance,secure@microsoft.com,3.1,false,false,0.008190,0.555810
CVE-2026-32158,2026-04-14,HIGH,7.8,LOCAL,LOW,False,unmitigable,,No documented mitigation that preserves current use; re-role or replace,,secure@microsoft.com,3.1,false,false,0.002020,0.091230
CVE-2026-32159,2026-04-14,HIGH,7.8,LOCAL,LOW,False,unmitigable,,No documented mitigation that preserves current use; re-role or replace,,secure@microsoft.com,3.1,false,false,0.002020,0.091200
CVE-2026-32160,2026-04-14,HIGH,7.8,LOCAL,LOW,False,unmitigable,,No documented mitigation that preserves current use; re-role or replace,,secure@microsoft.com,3.1,false,false,0.002020,0.091210
CVE-2026-32161,2026-05-12,HIGH,7.5,ADJACENT_NETWORK,NONE,False,network_isolate,network,Segment to a restricted VLAN and block inbound access at the host firewall,,secure@microsoft.com,3.1,false,false,0.003180,0.223420
CVE-2026-32162,2026-04-14,HIGH,8.4,LOCAL,NONE,False,unmitigable,,No documented mitigation that preserves current use; re-role or replace,,secure@microsoft.com,3.1,false,false,0.002430,0.139390
CVE-2026-32163,2026-04-14,HIGH,7.8,LOCAL,LOW,False,unmitigable,,No documented mitigation that preserves current use; re-role or replace,,secure@microsoft.com,3.1,false,false,0.002020,0.091210
CVE-2026-32164,2026-04-14,HIGH,7.8,LOCAL,LOW,False,unmitigable,,No documented mitigation that preserves current use; re-role or replace,,secure@microsoft.com,3.1,false,false,0.002020,0.091210
CVE-2026-32165,2026-04-14,HIGH,7.8,LOCAL,LOW,False,unmitigable,,No documented mitigation that preserves current use; re-role or replace,,secure@microsoft.com,3.1,false,false,0.002020,0.091130
CVE-2026-32170,2026-05-12,MEDIUM,6.7,LOCAL,LOW,False,unmitigable,,No documented mitigation that preserves current use; re-role or replace,,secure@microsoft.com,3.1,false,false,0.003380,0.247620
CVE-2026-32177,2026-05-12,HIGH,7.3,LOCAL,NONE,True,app_update,application,Update the affected application; it services independently of the OS,,secure@microsoft.com,3.1,false,false,0.005700,0.451170
CVE-2026-32181,2026-04-14,MEDIUM,5.5,LOCAL,LOW,False,unmitigable,,No documented mitigation that preserves current use; re-role or replace,,secure@microsoft.com,3.1,false,false,0.004180,0.337390
CVE-2026-32183,2026-04-14,HIGH,7.8,LOCAL,NONE,False,unmitigable,,No documented mitigation that preserves current use; re-role or replace,,secure@microsoft.com,3.1,false,false,0.004620,0.376540
CVE-2026-32202,2026-04-14,MEDIUM,4.3,NETWORK,NONE,False,network_isolate,network,Segment to a restricted VLAN and block inbound access at the host firewall,,secure@microsoft.com,3.1,true,false,0.049020,0.918090
CVE-2026-32209,2026-05-12,MEDIUM,4.4,LOCAL,LOW,False,unmitigable,,No documented mitigation that preserves current use; re-role or replace,,secure@microsoft.com,3.1,false,false,0.002560,0.156640
CVE-2026-32212,2026-04-14,MEDIUM,5.5,LOCAL,LOW,False,unmitigable,,No documented mitigation that preserves current use; re-role or replace,,secure@microsoft.com,3.1,false,false,0.003730,0.287680
CVE-2026-32214,2026-04-14,MEDIUM,5.5,LOCAL,LOW,False,unmitigable,,No documented mitigation that preserves current use; re-role or replace,,secure@microsoft.com,3.1,false,false,0.003500,0.261470
CVE-2026-32215,2026-04-14,MEDIUM,5.5,LOCAL,LOW,False,unmitigable,,No documented mitigation that preserves current use; re-role or replace,,secure@microsoft.com,3.1,false,false,0.004790,0.389780
CVE-2026-32217,2026-04-14,MEDIUM,5.5,LOCAL,LOW,False,unmitigable,,No documented mitigation that preserves current use; re-role or replace,,secure@microsoft.com,3.1,false,false,0.004790,0.389690
CVE-2026-32218,2026-04-14,MEDIUM,5.5,LOCAL,LOW,False,unmitigable,,No documented mitigation that preserves current use; re-role or replace,,secure@microsoft.com,3.1,false,false,0.004950,0.401830
CVE-2026-32219,2026-04-14,HIGH,7.0,LOCAL,LOW,False,unmitigable,,No documented mitigation that preserves current use; re-role or replace,,secure@microsoft.com,3.1,false,false,0.002020,0.091230
CVE-2026-32220,2026-04-14,MEDIUM,4.4,LOCAL,HIGH,False,unmitigable,,No documented mitigation that preserves current use; re-role or replace,,secure@microsoft.com,3.1,false,false,0.003350,0.244250
CVE-2026-32221,2026-04-14,HIGH,8.4,LOCAL,NONE,False,unmitigable,,No documented mitigation that preserves current use; re-role or replace,,secure@microsoft.com,3.1,false,false,0.003640,0.278270
CVE-2026-32222,2026-04-14,HIGH,7.8,LOCAL,LOW,False,unmitigable,,No documented mitigation that preserves current use; re-role or replace,,secure@microsoft.com,3.1,false,false,0.003330,0.241810
CVE-2026-32223,2026-04-14,MEDIUM,6.8,PHYSICAL,NONE,False,unmitigable,,No documented mitigation that preserves current use; re-role or replace,,secure@microsoft.com,3.1,false,false,0.005550,0.441940
CVE-2026-32225,2026-04-14,HIGH,8.8,NETWORK,NONE,False,network_isolate,network,Segment to a restricted VLAN and block inbound access at the host firewall,,secure@microsoft.com,3.1,false,false,0.008190,0.555980
CVE-2026-33096,2026-04-14,HIGH,7.5,NETWORK,NONE,False,service_disable,iis,Remove the IIS role from endpoints,Microsoft IIS guidance,secure@microsoft.com,3.1,false,false,0.011740,0.663320
CVE-2026-33098,2026-04-14,HIGH,7.8,LOCAL,LOW,False,unmitigable,,No documented mitigation that preserves current use; re-role or replace,,secure@microsoft.com,3.1,false,false,0.003330,0.241670
CVE-2026-33099,2026-04-14,HIGH,7.0,LOCAL,LOW,False,unmitigable,,No documented mitigation that preserves current use; re-role or replace,,secure@microsoft.com,3.1,false,false,0.002640,0.164850
CVE-2026-33100,2026-04-14,HIGH,7.0,LOCAL,LOW,False,unmitigable,,No documented mitigation that preserves current use; re-role or replace,,secure@microsoft.com,3.1,false,false,0.002640,0.164850
CVE-2026-33101,2026-04-14,HIGH,7.8,LOCAL,LOW,False,service_disable,spooler,Stop and disable the Print Spooler service on devices that do not print,Microsoft ADV / KB5005010,secure@microsoft.com,3.1,false,false,0.003330,0.241660
CVE-2026-33104,2026-04-14,HIGH,7.0,LOCAL,LOW,False,unmitigable,,No documented mitigation that preserves current use; re-role or replace,,secure@microsoft.com,3.1,false,false,0.002020,0.091080
CVE-2026-33116,2026-04-14,HIGH,7.5,NETWORK,NONE,True,app_update,application,Update the affected application; it services independently of the OS,,secure@microsoft.com,3.1,false,false,0.024440,0.837280
CVE-2026-33824,2026-04-14,CRITICAL,9.8,NETWORK,NONE,False,network_isolate,network,Segment to a restricted VLAN and block inbound access at the host firewall,,secure@microsoft.com,3.1,true,false,0.016190,0.751590
CVE-2026-33827,2026-04-14,HIGH,8.1,NETWORK,NONE,False,network_isolate,network,Segment to a restricted VLAN and block inbound access at the host firewall,,secure@microsoft.com,3.1,false,false,0.005420,0.434510
CVE-2026-33828,2026-06-09,HIGH,7.8,LOCAL,LOW,False,unmitigable,,No documented mitigation that preserves current use; re-role or replace,,secure@microsoft.com,3.1,false,false,0.003330,0.241850
CVE-2026-33829,2026-04-14,MEDIUM,4.3,NETWORK,NONE,False,network_isolate,network,Segment to a restricted VLAN and block inbound access at the host firewall,,secure@microsoft.com,3.1,false,false,0.020400,0.803930
CVE-2026-33834,2026-05-12,HIGH,7.8,LOCAL,LOW,False,unmitigable,,No documented mitigation that preserves current use; re-role or replace,,secure@microsoft.com,3.1,false,false,0.002980,0.202860
CVE-2026-33835,2026-05-12,HIGH,7.8,LOCAL,LOW,False,unmitigable,,No documented mitigation that preserves current use; re-role or replace,,secure@microsoft.com,3.1,false,false,0.003330,0.241700
CVE-2026-33837,2026-05-12,HIGH,7.8,LOCAL,LOW,False,unmitigable,,No documented mitigation that preserves current use; re-role or replace,,secure@microsoft.com,3.1,false,false,0.003330,0.241550
CVE-2026-33838,2026-05-12,HIGH,7.8,LOCAL,LOW,False,unmitigable,,No documented mitigation that preserves current use; re-role or replace,,secure@microsoft.com,3.1,false,false,0.003330,0.241630
CVE-2026-33839,2026-05-12,HIGH,7.0,LOCAL,LOW,False,unmitigable,,No documented mitigation that preserves current use; re-role or replace,,secure@microsoft.com,3.1,false,false,0.002020,0.091220
CVE-2026-33840,2026-05-12,HIGH,7.8,LOCAL,LOW,False,unmitigable,,No documented mitigation that preserves current use; re-role or replace,,secure@microsoft.com,3.1,false,false,0.003330,0.242530
CVE-2026-33841,2026-05-12,HIGH,7.8,LOCAL,LOW,False,unmitigable,,No documented mitigation that preserves current use; re-role or replace,,secure@microsoft.com,3.1,false,false,0.003330,0.241850
CVE-2026-33842,2026-07-14,MEDIUM,5.5,LOCAL,LOW,False,unmitigable,,No documented mitigation that preserves current use; re-role or replace,,secure@microsoft.com,3.1,false,false,0.004790,0.389770
CVE-2026-34328,2026-07-14,MEDIUM,5.5,LOCAL,LOW,False,unmitigable,,No documented mitigation that preserves current use; re-role or replace,,secure@microsoft.com,3.1,false,false,0.004790,0.389710
CVE-2026-34329,2026-05-12,HIGH,8.8,ADJACENT_NETWORK,NONE,False,network_isolate,network,Segment to a restricted VLAN and block inbound access at the host firewall,,secure@microsoft.com,3.1,false,false,0.005350,0.429970
CVE-2026-34330,2026-05-12,HIGH,7.8,LOCAL,LOW,False,unmitigable,,No documented mitigation that preserves current use; re-role or replace,,secure@microsoft.com,3.1,false,false,0.003330,0.242300
CVE-2026-34331,2026-05-12,HIGH,7.0,LOCAL,LOW,False,unmitigable,,No documented mitigation that preserves current use; re-role or replace,,secure@microsoft.com,3.1,false,false,0.002020,0.091250
CVE-2026-34333,2026-05-12,HIGH,7.8,LOCAL,LOW,False,unmitigable,,No documented mitigation that preserves current use; re-role or replace,,secure@microsoft.com,3.1,false,false,0.003330,0.242290
CVE-2026-34334,2026-05-12,HIGH,7.0,LOCAL,LOW,False,unmitigable,,No documented mitigation that preserves current use; re-role or replace,,nvd@nist.gov,3.1,false,false,0.002140,0.105400
CVE-2026-34335,2026-06-09,HIGH,7.0,LOCAL,LOW,False,unmitigable,,No documented mitigation that preserves current use; re-role or replace,,secure@microsoft.com,3.1,false,false,0.002640,0.165050
CVE-2026-34336,2026-05-12,HIGH,7.8,LOCAL,LOW,False,unmitigable,,No documented mitigation that preserves current use; re-role or replace,,secure@microsoft.com,3.1,false,false,0.003330,0.242290
CVE-2026-34337,2026-05-12,HIGH,7.0,LOCAL,LOW,False,unmitigable,,No documented mitigation that preserves current use; re-role or replace,,nvd@nist.gov,3.1,false,false,0.002140,0.105410
CVE-2026-34338,2026-05-12,HIGH,7.8,LOCAL,LOW,False,unmitigable,,No documented mitigation that preserves current use; re-role or replace,,secure@microsoft.com,3.1,false,false,0.003330,0.241760
CVE-2026-34339,2026-05-12,MEDIUM,5.5,LOCAL,LOW,False,unmitigable,,No documented mitigation that preserves current use; re-role or replace,,secure@microsoft.com,3.1,false,false,0.003990,0.316570
CVE-2026-34340,2026-05-12,HIGH,7.0,LOCAL,LOW,False,unmitigable,,No documented mitigation that preserves current use; re-role or replace,,secure@microsoft.com,3.1,false,false,0.002640,0.165050
CVE-2026-34341,2026-05-12,HIGH,7.0,LOCAL,LOW,False,unmitigable,,No documented mitigation that preserves current use; re-role or replace,,secure@microsoft.com,3.1,false,false,0.002640,0.165050
CVE-2026-34342,2026-05-12,HIGH,7.0,LOCAL,LOW,False,service_disable,spooler,Stop and disable the Print Spooler service on devices that do not print,Microsoft ADV / KB5005010,secure@microsoft.com,3.1,false,false,0.002020,0.091210
CVE-2026-34343,2026-05-12,HIGH,7.8,LOCAL,LOW,False,unmitigable,,No documented mitigation that preserves current use; re-role or replace,,secure@microsoft.com,3.1,false,false,0.003330,0.241760
CVE-2026-34344,2026-05-12,HIGH,7.8,LOCAL,LOW,False,unmitigable,,No documented mitigation that preserves current use; re-role or replace,,secure@microsoft.com,3.1,false,false,0.003330,0.241720
CVE-2026-34345,2026-05-12,HIGH,7.0,LOCAL,LOW,False,unmitigable,,No documented mitigation that preserves current use; re-role or replace,,secure@microsoft.com,3.1,false,false,0.002020,0.091240
CVE-2026-34346,2026-07-14,MEDIUM,5.5,LOCAL,LOW,False,unmitigable,,No documented mitigation that preserves current use; re-role or replace,,secure@microsoft.com,3.1,false,false,0.002700,0.173130
CVE-2026-34347,2026-05-12,HIGH,7.0,LOCAL,LOW,False,unmitigable,,No documented mitigation that preserves current use; re-role or replace,,secure@microsoft.com,3.1,false,false,0.002640,0.164870
CVE-2026-34348,2026-07-14,MEDIUM,6.5,NETWORK,LOW,False,unmitigable,,No documented mitigation that preserves current use; re-role or replace,,secure@microsoft.com,3.1,false,false,0.009950,0.612530
CVE-2026-34349,2026-07-14,MEDIUM,5.5,LOCAL,LOW,False,unmitigable,,No documented mitigation that preserves current use; re-role or replace,,secure@microsoft.com,3.1,false,false,0.004790,0.389710
CVE-2026-34351,2026-05-12,HIGH,7.0,LOCAL,LOW,False,unmitigable,,No documented mitigation that preserves current use; re-role or replace,,nvd@nist.gov,3.1,false,false,0.002140,0.105410
CVE-2026-35415,2026-05-12,HIGH,7.8,LOCAL,LOW,False,unmitigable,,No documented mitigation that preserves current use; re-role or replace,,secure@microsoft.com,3.1,false,false,0.003330,0.242440
CVE-2026-35416,2026-05-12,HIGH,7.0,LOCAL,LOW,False,unmitigable,,No documented mitigation that preserves current use; re-role or replace,,secure@microsoft.com,3.1,false,false,0.002640,0.164740
CVE-2026-35417,2026-05-12,HIGH,7.8,LOCAL,LOW,False,unmitigable,,No documented mitigation that preserves current use; re-role or replace,,secure@microsoft.com,3.1,false,false,0.003330,0.241830
CVE-2026-35418,2026-05-12,HIGH,7.0,LOCAL,LOW,False,unmitigable,,No documented mitigation that preserves current use; re-role or replace,,nvd@nist.gov,3.1,false,false,0.002140,0.105390
CVE-2026-35419,2026-05-12,MEDIUM,5.5,LOCAL,LOW,False,unmitigable,,No documented mitigation that preserves current use; re-role or replace,,secure@microsoft.com,3.1,false,false,0.004040,0.321890
CVE-2026-35421,2026-05-12,HIGH,7.8,LOCAL,NONE,False,unmitigable,,No documented mitigation that preserves current use; re-role or replace,,secure@microsoft.com,3.1,false,false,0.004660,0.380260
CVE-2026-35422,2026-05-12,MEDIUM,6.5,NETWORK,LOW,False,unmitigable,,No documented mitigation that preserves current use; re-role or replace,,secure@microsoft.com,3.1,false,false,0.006440,0.489360
CVE-2026-35423,2026-05-12,MEDIUM,5.4,NETWORK,NONE,False,service_disable,legacy_net,Remove the Telnet/FTP optional features,Microsoft optional feature guidance,secure@microsoft.com,3.1,false,false,0.006750,0.503380
CVE-2026-35424,2026-05-12,HIGH,7.5,NETWORK,NONE,False,network_isolate,network,Segment to a restricted VLAN and block inbound access at the host firewall,,secure@microsoft.com,3.1,false,false,0.011740,0.663370
CVE-2026-35433,2026-05-12,HIGH,7.3,LOCAL,NONE,True,app_update,application,Update the affected application; it services independently of the OS,,secure@microsoft.com,3.1,false,false,0.005700,0.451170
CVE-2026-40369,2026-05-12,HIGH,7.8,LOCAL,LOW,False,unmitigable,,No documented mitigation that preserves current use; re-role or replace,,secure@microsoft.com,3.1,false,false,0.003330,0.241630
CVE-2026-40377,2026-05-12,HIGH,7.8,LOCAL,LOW,False,unmitigable,,No documented mitigation that preserves current use; re-role or replace,,secure@microsoft.com,3.1,false,false,0.003330,0.242080
CVE-2026-40378,2026-07-14,HIGH,7.5,NETWORK,NONE,False,network_isolate,network,Segment to a restricted VLAN and block inbound access at the host firewall,,secure@microsoft.com,3.1,false,false,0.011740,0.663330
CVE-2026-40380,2026-05-12,MEDIUM,6.2,PHYSICAL,HIGH,False,unmitigable,,No documented mitigation that preserves current use; re-role or replace,,secure@microsoft.com,3.1,false,false,0.004190,0.338600
CVE-2026-40382,2026-05-12,HIGH,7.8,LOCAL,LOW,False,unmitigable,,No documented mitigation that preserves current use; re-role or replace,,secure@microsoft.com,3.1,false,false,0.003330,0.241820
CVE-2026-40397,2026-05-12,HIGH,7.8,LOCAL,LOW,False,unmitigable,,No documented mitigation that preserves current use; re-role or replace,,secure@microsoft.com,3.1,false,false,0.003330,0.241820
CVE-2026-40398,2026-05-12,HIGH,7.8,LOCAL,LOW,False,service_disable,rdp,"Disable Remote Desktop, or require Network Level Authentication and gate by firewall",Microsoft CVE-2019-0708 guidance,secure@microsoft.com,3.1,false,false,0.003330,0.242460
CVE-2026-40399,2026-05-12,HIGH,7.8,LOCAL,LOW,False,unmitigable,,No documented mitigation that preserves current use; re-role or replace,,secure@microsoft.com,3.1,false,false,0.003330,0.241590
CVE-2026-40400,2026-07-14,HIGH,8.0,NETWORK,LOW,False,unmitigable,,No documented mitigation that preserves current use; re-role or replace,,secure@microsoft.com,3.1,false,false,0.008680,0.572000
CVE-2026-40401,2026-05-12,HIGH,7.1,LOCAL,NONE,False,unmitigable,,No documented mitigation that preserves current use; re-role or replace,,secure@microsoft.com,3.1,false,false,0.004220,0.341450
CVE-2026-40402,2026-05-12,CRITICAL,9.3,LOCAL,NONE,False,service_disable,hyperv,Remove the Hyper-V role on endpoints that do not host VMs,Microsoft Hyper-V role guidance,secure@microsoft.com,3.1,false,false,0.003640,0.278300
CVE-2026-40403,2026-05-12,HIGH,8.8,LOCAL,LOW,False,unmitigable,,No documented mitigation that preserves current use; re-role or replace,,secure@microsoft.com,3.1,false,false,0.003330,0.241580
CVE-2026-40404,2026-06-09,HIGH,7.8,LOCAL,LOW,False,unmitigable,,No documented mitigation that preserves current use; re-role or replace,,secure@microsoft.com,3.1,false,false,0.003330,0.241580
CVE-2026-40405,2026-05-12,HIGH,7.5,NETWORK,NONE,False,network_isolate,network,Segment to a restricted VLAN and block inbound access at the host firewall,,secure@microsoft.com,3.1,false,false,0.011740,0.663340
CVE-2026-40406,2026-05-12,HIGH,7.5,NETWORK,NONE,False,network_isolate,network,Segment to a restricted VLAN and block inbound access at the host firewall,,secure@microsoft.com,3.1,false,false,0.010270,0.622590
CVE-2026-40407,2026-05-12,HIGH,7.8,LOCAL,LOW,False,unmitigable,,No documented mitigation that preserves current use; re-role or replace,,secure@microsoft.com,3.1,false,false,0.003330,0.241580
CVE-2026-40408,2026-05-12,HIGH,7.8,LOCAL,LOW,False,unmitigable,,No documented mitigation that preserves current use; re-role or replace,,secure@microsoft.com,3.1,false,false,0.003330,0.241830
CVE-2026-40409,2026-06-09,HIGH,7.8,LOCAL,LOW,False,unmitigable,,No documented mitigation that preserves current use; re-role or replace,,secure@microsoft.com,3.1,false,false,0.003330,0.241830
CVE-2026-40410,2026-05-12,HIGH,7.0,LOCAL,LOW,False,unmitigable,,No documented mitigation that preserves current use; re-role or replace,,secure@microsoft.com,3.1,false,false,0.002640,0.165000
CVE-2026-40413,2026-05-12,HIGH,7.4,ADJACENT_NETWORK,NONE,False,network_isolate,network,Segment to a restricted VLAN and block inbound access at the host firewall,,secure@microsoft.com,3.1,false,false,0.005810,0.456960
CVE-2026-40414,2026-05-12,HIGH,7.4,ADJACENT_NETWORK,NONE,False,network_isolate,network,Segment to a restricted VLAN and block inbound access at the host firewall,,secure@microsoft.com,3.1,false,false,0.005810,0.456960
CVE-2026-40415,2026-05-12,HIGH,8.1,NETWORK,NONE,False,network_isolate,network,Segment to a restricted VLAN and block inbound access at the host firewall,,secure@microsoft.com,3.1,false,false,0.007070,0.516610
CVE-2026-40422,2026-07-14,MEDIUM,5.5,LOCAL,LOW,False,unmitigable,,No documented mitigation that preserves current use; re-role or replace,,secure@microsoft.com,3.1,false,false,0.004040,0.321920
CVE-2026-41087,2026-07-14,MEDIUM,5.5,LOCAL,LOW,False,unmitigable,,No documented mitigation that preserves current use; re-role or replace,,secure@microsoft.com,3.1,false,false,0.004790,0.389710
CVE-2026-41088,2026-05-12,HIGH,7.8,LOCAL,LOW,False,unmitigable,,No documented mitigation that preserves current use; re-role or replace,,secure@microsoft.com,3.1,false,false,0.003560,0.268970
CVE-2026-41092,2026-06-09,HIGH,7.8,LOCAL,LOW,False,unmitigable,,No documented mitigation that preserves current use; re-role or replace,,secure@microsoft.com,3.1,false,false,0.002980,0.202870
CVE-2026-41096,2026-05-12,CRITICAL,9.8,NETWORK,NONE,False,network_isolate,network,Segment to a restricted VLAN and block inbound access at the host firewall,,secure@microsoft.com,3.1,false,false,0.009740,0.606450
CVE-2026-41097,2026-05-12,MEDIUM,6.7,LOCAL,HIGH,False,unmitigable,,No documented mitigation that preserves current use; re-role or replace,,secure@microsoft.com,3.1,false,false,0.022290,0.820970
CVE-2026-41108,2026-06-09,HIGH,7.0,LOCAL,LOW,False,unmitigable,,No documented mitigation that preserves current use; re-role or replace,,secure@microsoft.com,3.1,false,false,0.002640,0.164920
CVE-2026-42825,2026-05-12,HIGH,7.0,LOCAL,LOW,False,unmitigable,,No documented mitigation that preserves current use; re-role or replace,,secure@microsoft.com,3.1,false,false,0.002640,0.164910
CVE-2026-42828,2026-06-09,HIGH,7.8,LOCAL,LOW,False,unmitigable,,No documented mitigation that preserves current use; re-role or replace,,secure@microsoft.com,3.1,false,false,0.003330,0.242060
CVE-2026-42829,2026-06-09,HIGH,7.8,LOCAL,LOW,False,unmitigable,,No documented mitigation that preserves current use; re-role or replace,,secure@microsoft.com,3.1,false,false,0.002980,0.202800
CVE-2026-42836,2026-06-09,HIGH,7.0,LOCAL,LOW,False,unmitigable,,No documented mitigation that preserves current use; re-role or replace,,secure@microsoft.com,3.1,false,false,0.002020,0.091260
CVE-2026-42837,2026-06-09,HIGH,7.8,LOCAL,LOW,False,unmitigable,,No documented mitigation that preserves current use; re-role or replace,,secure@microsoft.com,3.1,false,false,0.003330,0.242440
CVE-2026-42896,2026-05-12,HIGH,7.8,LOCAL,LOW,False,unmitigable,,No documented mitigation that preserves current use; re-role or replace,,secure@microsoft.com,3.1,false,false,0.003330,0.242370
CVE-2026-42900,2026-07-14,HIGH,8.1,NETWORK,NONE,False,network_isolate,network,Segment to a restricted VLAN and block inbound access at the host firewall,,secure@microsoft.com,3.1,false,false,0.005420,0.434510
CVE-2026-42903,2026-06-09,MEDIUM,6.5,NETWORK,LOW,False,unmitigable,,No documented mitigation that preserves current use; re-role or replace,,secure@microsoft.com,3.1,false,false,0.011380,0.653410
CVE-2026-42904,2026-06-09,CRITICAL,9.6,ADJACENT_NETWORK,NONE,False,network_isolate,network,Segment to a restricted VLAN and block inbound access at the host firewall,,secure@microsoft.com,3.1,false,false,0.005350,0.429970
CVE-2026-42905,2026-06-09,HIGH,7.8,LOCAL,LOW,False,unmitigable,,No documented mitigation that preserves current use; re-role or replace,,secure@microsoft.com,3.1,false,false,0.003330,0.242570
CVE-2026-42906,2026-06-09,MEDIUM,5.5,LOCAL,LOW,False,unmitigable,,No documented mitigation that preserves current use; re-role or replace,,secure@microsoft.com,3.1,false,false,0.004790,0.389710
CVE-2026-42907,2026-06-09,MEDIUM,6.5,NETWORK,LOW,False,unmitigable,,No documented mitigation that preserves current use; re-role or replace,,secure@microsoft.com,3.1,false,false,0.009950,0.612520
CVE-2026-42908,2026-06-09,HIGH,7.5,NETWORK,NONE,False,service_disable,rdp,"Disable Remote Desktop, or require Network Level Authentication and gate by firewall",Microsoft CVE-2019-0708 guidance,secure@microsoft.com,3.1,false,false,0.010270,0.622580
CVE-2026-42909,2026-06-09,HIGH,7.5,NETWORK,NONE,False,service_disable,rdp,"Disable Remote Desktop, or require Network Level Authentication and gate by firewall",Microsoft CVE-2019-0708 guidance,secure@microsoft.com,3.1,false,false,0.004660,0.379840
CVE-2026-42910,2026-06-09,HIGH,7.8,LOCAL,LOW,False,unmitigable,,No documented mitigation that preserves current use; re-role or replace,,secure@microsoft.com,3.1,false,false,0.003330,0.242570
CVE-2026-42911,2026-06-09,HIGH,7.0,LOCAL,LOW,False,unmitigable,,No documented mitigation that preserves current use; re-role or replace,,secure@microsoft.com,3.1,false,false,0.002640,0.164820
CVE-2026-42912,2026-06-09,HIGH,7.0,LOCAL,LOW,False,unmitigable,,No documented mitigation that preserves current use; re-role or replace,,secure@microsoft.com,3.1,false,false,0.002020,0.091270
CVE-2026-42913,2026-06-09,HIGH,7.5,NETWORK,NONE,False,service_disable,rdp,"Disable Remote Desktop, or require Network Level Authentication and gate by firewall",Microsoft CVE-2019-0708 guidance,secure@microsoft.com,3.1,false,false,0.004660,0.379830
CVE-2026-42914,2026-06-09,MEDIUM,5.3,NETWORK,LOW,False,unmitigable,,No documented mitigation that preserves current use; re-role or replace,,secure@microsoft.com,3.1,false,false,0.008280,0.558970
CVE-2026-42915,2026-06-09,MEDIUM,5.5,LOCAL,LOW,False,unmitigable,,No documented mitigation that preserves current use; re-role or replace,,secure@microsoft.com,3.1,false,false,0.003990,0.316570
CVE-2026-42916,2026-06-09,HIGH,7.8,LOCAL,LOW,False,unmitigable,,No documented mitigation that preserves current use; re-role or replace,,secure@microsoft.com,3.1,false,false,0.003330,0.242330
CVE-2026-42968,2026-06-09,MEDIUM,5.5,LOCAL,LOW,False,unmitigable,,No documented mitigation that preserves current use; re-role or replace,,secure@microsoft.com,3.1,false,false,0.004040,0.322040
CVE-2026-42969,2026-06-09,MEDIUM,5.5,LOCAL,LOW,False,unmitigable,,No documented mitigation that preserves current use; re-role or replace,,secure@microsoft.com,3.1,false,false,0.004040,0.322060
CVE-2026-42970,2026-06-09,MEDIUM,5.5,LOCAL,LOW,False,unmitigable,,No documented mitigation that preserves current use; re-role or replace,,secure@microsoft.com,3.1,false,false,0.004790,0.389750
CVE-2026-42971,2026-06-09,MEDIUM,5.5,LOCAL,LOW,False,unmitigable,,No documented mitigation that preserves current use; re-role or replace,,secure@microsoft.com,3.1,false,false,0.004790,0.389750
CVE-2026-42972,2026-06-09,MEDIUM,5.5,LOCAL,LOW,False,service_disable,hyperv,Remove the Hyper-V role on endpoints that do not host VMs,Microsoft Hyper-V role guidance,secure@microsoft.com,3.1,false,false,0.004790,0.389790
CVE-2026-42973,2026-06-09,MEDIUM,5.5,LOCAL,LOW,False,unmitigable,,No documented mitigation that preserves current use; re-role or replace,,secure@microsoft.com,3.1,false,false,0.004790,0.389780
CVE-2026-42974,2026-06-09,HIGH,8.1,NETWORK,NONE,False,network_isolate,network,Segment to a restricted VLAN and block inbound access at the host firewall,,secure@microsoft.com,3.1,false,false,0.007070,0.516520
CVE-2026-42975,2026-07-14,HIGH,8.8,ADJACENT_NETWORK,NONE,False,service_disable,bluetooth,Disable the Bluetooth radio/stack by policy where unused,Microsoft Bluetooth hardening guidance,nvd@nist.gov,3.1,false,false,0.005360,0.430280
CVE-2026-42976,2026-08-11,HIGH,7.8,LOCAL,LOW,False,unmitigable,,No documented mitigation that preserves current use; re-role or replace,,secure@microsoft.com,3.1,false,false,0.002980,0.202790
CVE-2026-42977,2026-06-09,HIGH,7.8,LOCAL,LOW,False,unmitigable,,No documented mitigation that preserves current use; re-role or replace,,secure@microsoft.com,3.1,false,false,0.002020,0.091270
CVE-2026-42978,2026-06-09,HIGH,7.8,LOCAL,LOW,False,unmitigable,,No documented mitigation that preserves current use; re-role or replace,,secure@microsoft.com,3.1,false,false,0.002020,0.091190
CVE-2026-42979,2026-06-09,HIGH,7.8,LOCAL,LOW,False,unmitigable,,No documented mitigation that preserves current use; re-role or replace,,secure@microsoft.com,3.1,false,false,0.002020,0.091280
CVE-2026-42980,2026-06-09,HIGH,7.8,LOCAL,LOW,False,unmitigable,,No documented mitigation that preserves current use; re-role or replace,,secure@microsoft.com,3.1,false,false,0.003330,0.241730
CVE-2026-42981,2026-06-09,HIGH,8.1,NETWORK,NONE,False,network_isolate,network,Segment to a restricted VLAN and block inbound access at the host firewall,,secure@microsoft.com,3.1,false,false,0.007070,0.516530
CVE-2026-42982,2026-07-14,HIGH,7.8,LOCAL,LOW,False,unmitigable,,No documented mitigation that preserves current use; re-role or replace,,secure@microsoft.com,3.1,false,false,0.003330,0.241600
CVE-2026-42983,2026-06-09,HIGH,7.8,LOCAL,LOW,False,unmitigable,,No documented mitigation that preserves current use; re-role or replace,,secure@microsoft.com,3.1,false,false,0.003330,0.241800
CVE-2026-42984,2026-06-09,HIGH,7.0,LOCAL,LOW,False,unmitigable,,No documented mitigation that preserves current use; re-role or replace,,secure@microsoft.com,3.1,false,false,0.002640,0.165000
CVE-2026-42985,2026-06-09,HIGH,8.8,NETWORK,NONE,False,service_disable,rdp,"Disable Remote Desktop, or require Network Level Authentication and gate by firewall",Microsoft CVE-2019-0708 guidance,secure@microsoft.com,3.1,false,false,0.008190,0.555990
CVE-2026-42986,2026-06-09,HIGH,7.8,LOCAL,LOW,False,unmitigable,,No documented mitigation that preserves current use; re-role or replace,,secure@microsoft.com,3.1,false,false,0.003330,0.242500
CVE-2026-42989,2026-06-09,HIGH,7.8,LOCAL,LOW,False,unmitigable,,No documented mitigation that preserves current use; re-role or replace,,secure@microsoft.com,3.1,false,false,0.003700,0.285190
CVE-2026-42990,2026-07-14,CRITICAL,9.8,NETWORK,NONE,False,network_isolate,network,Segment to a restricted VLAN and block inbound access at the host firewall,,secure@microsoft.com,3.1,false,false,0.009740,0.606380
CVE-2026-42991,2026-06-09,HIGH,7.8,LOCAL,LOW,False,unmitigable,,No documented mitigation that preserves current use; re-role or replace,,secure@microsoft.com,3.1,false,false,0.002020,0.091290
CVE-2026-42992,2026-06-09,HIGH,7.5,NETWORK,NONE,False,service_disable,rdp,"Disable Remote Desktop, or require Network Level Authentication and gate by firewall",Microsoft CVE-2019-0708 guidance,secure@microsoft.com,3.1,false,false,0.006080,0.471120
CVE-2026-42993,2026-06-09,HIGH,7.5,NETWORK,NONE,False,service_disable,rdp,"Disable Remote Desktop, or require Network Level Authentication and gate by firewall",Microsoft CVE-2019-0708 guidance,secure@microsoft.com,3.1,false,false,0.006080,0.471120
CVE-2026-44799,2026-06-09,HIGH,7.5,NETWORK,NONE,False,service_disable,rdp,"Disable Remote Desktop, or require Network Level Authentication and gate by firewall",Microsoft CVE-2019-0708 guidance,secure@microsoft.com,3.1,false,false,0.006080,0.471130
CVE-2026-44800,2026-07-14,HIGH,7.8,LOCAL,LOW,False,unmitigable,,No documented mitigation that preserves current use; re-role or replace,,secure@microsoft.com,3.1,false,false,0.002020,0.091310
CVE-2026-44801,2026-06-09,HIGH,7.5,NETWORK,NONE,False,service_disable,rdp,"Disable Remote Desktop, or require Network Level Authentication and gate by firewall",Microsoft CVE-2019-0708 guidance,secure@microsoft.com,3.1,false,false,0.006080,0.471130
CVE-2026-44802,2026-06-09,HIGH,7.8,LOCAL,LOW,False,unmitigable,,No documented mitigation that preserves current use; re-role or replace,,secure@microsoft.com,3.1,false,false,0.003330,0.241950
CVE-2026-44803,2026-06-09,HIGH,7.8,LOCAL,NONE,False,unmitigable,,No documented mitigation that preserves current use; re-role or replace,,secure@microsoft.com,3.1,false,false,0.004660,0.380200
CVE-2026-44806,2026-07-14,HIGH,7.5,NETWORK,NONE,False,network_isolate,network,Segment to a restricted VLAN and block inbound access at the host firewall,,nvd@nist.gov,3.1,false,false,0.011740,0.663360
CVE-2026-44809,2026-06-09,HIGH,7.8,LOCAL,LOW,False,unmitigable,,No documented mitigation that preserves current use; re-role or replace,,secure@microsoft.com,3.1,false,false,0.003330,0.242130
CVE-2026-44810,2026-06-09,HIGH,7.8,LOCAL,LOW,False,unmitigable,,No documented mitigation that preserves current use; re-role or replace,,nvd@nist.gov,3.1,false,false,0.003010,0.205920
CVE-2026-44812,2026-06-09,HIGH,7.8,LOCAL,NONE,False,unmitigable,,No documented mitigation that preserves current use; re-role or replace,,secure@microsoft.com,3.1,false,false,0.004660,0.380200
CVE-2026-44815,2026-06-09,CRITICAL,9.8,NETWORK,NONE,False,network_isolate,network,Segment to a restricted VLAN and block inbound access at the host firewall,,secure@microsoft.com,3.1,false,false,0.009740,0.606380
CVE-2026-45487,2026-06-09,HIGH,7.0,LOCAL,LOW,False,unmitigable,,No documented mitigation that preserves current use; re-role or replace,,nvd@nist.gov,3.1,false,false,0.002140,0.105400
CVE-2026-45585,2026-05-20,MEDIUM,6.8,PHYSICAL,NONE,False,unmitigable,,No documented mitigation that preserves current use; re-role or replace,,secure@microsoft.com,3.1,false,false,0.004910,0.398760
CVE-2026-45586,2026-06-09,HIGH,7.8,LOCAL,LOW,False,unmitigable,,No documented mitigation that preserves current use; re-role or replace,,secure@microsoft.com,3.1,false,false,0.003700,0.285200
CVE-2026-45588,2026-06-09,HIGH,7.9,LOCAL,HIGH,False,unmitigable,,No documented mitigation that preserves current use; re-role or replace,,secure@microsoft.com,3.1,false,false,0.003530,0.265620
CVE-2026-45592,2026-06-09,HIGH,7.8,LOCAL,LOW,False,unmitigable,,No documented mitigation that preserves current use; re-role or replace,,secure@microsoft.com,3.1,false,false,0.003330,0.241600
CVE-2026-45593,2026-06-09,HIGH,7.8,LOCAL,LOW,False,unmitigable,,No documented mitigation that preserves current use; re-role or replace,,secure@microsoft.com,3.1,false,false,0.003330,0.242290
CVE-2026-45594,2026-06-09,MEDIUM,5.5,LOCAL,LOW,False,unmitigable,,No documented mitigation that preserves current use; re-role or replace,,secure@microsoft.com,3.1,false,false,0.004790,0.389780
CVE-2026-45595,2026-06-09,MEDIUM,5.4,NETWORK,NONE,False,network_isolate,network,Segment to a restricted VLAN and block inbound access at the host firewall,,secure@microsoft.com,3.1,false,false,0.004720,0.385100
CVE-2026-45596,2026-06-09,HIGH,7.0,LOCAL,LOW,False,unmitigable,,No documented mitigation that preserves current use; re-role or replace,,secure@microsoft.com,3.1,false,false,0.002020,0.091150
CVE-2026-45597,2026-06-09,HIGH,7.0,LOCAL,LOW,False,unmitigable,,No documented mitigation that preserves current use; re-role or replace,,secure@microsoft.com,3.1,false,false,0.002020,0.091130
CVE-2026-45598,2026-06-09,HIGH,7.0,LOCAL,LOW,False,unmitigable,,No documented mitigation that preserves current use; re-role or replace,,secure@microsoft.com,3.1,false,false,0.002020,0.091130
CVE-2026-45599,2026-06-09,HIGH,8.1,NETWORK,NONE,False,network_isolate,network,Segment to a restricted VLAN and block inbound access at the host firewall,,secure@microsoft.com,3.1,false,false,0.007070,0.516590
CVE-2026-45600,2026-06-09,HIGH,7.8,LOCAL,LOW,False,unmitigable,,No documented mitigation that preserves current use; re-role or replace,,secure@microsoft.com,3.1,false,false,0.003330,0.241890
CVE-2026-45601,2026-06-09,HIGH,7.0,LOCAL,LOW,False,unmitigable,,No documented mitigation that preserves current use; re-role or replace,,secure@microsoft.com,3.1,false,false,0.002020,0.091160
CVE-2026-45602,2026-06-09,CRITICAL,9.1,NETWORK,NONE,False,network_isolate,network,Segment to a restricted VLAN and block inbound access at the host firewall,,secure@microsoft.com,3.1,false,false,0.004010,0.319080
CVE-2026-45603,2026-06-09,HIGH,7.0,LOCAL,LOW,False,unmitigable,,No documented mitigation that preserves current use; re-role or replace,,secure@microsoft.com,3.1,false,false,0.002020,0.091170
CVE-2026-45604,2026-06-09,MEDIUM,5.5,LOCAL,LOW,False,unmitigable,,No documented mitigation that preserves current use; re-role or replace,,secure@microsoft.com,3.1,false,false,0.004040,0.322050
CVE-2026-45605,2026-06-09,HIGH,7.8,LOCAL,LOW,False,service_disable,bluetooth,Disable the Bluetooth radio/stack by policy where unused,Microsoft Bluetooth hardening guidance,secure@microsoft.com,3.1,false,false,0.003330,0.242550
CVE-2026-45606,2026-06-09,MEDIUM,5.5,LOCAL,LOW,False,unmitigable,,No documented mitigation that preserves current use; re-role or replace,,secure@microsoft.com,3.1,false,false,0.003990,0.316580
CVE-2026-45607,2026-06-09,HIGH,7.8,LOCAL,LOW,False,service_disable,hyperv,Remove the Hyper-V role on endpoints that do not host VMs,Microsoft Hyper-V role guidance,nvd@nist.gov,3.1,false,false,0.003370,0.246270
CVE-2026-45608,2026-06-09,MEDIUM,6.8,LOCAL,NONE,False,unmitigable,,No documented mitigation that preserves current use; re-role or replace,,secure@microsoft.com,3.1,false,false,0.003770,0.291840
CVE-2026-45634,2026-06-09,MEDIUM,5.5,LOCAL,LOW,False,unmitigable,,No documented mitigation that preserves current use; re-role or replace,,secure@microsoft.com,3.1,false,false,0.004040,0.321990
CVE-2026-45635,2026-06-09,HIGH,8.1,NETWORK,NONE,False,network_isolate,network,Segment to a restricted VLAN and block inbound access at the host firewall,,secure@microsoft.com,3.1,false,false,0.007070,0.516580
CVE-2026-45636,2026-06-09,HIGH,7.8,LOCAL,NONE,False,unmitigable,,No documented mitigation that preserves current use; re-role or replace,,secure@microsoft.com,3.1,false,false,0.004660,0.380060
CVE-2026-45637,2026-06-09,HIGH,7.8,LOCAL,LOW,False,unmitigable,,No documented mitigation that preserves current use; re-role or replace,,secure@microsoft.com,3.1,false,false,0.003330,0.241560
CVE-2026-45638,2026-06-09,HIGH,7.8,LOCAL,LOW,False,unmitigable,,No documented mitigation that preserves current use; re-role or replace,,secure@microsoft.com,3.1,false,false,0.003330,0.241560
CVE-2026-45639,2026-06-09,HIGH,7.5,NETWORK,NONE,False,service_disable,rdp,"Disable Remote Desktop, or require Network Level Authentication and gate by firewall",Microsoft CVE-2019-0708 guidance,secure@microsoft.com,3.1,false,false,0.010270,0.622560
CVE-2026-45640,2026-06-09,HIGH,7.0,LOCAL,LOW,False,service_disable,bluetooth,Disable the Bluetooth radio/stack by policy where unused,Microsoft Bluetooth hardening guidance,secure@microsoft.com,3.1,false,false,0.002640,0.165020
CVE-2026-45641,2026-06-09,HIGH,7.8,LOCAL,LOW,False,service_disable,hyperv,Remove the Hyper-V role on endpoints that do not host VMs,Microsoft Hyper-V role guidance,nvd@nist.gov,3.1,false,false,0.003370,0.246270
CVE-2026-45642,2026-06-09,LOW,3.9,PHYSICAL,HIGH,False,unmitigable,,No documented mitigation that preserves current use; re-role or replace,,secure@microsoft.com,3.1,false,false,0.003720,0.286650
CVE-2026-45653,2026-06-09,HIGH,7.0,LOCAL,LOW,False,unmitigable,,No documented mitigation that preserves current use; re-role or replace,,secure@microsoft.com,3.1,false,false,0.002640,0.165030
CVE-2026-45654,2026-06-09,HIGH,7.9,LOCAL,HIGH,False,unmitigable,,No documented mitigation that preserves current use; re-role or replace,,secure@microsoft.com,3.1,false,false,0.003350,0.244120
CVE-2026-45655,2026-06-09,MEDIUM,5.3,PHYSICAL,NONE,False,unmitigable,,No documented mitigation that preserves current use; re-role or replace,,secure@microsoft.com,3.1,false,false,0.004680,0.381950
CVE-2026-45656,2026-06-09,HIGH,7.8,LOCAL,LOW,False,unmitigable,,No documented mitigation that preserves current use; re-role or replace,,secure@microsoft.com,3.1,false,false,0.003330,0.242290
CVE-2026-45657,2026-06-09,CRITICAL,9.8,NETWORK,NONE,False,network_isolate,network,Segment to a restricted VLAN and block inbound access at the host firewall,,secure@microsoft.com,3.1,false,false,0.009740,0.606490
CVE-2026-45658,2026-06-09,MEDIUM,6.8,PHYSICAL,NONE,False,unmitigable,,No documented mitigation that preserves current use; re-role or replace,,nvd@nist.gov,3.1,false,false,0.003010,0.205910
CVE-2026-47289,2026-06-09,HIGH,8.8,NETWORK,NONE,False,service_disable,rdp,"Disable Remote Desktop, or require Network Level Authentication and gate by firewall",Microsoft CVE-2019-0708 guidance,secure@microsoft.com,3.1,false,false,0.008190,0.555820
CVE-2026-47291,2026-06-09,CRITICAL,9.8,NETWORK,NONE,False,service_disable,iis,Remove the IIS role from endpoints,Microsoft IIS guidance,secure@microsoft.com,3.1,false,false,0.009740,0.606460
CVE-2026-47302,2026-07-14,HIGH,7.5,NETWORK,NONE,True,app_update,application,Update the affected application; it services independently of the OS,,secure@microsoft.com,3.1,false,false,0.011740,0.663300
CVE-2026-47304,2026-07-14,CRITICAL,9.8,NETWORK,NONE,True,app_update,application,Update the affected application; it services independently of the OS,,nvd@nist.gov,3.1,false,false,0.002860,0.190300
CVE-2026-47648,2026-06-09,HIGH,7.0,LOCAL,LOW,False,unmitigable,,No documented mitigation that preserves current use; re-role or replace,,secure@microsoft.com,3.1,false,false,0.002810,0.186220
CVE-2026-47652,2026-06-09,HIGH,8.2,LOCAL,HIGH,False,service_disable,hyperv,Remove the Hyper-V role on endpoints that do not host VMs,Microsoft Hyper-V role guidance,secure@microsoft.com,3.1,false,false,0.003480,0.260070
CVE-2026-47653,2026-06-09,HIGH,8.8,NETWORK,NONE,False,service_disable,rdp,"Disable Remote Desktop, or require Network Level Authentication and gate by firewall",Microsoft CVE-2019-0708 guidance,secure@microsoft.com,3.1,false,false,0.008190,0.555940
CVE-2026-47656,2026-06-09,HIGH,7.9,LOCAL,HIGH,False,unmitigable,,No documented mitigation that preserves current use; re-role or replace,,secure@microsoft.com,3.1,false,false,0.003530,0.265610
CVE-2026-48563,2026-06-09,HIGH,7.5,NETWORK,NONE,False,service_disable,rdp,"Disable Remote Desktop, or require Network Level Authentication and gate by firewall",Microsoft CVE-2019-0708 guidance,secure@microsoft.com,3.1,false,false,0.006080,0.471080
CVE-2026-48566,2026-06-09,MEDIUM,5.5,LOCAL,LOW,False,unmitigable,,No documented mitigation that preserves current use; re-role or replace,,secure@microsoft.com,3.1,false,false,0.004040,0.322060
CVE-2026-48568,2026-06-09,HIGH,7.9,LOCAL,HIGH,False,unmitigable,,No documented mitigation that preserves current use; re-role or replace,,secure@microsoft.com,3.1,false,false,0.003530,0.265620
CVE-2026-48570,2026-06-09,HIGH,7.9,LOCAL,HIGH,False,unmitigable,,No documented mitigation that preserves current use; re-role or replace,,secure@microsoft.com,3.1,false,false,0.003530,0.265620
CVE-2026-48571,2026-07-14,HIGH,7.0,LOCAL,LOW,False,unmitigable,,No documented mitigation that preserves current use; re-role or replace,,secure@microsoft.com,3.1,false,false,0.002640,0.164760
CVE-2026-48572,2026-07-14,HIGH,7.0,LOCAL,LOW,False,unmitigable,,No documented mitigation that preserves current use; re-role or replace,,secure@microsoft.com,3.1,false,false,0.002020,0.091300
CVE-2026-48573,2026-06-09,HIGH,7.9,LOCAL,HIGH,False,unmitigable,,No documented mitigation that preserves current use; re-role or replace,,secure@microsoft.com,3.1,false,false,0.022580,0.823210
CVE-2026-48574,2026-06-09,HIGH,7.8,LOCAL,NONE,False,unmitigable,,No documented mitigation that preserves current use; re-role or replace,,secure@microsoft.com,3.1,false,false,0.004660,0.380280
CVE-2026-48575,2026-06-09,HIGH,7.9,LOCAL,HIGH,False,unmitigable,,No documented mitigation that preserves current use; re-role or replace,,secure@microsoft.com,3.1,false,false,0.003530,0.265620
CVE-2026-48576,2026-06-09,HIGH,7.9,LOCAL,HIGH,False,unmitigable,,No documented mitigation that preserves current use; re-role or replace,,secure@microsoft.com,3.1,false,false,0.022580,0.823220
CVE-2026-48578,2026-06-09,HIGH,7.9,LOCAL,HIGH,False,unmitigable,,No documented mitigation that preserves current use; re-role or replace,,secure@microsoft.com,3.1,false,false,0.003350,0.244110
CVE-2026-48583,2026-06-09,HIGH,7.8,LOCAL,LOW,False,unmitigable,,No documented mitigation that preserves current use; re-role or replace,,secure@microsoft.com,3.1,false,false,0.003330,0.242600
CVE-2026-49160,2026-06-09,HIGH,7.5,NETWORK,NONE,False,network_isolate,network,Segment to a restricted VLAN and block inbound access at the host firewall,,secure@microsoft.com,3.1,false,false,0.011740,0.663410
CVE-2026-49162,2026-07-14,HIGH,7.0,LOCAL,LOW,False,unmitigable,,No documented mitigation that preserves current use; re-role or replace,,secure@microsoft.com,3.1,false,false,0.002640,0.164880
CVE-2026-49164,2026-07-14,CRITICAL,9.8,NETWORK,NONE,False,network_isolate,network,Segment to a restricted VLAN and block inbound access at the host firewall,,nvd@nist.gov,3.1,false,false,0.007920,0.546330
CVE-2026-49165,2026-07-14,HIGH,7.1,LOCAL,LOW,False,unmitigable,,No documented mitigation that preserves current use; re-role or replace,,secure@microsoft.com,3.1,false,false,0.003380,0.247550
CVE-2026-49166,2026-07-14,HIGH,7.8,LOCAL,LOW,False,unmitigable,,No documented mitigation that preserves current use; re-role or replace,,secure@microsoft.com,3.1,false,false,0.003330,0.241560
CVE-2026-49167,2026-07-14,HIGH,7.8,LOCAL,LOW,False,unmitigable,,No documented mitigation that preserves current use; re-role or replace,,nvd@nist.gov,3.1,false,false,0.003500,0.262640
CVE-2026-49168,2026-07-14,MEDIUM,6.8,PHYSICAL,NONE,False,unmitigable,,No documented mitigation that preserves current use; re-role or replace,,secure@microsoft.com,3.1,false,false,0.004380,0.357120
CVE-2026-49170,2026-07-14,HIGH,7.8,LOCAL,LOW,False,unmitigable,,No documented mitigation that preserves current use; re-role or replace,,secure@microsoft.com,3.1,false,false,0.002980,0.202890
CVE-2026-49171,2026-07-14,HIGH,7.8,LOCAL,LOW,False,unmitigable,,No documented mitigation that preserves current use; re-role or replace,,nvd@nist.gov,3.1,false,false,0.003000,0.205310
CVE-2026-49172,2026-07-14,CRITICAL,9.8,NETWORK,NONE,False,network_isolate,network,Segment to a restricted VLAN and block inbound access at the host firewall,,secure@microsoft.com,3.1,false,false,0.009740,0.606420
CVE-2026-49174,2026-07-14,MEDIUM,6.1,LOCAL,LOW,False,unmitigable,,No documented mitigation that preserves current use; re-role or replace,,secure@microsoft.com,3.1,false,false,0.002700,0.172870
CVE-2026-49175,2026-07-14,HIGH,7.8,LOCAL,LOW,False,unmitigable,,No documented mitigation that preserves current use; re-role or replace,,secure@microsoft.com,3.1,false,false,0.003330,0.241830
CVE-2026-49176,2026-07-14,HIGH,7.8,LOCAL,LOW,False,unmitigable,,No documented mitigation that preserves current use; re-role or replace,,secure@microsoft.com,3.1,false,false,0.003280,0.234680
CVE-2026-49177,2026-07-14,MEDIUM,5.5,LOCAL,LOW,False,unmitigable,,No documented mitigation that preserves current use; re-role or replace,,secure@microsoft.com,3.1,false,false,0.004430,0.361460
CVE-2026-49178,2026-07-14,HIGH,8.8,NETWORK,LOW,False,unmitigable,,No documented mitigation that preserves current use; re-role or replace,,secure@microsoft.com,3.1,false,false,0.009130,0.585860
CVE-2026-49179,2026-08-11,HIGH,8.8,NETWORK,NONE,False,network_isolate,network,Segment to a restricted VLAN and block inbound access at the host firewall,,secure@microsoft.com,3.1,false,false,0.008630,0.570400
CVE-2026-49180,2026-07-14,MEDIUM,5.5,LOCAL,LOW,False,unmitigable,,No documented mitigation that preserves current use; re-role or replace,,nvd@nist.gov,3.1,false,false,0.004440,0.362010
CVE-2026-49183,2026-07-14,HIGH,7.0,LOCAL,LOW,False,unmitigable,,No documented mitigation that preserves current use; re-role or replace,,secure@microsoft.com,3.1,false,false,0.002020,0.091280
CVE-2026-49184,2026-07-14,HIGH,7.8,LOCAL,LOW,False,unmitigable,,No documented mitigation that preserves current use; re-role or replace,,nvd@nist.gov,3.1,false,false,0.003370,0.246260
CVE-2026-49783,2026-07-14,HIGH,7.8,LOCAL,LOW,False,unmitigable,,No documented mitigation that preserves current use; re-role or replace,,secure@microsoft.com,3.1,false,false,0.003330,0.241620
CVE-2026-49784,2026-07-14,HIGH,7.0,LOCAL,LOW,False,unmitigable,,No documented mitigation that preserves current use; re-role or replace,,secure@microsoft.com,3.1,false,false,0.002020,0.091290
CVE-2026-49787,2026-07-14,HIGH,7.5,NETWORK,NONE,False,service_disable,iis,Remove the IIS role from endpoints,Microsoft IIS guidance,secure@microsoft.com,3.1,false,false,0.011740,0.663430
CVE-2026-49788,2026-07-14,HIGH,7.5,NETWORK,NONE,False,network_isolate,network,Segment to a restricted VLAN and block inbound access at the host firewall,,secure@microsoft.com,3.1,false,false,0.011740,0.663440
CVE-2026-49789,2026-07-14,HIGH,7.8,LOCAL,LOW,False,unmitigable,,No documented mitigation that preserves current use; re-role or replace,,nvd@nist.gov,3.1,false,false,0.003590,0.272700
CVE-2026-49790,2026-07-14,HIGH,7.8,LOCAL,LOW,False,unmitigable,,No documented mitigation that preserves current use; re-role or replace,,nvd@nist.gov,3.1,false,false,0.003590,0.272700
CVE-2026-49791,2026-07-14,HIGH,7.8,LOCAL,LOW,False,unmitigable,,No documented mitigation that preserves current use; re-role or replace,,nvd@nist.gov,3.1,false,false,0.003800,0.295060
CVE-2026-49792,2026-07-14,HIGH,7.8,LOCAL,LOW,False,unmitigable,,No documented mitigation that preserves current use; re-role or replace,,secure@microsoft.com,3.1,false,false,0.003330,0.241570
CVE-2026-49793,2026-07-14,HIGH,7.8,LOCAL,LOW,False,unmitigable,,No documented mitigation that preserves current use; re-role or replace,,secure@microsoft.com,3.1,false,false,0.003330,0.241670
CVE-2026-49794,2026-07-14,MEDIUM,4.6,PHYSICAL,NONE,False,unmitigable,,No documented mitigation that preserves current use; re-role or replace,,secure@microsoft.com,3.1,false,false,0.004680,0.381960
CVE-2026-49795,2026-07-14,HIGH,8.8,LOCAL,LOW,False,unmitigable,,No documented mitigation that preserves current use; re-role or replace,,secure@microsoft.com,3.1,false,false,0.003330,0.241660
CVE-2026-49796,2026-07-14,HIGH,7.8,LOCAL,NONE,False,unmitigable,,No documented mitigation that preserves current use; re-role or replace,,secure@microsoft.com,3.1,false,false,0.004660,0.380190
CVE-2026-49797,2026-07-14,HIGH,7.8,LOCAL,NONE,False,unmitigable,,No documented mitigation that preserves current use; re-role or replace,,secure@microsoft.com,3.1,false,false,0.004660,0.380320
CVE-2026-49798,2026-07-14,CRITICAL,9.3,LOCAL,NONE,False,unmitigable,,No documented mitigation that preserves current use; re-role or replace,,secure@microsoft.com,3.1,false,false,0.003640,0.278290
CVE-2026-49799,2026-07-14,MEDIUM,6.5,NETWORK,LOW,False,unmitigable,,No documented mitigation that preserves current use; re-role or replace,,secure@microsoft.com,3.1,false,false,0.011380,0.653440
CVE-2026-49800,2026-07-14,HIGH,7.8,LOCAL,LOW,False,service_disable,name_resolution,Disable LLMNR/NetBIOS name resolution and WPAD by Group Policy,Microsoft name-resolution hardening guidance,secure@microsoft.com,3.1,false,false,0.003330,0.242250
CVE-2026-49801,2026-07-14,MEDIUM,5.5,LOCAL,LOW,False,unmitigable,,No documented mitigation that preserves current use; re-role or replace,,secure@microsoft.com,3.1,false,false,0.004040,0.322010
CVE-2026-49802,2026-07-14,HIGH,7.0,LOCAL,LOW,False,unmitigable,,No documented mitigation that preserves current use; re-role or replace,,secure@microsoft.com,3.1,false,false,0.002020,0.091190
CVE-2026-49803,2026-07-14,HIGH,7.0,LOCAL,LOW,False,unmitigable,,No documented mitigation that preserves current use; re-role or replace,,secure@microsoft.com,3.1,false,false,0.002020,0.091270
CVE-2026-49804,2026-07-14,MEDIUM,6.6,PHYSICAL,NONE,False,unmitigable,,No documented mitigation that preserves current use; re-role or replace,,secure@microsoft.com,3.1,false,false,0.004830,0.392560
CVE-2026-49805,2026-07-14,HIGH,7.0,LOCAL,LOW,False,unmitigable,,No documented mitigation that preserves current use; re-role or replace,,secure@microsoft.com,3.1,false,false,0.002360,0.131690
CVE-2026-49806,2026-07-14,HIGH,7.0,LOCAL,LOW,False,unmitigable,,No documented mitigation that preserves current use; re-role or replace,,secure@microsoft.com,3.1,false,false,0.002020,0.091180
CVE-2026-49807,2026-07-14,MEDIUM,6.2,LOCAL,NONE,False,unmitigable,,No documented mitigation that preserves current use; re-role or replace,,secure@microsoft.com,3.1,false,false,0.005060,0.409150
CVE-2026-49808,2026-07-14,HIGH,7.8,LOCAL,LOW,False,unmitigable,,No documented mitigation that preserves current use; re-role or replace,,secure@microsoft.com,3.1,false,false,0.002020,0.091190
CVE-2026-50293,2026-07-14,HIGH,7.8,LOCAL,LOW,False,unmitigable,,No documented mitigation that preserves current use; re-role or replace,,secure@microsoft.com,3.1,false,false,0.003330,0.242230
CVE-2026-50294,2026-07-14,MEDIUM,6.2,LOCAL,NONE,False,unmitigable,,No documented mitigation that preserves current use; re-role or replace,,secure@microsoft.com,3.1,false,false,0.005060,0.409160
CVE-2026-50295,2026-07-14,MEDIUM,5.5,LOCAL,LOW,False,unmitigable,,No documented mitigation that preserves current use; re-role or replace,,secure@microsoft.com,3.1,false,false,0.003020,0.207070
CVE-2026-50296,2026-07-14,HIGH,7.0,LOCAL,LOW,False,unmitigable,,No documented mitigation that preserves current use; re-role or replace,,secure@microsoft.com,3.1,false,false,0.002640,0.164730
CVE-2026-50297,2026-07-14,HIGH,7.0,LOCAL,LOW,False,unmitigable,,No documented mitigation that preserves current use; re-role or replace,,secure@microsoft.com,3.1,false,false,0.002360,0.131700
CVE-2026-50298,2026-07-14,MEDIUM,6.8,PHYSICAL,NONE,False,unmitigable,,No documented mitigation that preserves current use; re-role or replace,,secure@microsoft.com,3.1,false,false,0.004380,0.357140
CVE-2026-50299,2026-07-14,MEDIUM,6.8,PHYSICAL,NONE,False,unmitigable,,No documented mitigation that preserves current use; re-role or replace,,secure@microsoft.com,3.1,false,false,0.004380,0.357140
CVE-2026-50300,2026-07-14,MEDIUM,5.5,LOCAL,LOW,False,unmitigable,,No documented mitigation that preserves current use; re-role or replace,,secure@microsoft.com,3.1,false,false,0.004040,0.321960
CVE-2026-50302,2026-07-14,MEDIUM,6.5,NETWORK,NONE,False,network_isolate,network,Segment to a restricted VLAN and block inbound access at the host firewall,,nvd@nist.gov,3.1,false,false,0.003340,0.243940
CVE-2026-50303,2026-07-14,MEDIUM,5.5,LOCAL,LOW,False,unmitigable,,No documented mitigation that preserves current use; re-role or replace,,secure@microsoft.com,3.1,false,false,0.002700,0.173120
CVE-2026-50305,2026-07-14,HIGH,7.8,LOCAL,LOW,False,unmitigable,,No documented mitigation that preserves current use; re-role or replace,,secure@microsoft.com,3.1,false,false,0.002560,0.155220
CVE-2026-50306,2026-07-14,HIGH,7.8,LOCAL,LOW,False,unmitigable,,No documented mitigation that preserves current use; re-role or replace,,secure@microsoft.com,3.1,false,false,0.003330,0.242580
CVE-2026-50307,2026-07-14,HIGH,7.8,LOCAL,LOW,False,unmitigable,,No documented mitigation that preserves current use; re-role or replace,,nvd@nist.gov,3.1,false,false,0.002790,0.183340
CVE-2026-50308,2026-07-14,HIGH,7.8,LOCAL,NONE,False,unmitigable,,No documented mitigation that preserves current use; re-role or replace,,secure@microsoft.com,3.1,false,false,0.004660,0.380170
CVE-2026-50309,2026-07-14,HIGH,7.8,LOCAL,LOW,False,unmitigable,,No documented mitigation that preserves current use; re-role or replace,,secure@microsoft.com,3.1,false,false,0.003330,0.242240
CVE-2026-50310,2026-07-14,MEDIUM,4.7,LOCAL,LOW,False,unmitigable,,No documented mitigation that preserves current use; re-role or replace,,secure@microsoft.com,3.1,false,false,0.003110,0.216340
CVE-2026-50311,2026-07-14,HIGH,7.8,LOCAL,LOW,False,unmitigable,,No documented mitigation that preserves current use; re-role or replace,,secure@microsoft.com,3.1,false,false,0.002980,0.202900
CVE-2026-50312,2026-07-14,HIGH,7.8,LOCAL,LOW,False,unmitigable,,No documented mitigation that preserves current use; re-role or replace,,nvd@nist.gov,3.1,false,false,0.003500,0.262640
CVE-2026-50313,2026-07-14,HIGH,7.8,LOCAL,NONE,False,unmitigable,,No documented mitigation that preserves current use; re-role or replace,,secure@microsoft.com,3.1,false,false,0.004660,0.380170
CVE-2026-50315,2026-07-14,HIGH,7.8,LOCAL,LOW,False,unmitigable,,No documented mitigation that preserves current use; re-role or replace,,secure@microsoft.com,3.1,false,false,0.003330,0.242230
CVE-2026-50316,2026-07-14,MEDIUM,5.5,LOCAL,LOW,False,unmitigable,,No documented mitigation that preserves current use; re-role or replace,,secure@microsoft.com,3.1,false,false,0.004790,0.389740
CVE-2026-50317,2026-07-14,HIGH,7.0,LOCAL,LOW,False,unmitigable,,No documented mitigation that preserves current use; re-role or replace,,nvd@nist.gov,3.1,false,false,0.002140,0.105380
CVE-2026-50318,2026-07-14,HIGH,7.8,LOCAL,LOW,False,unmitigable,,No documented mitigation that preserves current use; re-role or replace,,secure@microsoft.com,3.1,false,false,0.003330,0.242230
CVE-2026-50321,2026-07-14,HIGH,7.0,LOCAL,LOW,False,unmitigable,,No documented mitigation that preserves current use; re-role or replace,,nvd@nist.gov,3.1,false,false,0.002140,0.105380
CVE-2026-50322,2026-07-14,HIGH,7.0,LOCAL,LOW,False,unmitigable,,No documented mitigation that preserves current use; re-role or replace,,secure@microsoft.com,3.1,false,false,0.002020,0.091310
CVE-2026-50323,2026-07-14,HIGH,7.0,LOCAL,LOW,False,unmitigable,,No documented mitigation that preserves current use; re-role or replace,,secure@microsoft.com,3.1,false,false,0.002640,0.165040
CVE-2026-50325,2026-07-14,HIGH,7.0,LOCAL,LOW,False,unmitigable,,No documented mitigation that preserves current use; re-role or replace,,secure@microsoft.com,3.1,false,false,0.002360,0.131700
CVE-2026-50326,2026-07-14,HIGH,7.8,LOCAL,LOW,False,unmitigable,,No documented mitigation that preserves current use; re-role or replace,,secure@microsoft.com,3.1,false,false,0.003330,0.241680
CVE-2026-50327,2026-07-14,HIGH,7.8,LOCAL,LOW,False,unmitigable,,No documented mitigation that preserves current use; re-role or replace,,secure@microsoft.com,3.1,false,false,0.003330,0.242000
CVE-2026-50329,2026-07-14,HIGH,7.8,LOCAL,LOW,False,unmitigable,,No documented mitigation that preserves current use; re-role or replace,,secure@microsoft.com,3.1,false,false,0.003330,0.241990
CVE-2026-50330,2026-07-14,CRITICAL,9.8,NETWORK,NONE,False,service_disable,rdp,"Disable Remote Desktop, or require Network Level Authentication and gate by firewall",Microsoft CVE-2019-0708 guidance,nvd@nist.gov,3.1,false,false,0.012520,0.683070
CVE-2026-50331,2026-07-14,HIGH,7.8,LOCAL,LOW,False,unmitigable,,No documented mitigation that preserves current use; re-role or replace,,secure@microsoft.com,3.1,false,false,0.003330,0.241990
CVE-2026-50332,2026-07-14,HIGH,7.8,LOCAL,LOW,False,unmitigable,,No documented mitigation that preserves current use; re-role or replace,,secure@microsoft.com,3.1,false,false,0.003330,0.242220
CVE-2026-50333,2026-07-14,HIGH,7.8,LOCAL,LOW,False,unmitigable,,No documented mitigation that preserves current use; re-role or replace,,secure@microsoft.com,3.1,false,false,0.002980,0.202870
CVE-2026-50334,2026-07-14,MEDIUM,5.5,LOCAL,LOW,False,unmitigable,,No documented mitigation that preserves current use; re-role or replace,,secure@microsoft.com,3.1,false,false,0.004790,0.389740
CVE-2026-50335,2026-07-14,HIGH,7.8,LOCAL,LOW,False,unmitigable,,No documented mitigation that preserves current use; re-role or replace,,secure@microsoft.com,3.1,false,false,0.002980,0.202910
CVE-2026-50336,2026-07-14,HIGH,7.8,LOCAL,LOW,False,unmitigable,,No documented mitigation that preserves current use; re-role or replace,,secure@microsoft.com,3.1,false,false,0.003330,0.242220
CVE-2026-50337,2026-07-14,HIGH,7.8,LOCAL,LOW,False,unmitigable,,No documented mitigation that preserves current use; re-role or replace,,secure@microsoft.com,3.1,false,false,0.003330,0.242210
CVE-2026-50339,2026-07-14,MEDIUM,5.5,LOCAL,LOW,False,unmitigable,,No documented mitigation that preserves current use; re-role or replace,,secure@microsoft.com,3.1,false,false,0.004790,0.389770
CVE-2026-50340,2026-07-14,HIGH,8.8,NETWORK,LOW,False,unmitigable,,No documented mitigation that preserves current use; re-role or replace,,nvd@nist.gov,3.1,false,false,0.007420,0.529400
CVE-2026-50341,2026-07-14,MEDIUM,5.5,LOCAL,LOW,False,unmitigable,,No documented mitigation that preserves current use; re-role or replace,,secure@microsoft.com,3.1,false,false,0.004040,0.321980
CVE-2026-50342,2026-07-14,HIGH,8.8,LOCAL,LOW,False,unmitigable,,No documented mitigation that preserves current use; re-role or replace,,secure@microsoft.com,3.1,false,false,0.002980,0.202900
CVE-2026-50343,2026-07-14,HIGH,7.8,LOCAL,LOW,False,unmitigable,,No documented mitigation that preserves current use; re-role or replace,,secure@microsoft.com,3.1,false,false,0.002980,0.202920
CVE-2026-50344,2026-07-14,HIGH,7.8,LOCAL,LOW,False,unmitigable,,No documented mitigation that preserves current use; re-role or replace,,secure@microsoft.com,3.1,false,false,0.002980,0.202920
CVE-2026-50345,2026-07-14,HIGH,7.0,LOCAL,LOW,False,unmitigable,,No documented mitigation that preserves current use; re-role or replace,,secure@microsoft.com,3.1,false,false,0.002020,0.091180
CVE-2026-50346,2026-07-14,HIGH,7.8,LOCAL,LOW,False,unmitigable,,No documented mitigation that preserves current use; re-role or replace,,secure@microsoft.com,3.1,false,false,0.002980,0.202860
CVE-2026-50347,2026-07-14,HIGH,7.8,LOCAL,NONE,False,unmitigable,,No documented mitigation that preserves current use; re-role or replace,,secure@microsoft.com,3.1,false,false,0.004660,0.380210
CVE-2026-50348,2026-07-14,HIGH,8.1,NETWORK,NONE,False,network_isolate,network,Segment to a restricted VLAN and block inbound access at the host firewall,,nvd@nist.gov,3.1,false,false,0.003600,0.274040
CVE-2026-50349,2026-09-08,HIGH,7.0,LOCAL,LOW,False,unmitigable,,No documented mitigation that preserves current use; re-role or replace,,secure@microsoft.com,3.1,false,false,0.002020,0.091280
CVE-2026-50350,2026-07-14,MEDIUM,5.5,LOCAL,LOW,False,unmitigable,,No documented mitigation that preserves current use; re-role or replace,,secure@microsoft.com,3.1,false,false,0.004790,0.389720
CVE-2026-50351,2026-07-14,HIGH,7.8,LOCAL,LOW,False,unmitigable,,No documented mitigation that preserves current use; re-role or replace,,secure@microsoft.com,3.1,false,false,0.002980,0.202850
CVE-2026-50352,2026-07-14,MEDIUM,5.5,LOCAL,LOW,False,unmitigable,,No documented mitigation that preserves current use; re-role or replace,,secure@microsoft.com,3.1,false,false,0.004790,0.389720
CVE-2026-50353,2026-07-14,HIGH,7.8,LOCAL,LOW,False,unmitigable,,No documented mitigation that preserves current use; re-role or replace,,secure@microsoft.com,3.1,false,false,0.003330,0.241690
CVE-2026-50354,2026-07-14,HIGH,7.1,LOCAL,LOW,False,unmitigable,,No documented mitigation that preserves current use; re-role or replace,,secure@microsoft.com,3.1,false,false,0.003330,0.242720
CVE-2026-50355,2026-07-14,HIGH,7.5,NETWORK,NONE,False,network_isolate,network,Segment to a restricted VLAN and block inbound access at the host firewall,,secure@microsoft.com,3.1,false,false,0.011740,0.663450
CVE-2026-50356,2026-07-14,HIGH,7.0,LOCAL,LOW,False,unmitigable,,No documented mitigation that preserves current use; re-role or replace,,secure@microsoft.com,3.1,false,false,0.002020,0.091300
CVE-2026-50357,2026-07-14,HIGH,7.8,LOCAL,LOW,False,unmitigable,,No documented mitigation that preserves current use; re-role or replace,,secure@microsoft.com,3.1,false,false,0.003330,0.241680
CVE-2026-50358,2026-07-14,HIGH,7.8,LOCAL,LOW,False,unmitigable,,No documented mitigation that preserves current use; re-role or replace,,nvd@nist.gov,3.1,false,false,0.002790,0.183380
CVE-2026-50359,2026-07-14,HIGH,7.8,LOCAL,LOW,False,unmitigable,,No documented mitigation that preserves current use; re-role or replace,,nvd@nist.gov,3.1,false,false,0.002790,0.183340
CVE-2026-50360,2026-07-14,HIGH,8.8,NETWORK,LOW,False,unmitigable,,No documented mitigation that preserves current use; re-role or replace,,secure@microsoft.com,3.1,false,false,0.007780,0.541810
CVE-2026-50361,2026-07-14,HIGH,7.8,LOCAL,LOW,False,unmitigable,,No documented mitigation that preserves current use; re-role or replace,,secure@microsoft.com,3.1,false,false,0.002560,0.155220
CVE-2026-50362,2026-07-14,HIGH,7.8,LOCAL,NONE,False,unmitigable,,No documented mitigation that preserves current use; re-role or replace,,secure@microsoft.com,3.1,false,false,0.004660,0.380160
CVE-2026-50363,2026-07-14,HIGH,7.8,LOCAL,LOW,False,unmitigable,,No documented mitigation that preserves current use; re-role or replace,,secure@microsoft.com,3.1,false,false,0.003330,0.242560
CVE-2026-50364,2026-07-14,HIGH,7.3,LOCAL,LOW,False,unmitigable,,No documented mitigation that preserves current use; re-role or replace,,secure@microsoft.com,3.1,false,false,0.004690,0.382140
CVE-2026-50365,2026-07-14,HIGH,8.0,ADJACENT_NETWORK,NONE,False,network_isolate,network,Segment to a restricted VLAN and block inbound access at the host firewall,,secure@microsoft.com,3.1,false,false,0.005420,0.434230
CVE-2026-50366,2026-07-14,MEDIUM,6.5,NETWORK,LOW,False,unmitigable,,No documented mitigation that preserves current use; re-role or replace,,secure@microsoft.com,3.1,false,false,0.011380,0.653440
CVE-2026-50367,2026-07-14,HIGH,7.8,LOCAL,LOW,False,unmitigable,,No documented mitigation that preserves current use; re-role or replace,,secure@microsoft.com,3.1,false,false,0.003330,0.241650
CVE-2026-50368,2026-07-14,HIGH,7.5,NETWORK,NONE,False,network_isolate,network,Segment to a restricted VLAN and block inbound access at the host firewall,,secure@microsoft.com,3.1,false,false,0.011740,0.663390
CVE-2026-50369,2026-07-14,HIGH,8.8,NETWORK,LOW,False,service_disable,rdp,"Disable Remote Desktop, or require Network Level Authentication and gate by firewall",Microsoft CVE-2019-0708 guidance,secure@microsoft.com,3.1,false,false,0.007010,0.514020
CVE-2026-50371,2026-07-14,HIGH,7.0,LOCAL,LOW,False,unmitigable,,No documented mitigation that preserves current use; re-role or replace,,secure@microsoft.com,3.1,false,false,0.002020,0.091290
CVE-2026-50372,2026-07-14,HIGH,7.0,LOCAL,LOW,False,unmitigable,,No documented mitigation that preserves current use; re-role or replace,,secure@microsoft.com,3.1,false,false,0.002640,0.164940
CVE-2026-50373,2026-07-14,HIGH,7.8,LOCAL,LOW,False,service_disable,search,Disable the Windows Search indexer where not required,Microsoft service hardening guidance,secure@microsoft.com,3.1,false,false,0.002980,0.202910
CVE-2026-50374,2026-07-14,MEDIUM,6.8,PHYSICAL,NONE,False,unmitigable,,No documented mitigation that preserves current use; re-role or replace,,nvd@nist.gov,3.1,false,false,0.003470,0.258160
CVE-2026-50375,2026-07-14,HIGH,7.8,LOCAL,LOW,False,unmitigable,,No documented mitigation that preserves current use; re-role or replace,,nvd@nist.gov,3.1,false,false,0.002950,0.199400
CVE-2026-50376,2026-07-14,MEDIUM,6.5,NETWORK,NONE,False,service_disable,rdp,"Disable Remote Desktop, or require Network Level Authentication and gate by firewall",Microsoft CVE-2019-0708 guidance,secure@microsoft.com,3.1,false,false,0.009220,0.588600
CVE-2026-50377,2026-07-14,HIGH,7.8,LOCAL,LOW,False,unmitigable,,No documented mitigation that preserves current use; re-role or replace,,nvd@nist.gov,3.1,false,false,0.004090,0.326870
CVE-2026-50378,2026-07-14,HIGH,7.0,LOCAL,LOW,False,unmitigable,,No documented mitigation that preserves current use; re-role or replace,,nvd@nist.gov,3.1,false,false,0.002140,0.105390
CVE-2026-50379,2026-07-14,HIGH,7.5,NETWORK,LOW,False,unmitigable,,No documented mitigation that preserves current use; re-role or replace,,secure@microsoft.com,3.1,false,false,0.005090,0.411740
CVE-2026-50380,2026-07-14,CRITICAL,9.6,NETWORK,NONE,False,network_isolate,network,Segment to a restricted VLAN and block inbound access at the host firewall,,secure@microsoft.com,3.1,false,false,0.008190,0.555870
CVE-2026-50381,2026-07-14,MEDIUM,5.5,LOCAL,LOW,False,unmitigable,,No documented mitigation that preserves current use; re-role or replace,,secure@microsoft.com,3.1,false,false,0.004040,0.322030
CVE-2026-50382,2026-07-14,HIGH,8.8,LOCAL,LOW,False,unmitigable,,No documented mitigation that preserves current use; re-role or replace,,secure@microsoft.com,3.1,false,false,0.003330,0.242410
CVE-2026-50383,2026-07-14,MEDIUM,5.5,LOCAL,LOW,False,service_disable,spooler,Stop and disable the Print Spooler service on devices that do not print,Microsoft ADV / KB5005010,nvd@nist.gov,3.1,false,false,0.004040,0.322030
CVE-2026-50384,2026-07-14,HIGH,7.0,LOCAL,LOW,False,unmitigable,,No documented mitigation that preserves current use; re-role or replace,,secure@microsoft.com,3.1,false,false,0.002020,0.091200
CVE-2026-50385,2026-07-14,HIGH,8.8,LOCAL,LOW,False,unmitigable,,No documented mitigation that preserves current use; re-role or replace,,secure@microsoft.com,3.1,false,false,0.002560,0.155200
CVE-2026-50386,2026-07-14,HIGH,7.8,LOCAL,NONE,False,unmitigable,,No documented mitigation that preserves current use; re-role or replace,,secure@microsoft.com,3.1,false,false,0.004660,0.380330
CVE-2026-50387,2026-07-14,HIGH,7.8,LOCAL,LOW,False,unmitigable,,No documented mitigation that preserves current use; re-role or replace,,secure@microsoft.com,3.1,false,false,0.003330,0.242410
CVE-2026-50388,2026-07-14,HIGH,7.8,LOCAL,NONE,False,unmitigable,,No documented mitigation that preserves current use; re-role or replace,,secure@microsoft.com,3.1,false,false,0.004660,0.380320
CVE-2026-50389,2026-07-14,MEDIUM,5.5,LOCAL,LOW,False,unmitigable,,No documented mitigation that preserves current use; re-role or replace,,secure@microsoft.com,3.1,false,false,0.004790,0.389740
CVE-2026-50390,2026-07-14,HIGH,7.8,LOCAL,LOW,False,unmitigable,,No documented mitigation that preserves current use; re-role or replace,,nvd@nist.gov,3.1,false,false,0.002790,0.183350
CVE-2026-50391,2026-07-14,HIGH,7.8,LOCAL,LOW,False,unmitigable,,No documented mitigation that preserves current use; re-role or replace,,secure@microsoft.com,3.1,false,false,0.002980,0.202840
CVE-2026-50392,2026-07-14,HIGH,7.0,LOCAL,LOW,False,unmitigable,,No documented mitigation that preserves current use; re-role or replace,,secure@microsoft.com,3.1,false,false,0.002640,0.164750
CVE-2026-50393,2026-07-14,HIGH,7.8,LOCAL,LOW,False,unmitigable,,No documented mitigation that preserves current use; re-role or replace,,nvd@nist.gov,3.1,false,false,0.002790,0.183350
CVE-2026-50394,2026-07-14,MEDIUM,5.5,LOCAL,LOW,False,unmitigable,,No documented mitigation that preserves current use; re-role or replace,,secure@microsoft.com,3.1,false,false,0.004790,0.389720
CVE-2026-50396,2026-07-14,HIGH,7.8,LOCAL,LOW,False,unmitigable,,No documented mitigation that preserves current use; re-role or replace,,nvd@nist.gov,3.1,false,false,0.002790,0.183360
CVE-2026-50397,2026-07-14,HIGH,7.0,LOCAL,LOW,False,unmitigable,,No documented mitigation that preserves current use; re-role or replace,,secure@microsoft.com,3.1,false,false,0.002640,0.164750
CVE-2026-50398,2026-07-14,HIGH,7.5,NETWORK,LOW,False,unmitigable,,No documented mitigation that preserves current use; re-role or replace,,nvd@nist.gov,3.1,false,false,0.005690,0.450420
CVE-2026-50399,2026-07-14,HIGH,7.8,LOCAL,LOW,False,unmitigable,,No documented mitigation that preserves current use; re-role or replace,,secure@microsoft.com,3.1,false,false,0.003330,0.242480
CVE-2026-50400,2026-07-14,HIGH,7.8,LOCAL,LOW,False,unmitigable,,No documented mitigation that preserves current use; re-role or replace,,secure@microsoft.com,3.1,false,false,0.003330,0.242390
CVE-2026-50401,2026-07-14,MEDIUM,5.5,LOCAL,LOW,False,unmitigable,,No documented mitigation that preserves current use; re-role or replace,,secure@microsoft.com,3.1,false,false,0.004040,0.321970
CVE-2026-50402,2026-07-14,HIGH,7.8,LOCAL,LOW,False,unmitigable,,No documented mitigation that preserves current use; re-role or replace,,secure@microsoft.com,3.1,false,false,0.003330,0.242420
CVE-2026-50403,2026-07-14,HIGH,7.0,LOCAL,LOW,False,unmitigable,,No documented mitigation that preserves current use; re-role or replace,,secure@microsoft.com,3.1,false,false,0.002020,0.091180
CVE-2026-50404,2026-07-14,HIGH,7.0,LOCAL,LOW,False,unmitigable,,No documented mitigation that preserves current use; re-role or replace,,secure@microsoft.com,3.1,false,false,0.002020,0.091180
CVE-2026-50405,2026-07-14,HIGH,7.8,LOCAL,LOW,False,unmitigable,,No documented mitigation that preserves current use; re-role or replace,,secure@microsoft.com,3.1,false,false,0.002980,0.202830
CVE-2026-50406,2026-07-14,HIGH,7.8,LOCAL,LOW,False,unmitigable,,No documented mitigation that preserves current use; re-role or replace,,nvd@nist.gov,3.1,false,false,0.002790,0.183370
CVE-2026-50407,2026-07-14,HIGH,7.8,LOCAL,LOW,False,unmitigable,,No documented mitigation that preserves current use; re-role or replace,,secure@microsoft.com,3.1,false,false,0.003330,0.242280
CVE-2026-50409,2026-07-14,MEDIUM,5.5,LOCAL,LOW,False,unmitigable,,No documented mitigation that preserves current use; re-role or replace,,secure@microsoft.com,3.1,false,false,0.004790,0.389690
CVE-2026-50410,2026-07-14,HIGH,7.0,LOCAL,LOW,False,unmitigable,,No documented mitigation that preserves current use; re-role or replace,,secure@microsoft.com,3.1,false,false,0.002640,0.164710
CVE-2026-50411,2026-07-14,HIGH,7.5,NETWORK,NONE,False,network_isolate,network,Segment to a restricted VLAN and block inbound access at the host firewall,,secure@microsoft.com,3.1,false,false,0.011740,0.663340
CVE-2026-50412,2026-07-14,HIGH,7.8,LOCAL,LOW,False,unmitigable,,No documented mitigation that preserves current use; re-role or replace,,secure@microsoft.com,3.1,false,false,0.003330,0.242280
CVE-2026-50413,2026-07-14,HIGH,7.8,LOCAL,LOW,False,unmitigable,,No documented mitigation that preserves current use; re-role or replace,,nvd@nist.gov,3.1,false,false,0.003330,0.242250
CVE-2026-50414,2026-07-14,HIGH,8.8,NETWORK,LOW,False,unmitigable,,No documented mitigation that preserves current use; re-role or replace,,nvd@nist.gov,3.1,false,false,0.005690,0.450410
CVE-2026-50415,2026-07-14,HIGH,7.5,NETWORK,NONE,False,network_isolate,network,Segment to a restricted VLAN and block inbound access at the host firewall,,nvd@nist.gov,3.1,false,false,0.008600,0.569550
CVE-2026-50416,2026-07-14,LOW,3.3,LOCAL,LOW,False,unmitigable,,No documented mitigation that preserves current use; re-role or replace,,nvd@nist.gov,3.1,false,false,0.004580,0.373140
CVE-2026-50417,2026-07-14,HIGH,7.8,LOCAL,LOW,False,unmitigable,,No documented mitigation that preserves current use; re-role or replace,,secure@microsoft.com,3.1,false,false,0.003330,0.242250
CVE-2026-50418,2026-07-14,MEDIUM,6.1,LOCAL,LOW,False,unmitigable,,No documented mitigation that preserves current use; re-role or replace,,nvd@nist.gov,3.1,false,false,0.002660,0.166820
CVE-2026-50419,2026-07-14,LOW,3.3,LOCAL,LOW,False,unmitigable,,No documented mitigation that preserves current use; re-role or replace,,secure@microsoft.com,3.1,false,false,0.004580,0.373140
CVE-2026-50420,2026-07-14,MEDIUM,5.5,LOCAL,LOW,False,service_disable,iis,Remove the IIS role from endpoints,Microsoft IIS guidance,nvd@nist.gov,3.1,false,false,0.004080,0.326100
CVE-2026-50421,2026-07-14,HIGH,7.8,LOCAL,LOW,False,unmitigable,,No documented mitigation that preserves current use; re-role or replace,,secure@microsoft.com,3.1,false,false,0.003330,0.242480
CVE-2026-50422,2026-07-14,HIGH,7.8,LOCAL,LOW,False,unmitigable,,No documented mitigation that preserves current use; re-role or replace,,secure@microsoft.com,3.1,false,false,0.003330,0.242480
CVE-2026-50423,2026-07-14,HIGH,7.8,LOCAL,LOW,False,unmitigable,,No documented mitigation that preserves current use; re-role or replace,,secure@microsoft.com,3.1,false,false,0.002980,0.202870
CVE-2026-50424,2026-07-14,HIGH,7.5,NETWORK,NONE,False,network_isolate,network,Segment to a restricted VLAN and block inbound access at the host firewall,,secure@microsoft.com,3.1,false,false,0.011740,0.663320
CVE-2026-50425,2026-07-14,HIGH,7.8,LOCAL,LOW,False,unmitigable,,No documented mitigation that preserves current use; re-role or replace,,secure@microsoft.com,3.1,false,false,0.003330,0.242400
CVE-2026-50427,2026-07-14,HIGH,7.8,LOCAL,LOW,False,unmitigable,,No documented mitigation that preserves current use; re-role or replace,,secure@microsoft.com,3.1,false,false,0.002560,0.155200
CVE-2026-50429,2026-07-14,HIGH,8.2,NETWORK,NONE,False,network_isolate,network,Segment to a restricted VLAN and block inbound access at the host firewall,,secure@microsoft.com,3.1,false,false,0.010690,0.635210
CVE-2026-50430,2026-07-14,MEDIUM,5.5,LOCAL,LOW,False,unmitigable,,No documented mitigation that preserves current use; re-role or replace,,secure@microsoft.com,3.1,false,false,0.004790,0.389790
CVE-2026-50431,2026-07-14,MEDIUM,5.5,LOCAL,LOW,False,unmitigable,,No documented mitigation that preserves current use; re-role or replace,,secure@microsoft.com,3.1,false,false,0.004790,0.389800
CVE-2026-50432,2026-07-14,MEDIUM,6.5,NETWORK,LOW,False,unmitigable,,No documented mitigation that preserves current use; re-role or replace,,nvd@nist.gov,3.1,false,false,0.009530,0.598780
CVE-2026-50433,2026-07-14,HIGH,7.8,LOCAL,LOW,False,unmitigable,,No documented mitigation that preserves current use; re-role or replace,,secure@microsoft.com,3.1,false,false,0.003330,0.242400
CVE-2026-50434,2026-07-14,MEDIUM,5.5,LOCAL,LOW,False,unmitigable,,No documented mitigation that preserves current use; re-role or replace,,secure@microsoft.com,3.1,false,false,0.004790,0.389760
CVE-2026-50435,2026-07-14,HIGH,7.8,LOCAL,LOW,False,unmitigable,,No documented mitigation that preserves current use; re-role or replace,,secure@microsoft.com,3.1,false,false,0.003330,0.242320
CVE-2026-50436,2026-07-14,HIGH,7.8,LOCAL,LOW,False,unmitigable,,No documented mitigation that preserves current use; re-role or replace,,secure@microsoft.com,3.1,false,false,0.003330,0.242320
CVE-2026-50437,2026-07-14,MEDIUM,5.5,LOCAL,LOW,False,unmitigable,,No documented mitigation that preserves current use; re-role or replace,,secure@microsoft.com,3.1,false,false,0.004040,0.321980
CVE-2026-50439,2026-07-14,CRITICAL,9.8,NETWORK,NONE,False,network_isolate,network,Segment to a restricted VLAN and block inbound access at the host firewall,,nvd@nist.gov,3.1,false,false,0.007920,0.546320
CVE-2026-50440,2026-07-14,HIGH,7.0,LOCAL,LOW,False,unmitigable,,No documented mitigation that preserves current use; re-role or replace,,nvd@nist.gov,3.1,false,false,0.002140,0.105390
CVE-2026-50441,2026-07-14,HIGH,7.8,LOCAL,LOW,False,unmitigable,,No documented mitigation that preserves current use; re-role or replace,,secure@microsoft.com,3.1,false,false,0.003330,0.242410
CVE-2026-50442,2026-07-14,MEDIUM,5.5,LOCAL,LOW,False,unmitigable,,No documented mitigation that preserves current use; re-role or replace,,secure@microsoft.com,3.1,false,false,0.004790,0.389780
CVE-2026-50445,2026-07-14,HIGH,7.5,NETWORK,NONE,False,service_disable,rdp,"Disable Remote Desktop, or require Network Level Authentication and gate by firewall",Microsoft CVE-2019-0708 guidance,nvd@nist.gov,3.1,false,false,0.009220,0.588590
CVE-2026-50447,2026-07-14,CRITICAL,9.8,NETWORK,NONE,False,network_isolate,network,Segment to a restricted VLAN and block inbound access at the host firewall,,secure@microsoft.com,3.1,false,false,0.009740,0.606380
CVE-2026-50448,2026-07-14,HIGH,7.8,LOCAL,NONE,False,unmitigable,,No documented mitigation that preserves current use; re-role or replace,,secure@microsoft.com,3.1,false,false,0.004660,0.380320
CVE-2026-50449,2026-07-14,HIGH,7.0,LOCAL,LOW,False,unmitigable,,No documented mitigation that preserves current use; re-role or replace,,secure@microsoft.com,3.1,false,false,0.002640,0.164950
CVE-2026-50450,2026-07-14,HIGH,7.0,LOCAL,LOW,False,unmitigable,,No documented mitigation that preserves current use; re-role or replace,,nvd@nist.gov,3.1,false,false,0.002020,0.091190
CVE-2026-50451,2026-07-14,HIGH,7.8,LOCAL,LOW,False,unmitigable,,No documented mitigation that preserves current use; re-role or replace,,nvd@nist.gov,3.1,false,false,0.003070,0.212460
CVE-2026-50452,2026-07-14,HIGH,8.1,NETWORK,NONE,False,network_isolate,network,Segment to a restricted VLAN and block inbound access at the host firewall,,nvd@nist.gov,3.1,false,false,0.003600,0.274040
CVE-2026-50453,2026-07-14,MEDIUM,4.6,PHYSICAL,NONE,False,unmitigable,,No documented mitigation that preserves current use; re-role or replace,,nvd@nist.gov,3.1,false,false,0.005100,0.412730
CVE-2026-50454,2026-07-14,HIGH,7.8,LOCAL,LOW,False,unmitigable,,No documented mitigation that preserves current use; re-role or replace,,secure@microsoft.com,3.1,false,false,0.003700,0.285220
CVE-2026-50455,2026-07-14,MEDIUM,5.5,LOCAL,LOW,False,unmitigable,,No documented mitigation that preserves current use; re-role or replace,,secure@microsoft.com,3.1,false,false,0.004040,0.321970
CVE-2026-50456,2026-07-14,MEDIUM,5.5,LOCAL,LOW,False,unmitigable,,No documented mitigation that preserves current use; re-role or replace,,secure@microsoft.com,3.1,false,false,0.004790,0.389790
CVE-2026-50457,2026-07-14,HIGH,7.8,LOCAL,LOW,False,unmitigable,,No documented mitigation that preserves current use; re-role or replace,,secure@microsoft.com,3.1,false,false,0.002560,0.155190
CVE-2026-50458,2026-07-14,HIGH,7.8,LOCAL,LOW,False,unmitigable,,No documented mitigation that preserves current use; re-role or replace,,secure@microsoft.com,3.1,false,false,0.002560,0.155210
CVE-2026-50459,2026-07-14,HIGH,7.8,LOCAL,LOW,False,unmitigable,,No documented mitigation that preserves current use; re-role or replace,,nvd@nist.gov,3.1,false,false,0.003030,0.208250
CVE-2026-50460,2026-07-14,HIGH,8.1,NETWORK,NONE,False,network_isolate,network,Segment to a restricted VLAN and block inbound access at the host firewall,,secure@microsoft.com,3.1,false,false,0.005420,0.434520
CVE-2026-50461,2026-07-14,HIGH,7.8,LOCAL,NONE,False,unmitigable,,No documented mitigation that preserves current use; re-role or replace,,secure@microsoft.com,3.1,false,false,0.004660,0.380100
CVE-2026-50462,2026-07-14,HIGH,7.8,LOCAL,LOW,False,unmitigable,,No documented mitigation that preserves current use; re-role or replace,,secure@microsoft.com,3.1,false,false,0.004570,0.372940
CVE-2026-50463,2026-07-14,HIGH,7.5,NETWORK,NONE,False,network_isolate,network,Segment to a restricted VLAN and block inbound access at the host firewall,,secure@microsoft.com,3.1,false,false,0.010270,0.622570
CVE-2026-50465,2026-07-14,HIGH,7.1,LOCAL,LOW,False,unmitigable,,No documented mitigation that preserves current use; re-role or replace,,secure@microsoft.com,3.1,false,false,0.002980,0.202990
CVE-2026-50466,2026-07-14,HIGH,7.8,LOCAL,LOW,False,unmitigable,,No documented mitigation that preserves current use; re-role or replace,,secure@microsoft.com,3.1,false,false,0.003330,0.242200
CVE-2026-50469,2026-07-14,HIGH,7.8,LOCAL,LOW,False,unmitigable,,No documented mitigation that preserves current use; re-role or replace,,secure@microsoft.com,3.1,false,false,0.003700,0.285210
CVE-2026-50470,2026-07-14,HIGH,7.5,NETWORK,NONE,False,service_disable,snmp,Remove the SNMP optional feature or restrict to a management VLAN,Microsoft SNMP deprecation guidance,secure@microsoft.com,3.1,false,false,0.010270,0.622580
CVE-2026-50471,2026-07-14,HIGH,7.8,LOCAL,NONE,False,unmitigable,,No documented mitigation that preserves current use; re-role or replace,,secure@microsoft.com,3.1,false,false,0.004660,0.380320
CVE-2026-50472,2026-08-11,HIGH,7.0,LOCAL,LOW,False,unmitigable,,No documented mitigation that preserves current use; re-role or replace,,secure@microsoft.com,3.1,false,false,0.002640,0.164940
CVE-2026-50473,2026-07-14,MEDIUM,5.5,LOCAL,LOW,False,unmitigable,,No documented mitigation that preserves current use; re-role or replace,,secure@microsoft.com,3.1,false,false,0.004790,0.389720
CVE-2026-50474,2026-07-14,HIGH,8.8,NETWORK,NONE,False,service_disable,rdp,"Disable Remote Desktop, or require Network Level Authentication and gate by firewall",Microsoft CVE-2019-0708 guidance,secure@microsoft.com,3.1,false,false,0.008190,0.556000
CVE-2026-50475,2026-07-14,MEDIUM,5.5,LOCAL,LOW,False,unmitigable,,No documented mitigation that preserves current use; re-role or replace,,secure@microsoft.com,3.1,false,false,0.003750,0.290310
CVE-2026-50476,2026-07-14,HIGH,7.8,LOCAL,LOW,False,unmitigable,,No documented mitigation that preserves current use; re-role or replace,,nvd@nist.gov,3.1,false,false,0.002790,0.183360
CVE-2026-50477,2026-07-14,HIGH,7.8,LOCAL,LOW,False,unmitigable,,No documented mitigation that preserves current use; re-role or replace,,nvd@nist.gov,3.1,false,false,0.003330,0.241790
CVE-2026-50478,2026-07-14,HIGH,7.8,LOCAL,LOW,False,unmitigable,,No documented mitigation that preserves current use; re-role or replace,,secure@microsoft.com,3.1,false,false,0.003330,0.241790
CVE-2026-50482,2026-07-14,HIGH,7.8,LOCAL,LOW,False,unmitigable,,No documented mitigation that preserves current use; re-role or replace,,nvd@nist.gov,3.1,false,false,0.003590,0.272690
CVE-2026-50483,2026-07-14,MEDIUM,5.5,LOCAL,LOW,False,unmitigable,,No documented mitigation that preserves current use; re-role or replace,,secure@microsoft.com,3.1,false,false,0.004790,0.389740
CVE-2026-50484,2026-07-14,HIGH,7.8,LOCAL,LOW,False,unmitigable,,No documented mitigation that preserves current use; re-role or replace,,secure@microsoft.com,3.1,false,false,0.003330,0.241780
CVE-2026-50485,2026-07-14,MEDIUM,5.7,ADJACENT_NETWORK,LOW,False,service_disable,hyperv,Remove the Hyper-V role on endpoints that do not host VMs,Microsoft Hyper-V role guidance,nvd@nist.gov,3.1,false,false,0.006560,0.494940
CVE-2026-50486,2026-07-14,HIGH,7.8,LOCAL,LOW,False,unmitigable,,No documented mitigation that preserves current use; re-role or replace,,secure@microsoft.com,3.1,false,false,0.003330,0.241780
CVE-2026-50487,2026-07-14,CRITICAL,9.8,NETWORK,NONE,False,network_isolate,network,Segment to a restricted VLAN and block inbound access at the host firewall,,nvd@nist.gov,3.1,false,false,0.007920,0.546320
CVE-2026-50488,2026-07-14,HIGH,7.8,LOCAL,LOW,False,unmitigable,,No documented mitigation that preserves current use; re-role or replace,,secure@microsoft.com,3.1,false,false,0.003220,0.229000
CVE-2026-50489,2026-07-14,HIGH,7.8,LOCAL,LOW,False,unmitigable,,No documented mitigation that preserves current use; re-role or replace,,nvd@nist.gov,3.1,false,false,0.003330,0.242280
CVE-2026-50490,2026-07-14,HIGH,7.8,LOCAL,LOW,False,unmitigable,,No documented mitigation that preserves current use; re-role or replace,,nvd@nist.gov,3.1,false,false,0.002790,0.183360
CVE-2026-50491,2026-07-14,HIGH,7.8,LOCAL,LOW,False,unmitigable,,No documented mitigation that preserves current use; re-role or replace,,nvd@nist.gov,3.1,false,false,0.002790,0.183350
CVE-2026-50492,2026-07-14,MEDIUM,6.8,PHYSICAL,NONE,False,unmitigable,,No documented mitigation that preserves current use; re-role or replace,,secure@microsoft.com,3.1,false,false,0.004380,0.357140
CVE-2026-50493,2026-07-14,HIGH,7.8,LOCAL,LOW,False,unmitigable,,No documented mitigation that preserves current use; re-role or replace,,secure@microsoft.com,3.1,false,false,0.003330,0.241990
CVE-2026-50494,2026-07-14,HIGH,7.8,LOCAL,LOW,False,unmitigable,,No documented mitigation that preserves current use; re-role or replace,,secure@microsoft.com,3.1,false,false,0.003330,0.241980
CVE-2026-50495,2026-07-14,MEDIUM,5.5,LOCAL,LOW,False,unmitigable,,No documented mitigation that preserves current use; re-role or replace,,nvd@nist.gov,3.1,false,false,0.003020,0.207080
CVE-2026-50496,2026-07-14,HIGH,7.5,NETWORK,NONE,False,service_disable,snmp,Remove the SNMP optional feature or restrict to a management VLAN,Microsoft SNMP deprecation guidance,secure@microsoft.com,3.1,false,false,0.011740,0.663310
CVE-2026-50497,2026-07-14,HIGH,7.5,NETWORK,NONE,False,service_disable,rdp,"Disable Remote Desktop, or require Network Level Authentication and gate by firewall",Microsoft CVE-2019-0708 guidance,nvd@nist.gov,3.1,false,false,0.009220,0.588450
CVE-2026-50498,2026-07-14,HIGH,7.8,LOCAL,LOW,False,unmitigable,,No documented mitigation that preserves current use; re-role or replace,,nvd@nist.gov,3.1,false,false,0.003630,0.276990
CVE-2026-50499,2026-07-14,HIGH,7.8,LOCAL,LOW,False,service_disable,spooler,Stop and disable the Print Spooler service on devices that do not print,Microsoft ADV / KB5005010,secure@microsoft.com,3.1,false,false,0.003330,0.241800
CVE-2026-50500,2026-07-14,HIGH,8.8,NETWORK,LOW,False,unmitigable,,No documented mitigation that preserves current use; re-role or replace,,nvd@nist.gov,3.1,false,false,0.007420,0.529400
CVE-2026-50501,2026-07-14,HIGH,7.8,LOCAL,LOW,False,unmitigable,,No documented mitigation that preserves current use; re-role or replace,,nvd@nist.gov,3.1,false,false,0.003630,0.276980
CVE-2026-50502,2026-07-14,HIGH,8.8,NETWORK,LOW,False,unmitigable,,No documented mitigation that preserves current use; re-role or replace,,nvd@nist.gov,3.1,false,false,0.006540,0.494180
CVE-2026-50503,2026-07-14,HIGH,7.0,LOCAL,LOW,False,unmitigable,,No documented mitigation that preserves current use; re-role or replace,,secure@microsoft.com,3.1,false,false,0.002020,0.091300
CVE-2026-50504,2026-07-14,HIGH,7.5,NETWORK,NONE,False,service_disable,rdp,"Disable Remote Desktop, or require Network Level Authentication and gate by firewall",Microsoft CVE-2019-0708 guidance,nvd@nist.gov,3.1,false,false,0.009220,0.588450
CVE-2026-50505,2026-07-14,HIGH,8.8,NETWORK,LOW,False,unmitigable,,No documented mitigation that preserves current use; re-role or replace,,nvd@nist.gov,3.1,false,false,0.007420,0.529410
CVE-2026-50507,2026-06-09,MEDIUM,6.8,PHYSICAL,NONE,False,unmitigable,,No documented mitigation that preserves current use; re-role or replace,,secure@microsoft.com,3.1,false,false,0.004050,0.323110
CVE-2026-50508,2026-06-09,HIGH,7.5,NETWORK,NONE,False,network_isolate,network,Segment to a restricted VLAN and block inbound access at the host firewall,,nvd@nist.gov,3.1,false,false,0.009220,0.588490
CVE-2026-50509,2026-07-14,HIGH,7.8,LOCAL,LOW,False,unmitigable,,No documented mitigation that preserves current use; re-role or replace,,secure@microsoft.com,3.1,false,false,0.035300,0.888490
CVE-2026-50525,2026-07-14,HIGH,7.5,NETWORK,NONE,True,app_update,application,Update the affected application; it services independently of the OS,,secure@microsoft.com,3.1,false,false,0.011740,0.663340
CVE-2026-50527,2026-07-14,HIGH,7.5,NETWORK,NONE,True,app_update,application,Update the affected application; it services independently of the OS,,secure@microsoft.com,3.1,false,false,0.011740,0.663350
CVE-2026-50646,2026-07-14,HIGH,7.8,LOCAL,NONE,True,app_update,application,Update the affected application; it services independently of the OS,,secure@microsoft.com,3.1,false,false,0.040170,0.902380
CVE-2026-50647,2026-07-14,HIGH,7.5,NETWORK,NONE,False,network_isolate,network,Segment to a restricted VLAN and block inbound access at the host firewall,,secure@microsoft.com,3.1,false,false,0.011740,0.663450
CVE-2026-50648,2026-07-14,HIGH,7.5,NETWORK,NONE,True,app_update,application,Update the affected application; it services independently of the OS,,secure@microsoft.com,3.1,false,false,0.011740,0.663390
CVE-2026-50649,2026-07-14,HIGH,7.8,LOCAL,NONE,True,app_update,application,Update the affected application; it services independently of the OS,,secure@microsoft.com,3.1,false,false,0.040170,0.902380
CVE-2026-50650,2026-07-14,HIGH,7.8,LOCAL,NONE,True,app_update,application,Update the affected application; it services independently of the OS,,secure@microsoft.com,3.1,false,false,0.004620,0.376540
CVE-2026-50652,2026-07-14,HIGH,7.5,NETWORK,NONE,True,app_update,application,Update the affected application; it services independently of the OS,,secure@microsoft.com,3.1,false,false,0.017300,0.767270
CVE-2026-50653,2026-07-14,HIGH,7.5,NETWORK,NONE,True,app_update,application,Update the affected application; it services independently of the OS,,secure@microsoft.com,3.1,false,false,0.011740,0.663400
CVE-2026-50655,2026-07-14,HIGH,7.8,LOCAL,NONE,False,unmitigable,,No documented mitigation that preserves current use; re-role or replace,,secure@microsoft.com,3.1,false,false,0.004660,0.380390
CVE-2026-50659,2026-07-14,MEDIUM,6.5,NETWORK,LOW,True,app_update,application,Update the affected application; it services independently of the OS,,secure@microsoft.com,3.1,false,false,0.007380,0.527940
CVE-2026-50661,2026-07-14,MEDIUM,4.6,PHYSICAL,NONE,False,unmitigable,,No documented mitigation that preserves current use; re-role or replace,,nvd@nist.gov,3.1,false,false,0.004810,0.391760
CVE-2026-50666,2026-07-14,HIGH,8.8,NETWORK,LOW,False,unmitigable,,No documented mitigation that preserves current use; re-role or replace,,secure@microsoft.com,3.1,false,false,0.009130,0.585950
CVE-2026-50667,2026-07-14,HIGH,7.0,LOCAL,LOW,False,unmitigable,,No documented mitigation that preserves current use; re-role or replace,,nvd@nist.gov,3.1,false,false,0.002140,0.105380
CVE-2026-50668,2026-07-14,MEDIUM,6.8,PHYSICAL,NONE,False,unmitigable,,No documented mitigation that preserves current use; re-role or replace,,secure@microsoft.com,3.1,false,false,0.004380,0.357140
CVE-2026-50669,2026-07-14,HIGH,7.0,LOCAL,LOW,False,unmitigable,,No documented mitigation that preserves current use; re-role or replace,,secure@microsoft.com,3.1,false,false,0.002020,0.091120
CVE-2026-50670,2026-07-14,HIGH,7.8,LOCAL,LOW,False,unmitigable,,No documented mitigation that preserves current use; re-role or replace,,nvd@nist.gov,3.1,false,false,0.003330,0.242200
CVE-2026-50672,2026-07-14,HIGH,7.0,LOCAL,LOW,False,unmitigable,,No documented mitigation that preserves current use; re-role or replace,,secure@microsoft.com,3.1,false,false,0.002020,0.091120
CVE-2026-50673,2026-07-14,HIGH,7.8,LOCAL,LOW,False,unmitigable,,No documented mitigation that preserves current use; re-role or replace,,nvd@nist.gov,3.1,false,false,0.002140,0.105410
CVE-2026-50674,2026-07-14,HIGH,7.8,LOCAL,LOW,False,unmitigable,,No documented mitigation that preserves current use; re-role or replace,,nvd@nist.gov,3.1,false,false,0.002790,0.183370
CVE-2026-50676,2026-07-14,HIGH,7.0,LOCAL,LOW,False,unmitigable,,No documented mitigation that preserves current use; re-role or replace,,nvd@nist.gov,3.1,false,false,0.002140,0.105420
CVE-2026-50677,2026-07-14,HIGH,7.8,LOCAL,LOW,False,unmitigable,,No documented mitigation that preserves current use; re-role or replace,,secure@microsoft.com,3.1,false,false,0.002560,0.155220
CVE-2026-50679,2026-07-14,HIGH,7.8,LOCAL,LOW,False,service_disable,search,Disable the Windows Search indexer where not required,Microsoft service hardening guidance,secure@microsoft.com,3.1,false,false,0.003330,0.242250
CVE-2026-50680,2026-07-14,HIGH,7.8,LOCAL,LOW,False,service_disable,hyperv,Remove the Hyper-V role on endpoints that do not host VMs,Microsoft Hyper-V role guidance,nvd@nist.gov,3.1,false,false,0.003380,0.248080
CVE-2026-50681,2026-07-14,MEDIUM,5.5,LOCAL,LOW,False,unmitigable,,No documented mitigation that preserves current use; re-role or replace,,secure@microsoft.com,3.1,false,false,0.004790,0.389680
CVE-2026-50682,2026-07-14,HIGH,7.1,NETWORK,LOW,False,unmitigable,,No documented mitigation that preserves current use; re-role or replace,,secure@microsoft.com,3.1,false,false,0.009300,0.591210
CVE-2026-50686,2026-07-14,HIGH,8.1,NETWORK,NONE,False,network_isolate,network,Segment to a restricted VLAN and block inbound access at the host firewall,,secure@microsoft.com,3.1,false,false,0.007070,0.516610
CVE-2026-50687,2026-07-14,HIGH,7.8,LOCAL,LOW,False,unmitigable,,No documented mitigation that preserves current use; re-role or replace,,nvd@nist.gov,3.1,false,false,0.003330,0.241620
CVE-2026-50688,2026-07-14,HIGH,7.8,LOCAL,LOW,False,unmitigable,,No documented mitigation that preserves current use; re-role or replace,,nvd@nist.gov,3.1,false,false,0.002790,0.183360
CVE-2026-50689,2026-07-14,HIGH,7.8,LOCAL,LOW,False,unmitigable,,No documented mitigation that preserves current use; re-role or replace,,secure@microsoft.com,3.1,false,false,0.002560,0.155210
CVE-2026-50690,2026-07-14,MEDIUM,5.5,LOCAL,LOW,False,unmitigable,,No documented mitigation that preserves current use; re-role or replace,,secure@microsoft.com,3.1,false,false,0.004040,0.322040
CVE-2026-50692,2026-07-14,HIGH,8.8,LOCAL,LOW,False,unmitigable,,No documented mitigation that preserves current use; re-role or replace,,secure@microsoft.com,3.1,false,false,0.003330,0.242060
CVE-2026-50694,2026-07-14,CRITICAL,9.8,NETWORK,NONE,False,network_isolate,network,Segment to a restricted VLAN and block inbound access at the host firewall,,nvd@nist.gov,3.1,false,false,0.007920,0.546320
CVE-2026-50695,2026-07-14,HIGH,7.5,NETWORK,NONE,False,network_isolate,network,Segment to a restricted VLAN and block inbound access at the host firewall,,secure@microsoft.com,3.1,false,false,0.011740,0.663390
CVE-2026-50696,2026-07-14,HIGH,7.5,NETWORK,NONE,False,network_isolate,network,Segment to a restricted VLAN and block inbound access at the host firewall,,secure@microsoft.com,3.1,false,false,0.011740,0.663330
CVE-2026-50697,2026-07-14,HIGH,7.8,LOCAL,LOW,False,unmitigable,,No documented mitigation that preserves current use; re-role or replace,,secure@microsoft.com,3.1,false,false,0.003950,0.311960
CVE-2026-54107,2026-07-14,HIGH,7.0,LOCAL,LOW,False,unmitigable,,No documented mitigation that preserves current use; re-role or replace,,nvd@nist.gov,3.1,false,false,0.002140,0.105380
CVE-2026-54109,2026-07-14,HIGH,7.8,LOCAL,LOW,False,unmitigable,,No documented mitigation that preserves current use; re-role or replace,,secure@microsoft.com,3.1,false,false,0.003330,0.242470
CVE-2026-54111,2026-07-14,HIGH,7.0,LOCAL,LOW,False,unmitigable,,No documented mitigation that preserves current use; re-role or replace,,secure@microsoft.com,3.1,false,false,0.002020,0.091100
CVE-2026-54112,2026-07-14,HIGH,7.0,LOCAL,LOW,False,unmitigable,,No documented mitigation that preserves current use; re-role or replace,,nvd@nist.gov,3.1,false,false,0.002020,0.091090
CVE-2026-54113,2026-08-11,HIGH,7.5,NETWORK,NONE,False,network_isolate,network,Segment to a restricted VLAN and block inbound access at the host firewall,,secure@microsoft.com,3.1,false,false,0.011740,0.663300
CVE-2026-54114,2026-07-14,HIGH,7.8,LOCAL,LOW,False,unmitigable,,No documented mitigation that preserves current use; re-role or replace,,secure@microsoft.com,3.1,false,false,0.003330,0.242520
CVE-2026-54115,2026-07-14,HIGH,7.8,LOCAL,LOW,False,unmitigable,,No documented mitigation that preserves current use; re-role or replace,,secure@microsoft.com,3.1,false,false,0.003330,0.242520
CVE-2026-54119,2026-07-14,HIGH,7.5,NETWORK,NONE,False,network_isolate,network,Segment to a restricted VLAN and block inbound access at the host firewall,,secure@microsoft.com,3.1,false,false,0.011740,0.663360
CVE-2026-54122,2026-07-14,HIGH,8.4,LOCAL,NONE,False,unmitigable,,No documented mitigation that preserves current use; re-role or replace,,secure@microsoft.com,3.1,false,false,0.003640,0.278300
CVE-2026-54124,2026-07-14,HIGH,7.8,LOCAL,NONE,False,unmitigable,,No documented mitigation that preserves current use; re-role or replace,,secure@microsoft.com,3.1,false,false,0.004660,0.380190
CVE-2026-54125,2026-07-14,HIGH,7.8,LOCAL,LOW,False,unmitigable,,No documented mitigation that preserves current use; re-role or replace,,secure@microsoft.com,3.1,false,false,0.002560,0.155200
CVE-2026-54126,2026-07-14,MEDIUM,6.5,NETWORK,NONE,False,service_disable,rdp,"Disable Remote Desktop, or require Network Level Authentication and gate by firewall",Microsoft CVE-2019-0708 guidance,secure@microsoft.com,3.1,false,false,0.009220,0.588530
CVE-2026-54127,2026-07-14,HIGH,8.4,LOCAL,NONE,False,service_disable,hyperv,Remove the Hyper-V role on endpoints that do not host VMs,Microsoft Hyper-V role guidance,nvd@nist.gov,3.1,false,false,0.003050,0.209470
CVE-2026-54128,2026-07-14,HIGH,8.4,LOCAL,NONE,False,unmitigable,,No documented mitigation that preserves current use; re-role or replace,,secure@microsoft.com,3.1,false,false,0.003640,0.278310
CVE-2026-54129,2026-07-14,HIGH,7.8,LOCAL,LOW,False,service_disable,hyperv,Remove the Hyper-V role on endpoints that do not host VMs,Microsoft Hyper-V role guidance,nvd@nist.gov,3.1,false,false,0.002790,0.183370
CVE-2026-54132,2026-07-14,MEDIUM,6.8,PHYSICAL,NONE,False,unmitigable,,No documented mitigation that preserves current use; re-role or replace,,secure@microsoft.com,3.1,false,false,0.004380,0.357160
CVE-2026-54982,2026-07-14,HIGH,8.8,ADJACENT_NETWORK,NONE,False,network_isolate,network,Segment to a restricted VLAN and block inbound access at the host firewall,,secure@microsoft.com,3.1,false,false,0.005350,0.429970
CVE-2026-54983,2026-07-14,HIGH,7.5,NETWORK,NONE,False,network_isolate,network,Segment to a restricted VLAN and block inbound access at the host firewall,,secure@microsoft.com,3.1,false,false,0.011740,0.663410
CVE-2026-54984,2026-08-11,HIGH,7.8,LOCAL,NONE,False,unmitigable,,No documented mitigation that preserves current use; re-role or replace,,secure@microsoft.com,3.1,false,false,0.004660,0.380040
CVE-2026-54986,2026-07-14,HIGH,7.8,LOCAL,LOW,False,unmitigable,,No documented mitigation that preserves current use; re-role or replace,,secure@microsoft.com,3.1,false,false,0.003330,0.242010
CVE-2026-54987,2026-07-14,HIGH,7.8,LOCAL,LOW,False,unmitigable,,No documented mitigation that preserves current use; re-role or replace,,secure@microsoft.com,3.1,false,false,0.003330,0.241890
CVE-2026-54989,2026-07-14,HIGH,7.8,LOCAL,LOW,False,unmitigable,,No documented mitigation that preserves current use; re-role or replace,,nvd@nist.gov,3.1,false,false,0.002790,0.183340
CVE-2026-54990,2026-07-14,HIGH,8.8,NETWORK,NONE,False,service_disable,rdp,"Disable Remote Desktop, or require Network Level Authentication and gate by firewall",Microsoft CVE-2019-0708 guidance,nvd@nist.gov,3.1,false,false,0.008190,0.555830
CVE-2026-54991,2026-07-14,HIGH,7.0,LOCAL,LOW,False,unmitigable,,No documented mitigation that preserves current use; re-role or replace,,nvd@nist.gov,3.1,false,false,0.002140,0.105420
CVE-2026-54992,2026-07-14,HIGH,7.8,LOCAL,LOW,False,unmitigable,,No documented mitigation that preserves current use; re-role or replace,,nvd@nist.gov,3.1,false,false,0.003370,0.246260
CVE-2026-54993,2026-07-14,HIGH,7.8,LOCAL,NONE,False,unmitigable,,No documented mitigation that preserves current use; re-role or replace,,secure@microsoft.com,3.1,false,false,0.004660,0.380250
CVE-2026-54995,2026-07-14,CRITICAL,9.8,NETWORK,NONE,False,network_isolate,network,Segment to a restricted VLAN and block inbound access at the host firewall,,nvd@nist.gov,3.1,false,false,0.007920,0.546320
CVE-2026-54996,2026-07-14,HIGH,7.0,LOCAL,LOW,False,unmitigable,,No documented mitigation that preserves current use; re-role or replace,,secure@microsoft.com,3.1,false,false,0.002020,0.091260
CVE-2026-54997,2026-07-14,MEDIUM,5.5,LOCAL,LOW,False,unmitigable,,No documented mitigation that preserves current use; re-role or replace,,secure@microsoft.com,3.1,false,false,0.004040,0.321990
CVE-2026-54999,2026-07-14,HIGH,8.8,ADJACENT_NETWORK,NONE,False,network_isolate,network,Segment to a restricted VLAN and block inbound access at the host firewall,,secure@microsoft.com,3.1,false,false,0.004100,0.328090
CVE-2026-55000,2026-07-14,MEDIUM,6.4,PHYSICAL,NONE,False,unmitigable,,No documented mitigation that preserves current use; re-role or replace,,secure@microsoft.com,3.1,false,false,0.003390,0.249110
CVE-2026-55003,2026-07-14,MEDIUM,6.5,NETWORK,NONE,False,service_disable,rdp,"Disable Remote Desktop, or require Network Level Authentication and gate by firewall",Microsoft CVE-2019-0708 guidance,secure@microsoft.com,3.1,false,false,0.009220,0.588590
CVE-2026-55004,2026-07-14,HIGH,7.8,LOCAL,LOW,False,unmitigable,,No documented mitigation that preserves current use; re-role or replace,,secure@microsoft.com,3.1,false,false,0.003330,0.242010
CVE-2026-55144,2026-07-14,HIGH,7.1,LOCAL,LOW,False,unmitigable,,No documented mitigation that preserves current use; re-role or replace,,secure@microsoft.com,3.1,false,false,0.002250,0.119950
CVE-2026-56168,2026-07-14,MEDIUM,6.5,NETWORK,LOW,False,unmitigable,,No documented mitigation that preserves current use; re-role or replace,,secure@microsoft.com,3.1,false,false,0.011380,0.653420
CVE-2026-56172,2026-09-08,HIGH,7.8,LOCAL,LOW,False,unmitigable,,No documented mitigation that preserves current use; re-role or replace,,secure@microsoft.com,3.1,false,false,0.003330,0.241740
CVE-2026-56173,2026-07-14,HIGH,7.0,LOCAL,LOW,False,unmitigable,,No documented mitigation that preserves current use; re-role or replace,,secure@microsoft.com,3.1,false,false,0.002640,0.164830
CVE-2026-56174,2026-08-11,HIGH,7.8,LOCAL,LOW,False,unmitigable,,No documented mitigation that preserves current use; re-role or replace,,secure@microsoft.com,3.1,false,false,0.004570,0.372940
CVE-2026-56175,2026-07-14,HIGH,7.8,LOCAL,LOW,False,unmitigable,,No documented mitigation that preserves current use; re-role or replace,,secure@microsoft.com,3.1,false,false,0.003330,0.241740
CVE-2026-56176,2026-07-14,HIGH,7.8,LOCAL,LOW,False,unmitigable,,No documented mitigation that preserves current use; re-role or replace,,secure@microsoft.com,3.1,false,false,0.003330,0.242040
CVE-2026-56177,2026-09-08,HIGH,7.8,LOCAL,LOW,False,unmitigable,,No documented mitigation that preserves current use; re-role or replace,,secure@microsoft.com,3.1,false,false,0.003330,0.242000
CVE-2026-56179,2026-08-11,HIGH,8.3,ADJACENT_NETWORK,NONE,False,network_isolate,network,Segment to a restricted VLAN and block inbound access at the host firewall,,secure@microsoft.com,3.1,false,false,0.002760,0.180780
CVE-2026-56181,2026-07-14,HIGH,8.3,ADJACENT_NETWORK,NONE,False,network_isolate,network,Segment to a restricted VLAN and block inbound access at the host firewall,,secure@microsoft.com,3.1,false,false,0.002760,0.180780
CVE-2026-56182,2026-07-14,HIGH,7.8,LOCAL,LOW,False,unmitigable,,No documented mitigation that preserves current use; re-role or replace,,secure@microsoft.com,3.1,false,false,0.003330,0.241740
CVE-2026-56183,2026-07-14,HIGH,7.0,LOCAL,LOW,False,unmitigable,,No documented mitigation that preserves current use; re-role or replace,,secure@microsoft.com,3.1,false,false,0.002640,0.164860
CVE-2026-56184,2026-07-14,MEDIUM,5.5,LOCAL,LOW,False,unmitigable,,No documented mitigation that preserves current use; re-role or replace,,secure@microsoft.com,3.1,false,false,0.004790,0.389760
CVE-2026-56186,2026-07-14,MEDIUM,6.5,NETWORK,LOW,False,unmitigable,,No documented mitigation that preserves current use; re-role or replace,,nvd@nist.gov,3.1,false,false,0.011060,0.645380
CVE-2026-56187,2026-07-14,HIGH,7.8,LOCAL,LOW,False,unmitigable,,No documented mitigation that preserves current use; re-role or replace,,nvd@nist.gov,3.1,false,false,0.002790,0.183370
CVE-2026-56188,2026-07-14,HIGH,8.1,NETWORK,NONE,False,network_isolate,network,Segment to a restricted VLAN and block inbound access at the host firewall,,nvd@nist.gov,3.1,false,false,0.006070,0.470530
CVE-2026-56189,2026-07-14,HIGH,8.4,LOCAL,NONE,False,unmitigable,,No documented mitigation that preserves current use; re-role or replace,,nvd@nist.gov,3.1,false,false,0.003930,0.309230
CVE-2026-56190,2026-07-14,CRITICAL,9.8,NETWORK,NONE,False,service_disable,rdp,"Disable Remote Desktop, or require Network Level Authentication and gate by firewall",Microsoft CVE-2019-0708 guidance,secure@microsoft.com,3.1,false,false,0.009740,0.606470
CVE-2026-56194,2026-07-14,HIGH,8.8,NETWORK,LOW,False,unmitigable,,No documented mitigation that preserves current use; re-role or replace,,secure@microsoft.com,3.1,false,false,0.009130,0.585850
CVE-2026-56198,2026-09-08,HIGH,7.8,LOCAL,LOW,False,unmitigable,,No documented mitigation that preserves current use; re-role or replace,,secure@microsoft.com,3.1,false,false,0.003330,0.242000
CVE-2026-56643,2026-07-14,HIGH,7.8,LOCAL,LOW,False,unmitigable,,No documented mitigation that preserves current use; re-role or replace,,secure@microsoft.com,3.1,false,false,0.003330,0.241860
CVE-2026-56644,2026-07-14,HIGH,7.8,LOCAL,LOW,False,unmitigable,,No documented mitigation that preserves current use; re-role or replace,,secure@microsoft.com,3.1,false,false,0.003330,0.242410
CVE-2026-56647,2026-07-14,HIGH,8.8,NETWORK,LOW,False,unmitigable,,No documented mitigation that preserves current use; re-role or replace,,secure@microsoft.com,3.1,false,false,0.009130,0.585950
CVE-2026-56648,2026-07-14,HIGH,7.5,NETWORK,LOW,False,unmitigable,,No documented mitigation that preserves current use; re-role or replace,,secure@microsoft.com,3.1,false,false,0.005090,0.411730
CVE-2026-56649,2026-07-14,HIGH,8.1,NETWORK,NONE,False,network_isolate,network,Segment to a restricted VLAN and block inbound access at the host firewall,,nvd@nist.gov,3.1,false,false,0.006990,0.513130
CVE-2026-56650,2026-07-14,HIGH,7.8,LOCAL,LOW,False,unmitigable,,No documented mitigation that preserves current use; re-role or replace,,secure@microsoft.com,3.1,false,false,0.003330,0.242400
CVE-2026-57083,2026-07-14,MEDIUM,5.5,LOCAL,NONE,False,unmitigable,,No documented mitigation that preserves current use; re-role or replace,,secure@microsoft.com,3.1,false,false,0.005410,0.433700
CVE-2026-57084,2026-07-14,MEDIUM,5.5,LOCAL,NONE,False,unmitigable,,No documented mitigation that preserves current use; re-role or replace,,secure@microsoft.com,3.1,false,false,0.005410,0.433700
CVE-2026-57085,2026-07-14,LOW,3.3,LOCAL,LOW,False,service_disable,spooler,Stop and disable the Print Spooler service on devices that do not print,Microsoft ADV / KB5005010,nvd@nist.gov,3.1,false,false,0.003700,0.285150
CVE-2026-57087,2026-07-14,HIGH,7.8,LOCAL,NONE,False,unmitigable,,No documented mitigation that preserves current use; re-role or replace,,nvd@nist.gov,3.1,false,false,0.007920,0.546600
CVE-2026-57089,2026-07-14,CRITICAL,9.8,NETWORK,NONE,False,network_isolate,network,Segment to a restricted VLAN and block inbound access at the host firewall,,nvd@nist.gov,3.1,false,false,0.006650,0.499210
CVE-2026-57090,2026-07-14,CRITICAL,9.8,NETWORK,NONE,False,network_isolate,network,Segment to a restricted VLAN and block inbound access at the host firewall,,nvd@nist.gov,3.1,false,false,0.008190,0.556030
CVE-2026-57091,2026-07-14,HIGH,7.8,LOCAL,LOW,False,unmitigable,,No documented mitigation that preserves current use; re-role or replace,,secure@microsoft.com,3.1,false,false,0.003330,0.241610
CVE-2026-57092,2026-07-14,CRITICAL,9.9,NETWORK,LOW,False,unmitigable,,No documented mitigation that preserves current use; re-role or replace,,secure@microsoft.com,3.1,false,false,0.009130,0.585890
CVE-2026-57093,2026-07-14,HIGH,7.8,LOCAL,LOW,False,unmitigable,,No documented mitigation that preserves current use; re-role or replace,,nvd@nist.gov,3.1,false,false,0.002790,0.183340
CVE-2026-57094,2026-07-14,HIGH,8.8,NETWORK,NONE,False,network_isolate,network,Segment to a restricted VLAN and block inbound access at the host firewall,,nvd@nist.gov,3.1,false,false,0.008190,0.555970
CVE-2026-57095,2026-07-14,HIGH,7.8,LOCAL,LOW,False,unmitigable,,No documented mitigation that preserves current use; re-role or replace,,nvd@nist.gov,3.1,false,false,0.004890,0.397720
CVE-2026-57096,2026-07-14,HIGH,7.8,LOCAL,LOW,False,unmitigable,,No documented mitigation that preserves current use; re-role or replace,,secure@microsoft.com,3.1,false,false,0.003330,0.241580
CVE-2026-57097,2026-07-14,MEDIUM,6.8,PHYSICAL,NONE,False,unmitigable,,No documented mitigation that preserves current use; re-role or replace,,nvd@nist.gov,3.1,false,false,0.005030,0.406800
CVE-2026-57976,2026-07-14,MEDIUM,6.5,NETWORK,LOW,False,unmitigable,,No documented mitigation that preserves current use; re-role or replace,,secure@microsoft.com,3.1,false,false,0.011380,0.653420
CVE-2026-57979,2026-07-14,HIGH,7.5,NETWORK,NONE,False,service_disable,rdp,"Disable Remote Desktop, or require Network Level Authentication and gate by firewall",Microsoft CVE-2019-0708 guidance,nvd@nist.gov,3.1,false,false,0.009220,0.588580
CVE-2026-57982,2026-07-14,MEDIUM,6.5,NETWORK,LOW,False,service_disable,rdp,"Disable Remote Desktop, or require Network Level Authentication and gate by firewall",Microsoft CVE-2019-0708 guidance,secure@microsoft.com,3.1,false,false,0.009950,0.612540
CVE-2026-58526,2026-07-14,HIGH,7.8,LOCAL,LOW,False,unmitigable,,No documented mitigation that preserves current use; re-role or replace,,nvd@nist.gov,3.1,false,false,0.002140,0.105430
CVE-2026-58527,2026-07-14,HIGH,7.0,LOCAL,LOW,False,unmitigable,,No documented mitigation that preserves current use; re-role or replace,,nvd@nist.gov,3.1,false,false,0.002140,0.105420
CVE-2026-58528,2026-07-14,MEDIUM,4.6,PHYSICAL,NONE,False,unmitigable,,No documented mitigation that preserves current use; re-role or replace,,nvd@nist.gov,3.1,false,false,0.005240,0.422960
CVE-2026-58530,2026-07-14,HIGH,7.8,LOCAL,LOW,False,unmitigable,,No documented mitigation that preserves current use; re-role or replace,,nvd@nist.gov,3.1,false,false,0.003630,0.276980
CVE-2026-58531,2026-07-14,HIGH,7.5,NETWORK,LOW,False,unmitigable,,No documented mitigation that preserves current use; re-role or replace,,secure@microsoft.com,3.1,false,false,0.005090,0.411740
CVE-2026-58532,2026-07-14,HIGH,7.8,LOCAL,LOW,False,unmitigable,,No documented mitigation that preserves current use; re-role or replace,,secure@microsoft.com,3.1,false,false,0.003330,0.241640
CVE-2026-58533,2026-07-14,HIGH,7.5,NETWORK,NONE,False,service_disable,rdp,"Disable Remote Desktop, or require Network Level Authentication and gate by firewall",Microsoft CVE-2019-0708 guidance,nvd@nist.gov,3.1,false,false,0.009220,0.588500
CVE-2026-58534,2026-07-14,HIGH,7.8,LOCAL,LOW,False,unmitigable,,No documented mitigation that preserves current use; re-role or replace,,nvd@nist.gov,3.1,false,false,0.003330,0.242440
CVE-2026-58535,2026-07-14,HIGH,7.5,NETWORK,NONE,False,service_disable,rdp,"Disable Remote Desktop, or require Network Level Authentication and gate by firewall",Microsoft CVE-2019-0708 guidance,nvd@nist.gov,3.1,false,false,0.009220,0.588500
CVE-2026-58536,2026-07-14,HIGH,7.8,LOCAL,LOW,False,unmitigable,,No documented mitigation that preserves current use; re-role or replace,,secure@microsoft.com,3.1,false,false,0.003330,0.242590
CVE-2026-58537,2026-07-14,HIGH,7.8,LOCAL,LOW,False,unmitigable,,No documented mitigation that preserves current use; re-role or replace,,secure@microsoft.com,3.1,false,false,0.003330,0.242510
CVE-2026-58538,2026-07-14,HIGH,7.8,LOCAL,LOW,False,service_disable,bluetooth,Disable the Bluetooth radio/stack by policy where unused,Microsoft Bluetooth hardening guidance,secure@microsoft.com,3.1,false,false,0.003330,0.242010
CVE-2026-58539,2026-07-14,HIGH,7.5,NETWORK,NONE,False,service_disable,rdp,"Disable Remote Desktop, or require Network Level Authentication and gate by firewall",Microsoft CVE-2019-0708 guidance,nvd@nist.gov,3.1,false,false,0.009220,0.588510
CVE-2026-58540,2026-07-14,HIGH,7.8,LOCAL,LOW,False,unmitigable,,No documented mitigation that preserves current use; re-role or replace,,secure@microsoft.com,3.1,false,false,0.002980,0.202890
CVE-2026-58541,2026-07-14,HIGH,7.8,LOCAL,LOW,False,unmitigable,,No documented mitigation that preserves current use; re-role or replace,,secure@microsoft.com,3.1,false,false,0.003330,0.241640
CVE-2026-58542,2026-07-14,HIGH,7.8,LOCAL,LOW,False,unmitigable,,No documented mitigation that preserves current use; re-role or replace,,nvd@nist.gov,3.1,false,false,0.003630,0.276980
CVE-2026-58543,2026-07-14,MEDIUM,6.3,PHYSICAL,LOW,False,unmitigable,,No documented mitigation that preserves current use; re-role or replace,,secure@microsoft.com,3.1,false,false,0.002440,0.140660
CVE-2026-58544,2026-07-14,HIGH,7.0,LOCAL,LOW,False,unmitigable,,No documented mitigation that preserves current use; re-role or replace,,secure@microsoft.com,3.1,false,false,0.002640,0.164910
CVE-2026-58545,2026-07-14,MEDIUM,5.5,LOCAL,LOW,False,unmitigable,,No documented mitigation that preserves current use; re-role or replace,,secure@microsoft.com,3.1,false,false,0.003500,0.261470
CVE-2026-58546,2026-07-14,MEDIUM,6.5,NETWORK,NONE,False,service_disable,rdp,"Disable Remote Desktop, or require Network Level Authentication and gate by firewall",Microsoft CVE-2019-0708 guidance,secure@microsoft.com,3.1,false,false,0.009220,0.588470
CVE-2026-58547,2026-07-14,HIGH,7.8,LOCAL,LOW,False,unmitigable,,No documented mitigation that preserves current use; re-role or replace,,nvd@nist.gov,3.1,false,false,0.004070,0.324840
CVE-2026-58594,2026-07-14,CRITICAL,9.8,NETWORK,NONE,False,service_disable,rdp,"Disable Remote Desktop, or require Network Level Authentication and gate by firewall",Microsoft CVE-2019-0708 guidance,nvd@nist.gov,3.1,false,false,0.008190,0.556020
CVE-2026-58598,2026-07-16,HIGH,7.0,LOCAL,LOW,False,unmitigable,,No documented mitigation that preserves current use; re-role or replace,,secure@microsoft.com,3.1,false,false,0.002020,0.091260
CVE-2026-58601,2026-07-14,HIGH,7.8,LOCAL,LOW,False,unmitigable,,No documented mitigation that preserves current use; re-role or replace,,secure@microsoft.com,3.1,false,false,0.003330,0.242580
CVE-2026-58602,2026-07-14,HIGH,7.8,LOCAL,LOW,False,unmitigable,,No documented mitigation that preserves current use; re-role or replace,,secure@microsoft.com,3.1,false,false,0.003330,0.241850
CVE-2026-58608,2026-07-14,HIGH,7.5,NETWORK,LOW,False,service_disable,spooler,Stop and disable the Print Spooler service on devices that do not print,Microsoft ADV / KB5005010,nvd@nist.gov,3.1,false,false,0.005690,0.450410
CVE-2026-58609,2026-07-14,HIGH,7.8,LOCAL,NONE,False,unmitigable,,No documented mitigation that preserves current use; re-role or replace,,secure@microsoft.com,3.1,false,false,0.004660,0.380060
CVE-2026-58610,2026-07-14,HIGH,7.8,LOCAL,NONE,False,unmitigable,,No documented mitigation that preserves current use; re-role or replace,,secure@microsoft.com,3.1,false,false,0.004660,0.380120
CVE-2026-58613,2026-07-14,HIGH,7.8,LOCAL,LOW,False,unmitigable,,No documented mitigation that preserves current use; re-role or replace,,secure@microsoft.com,3.1,false,false,0.003770,0.292080
CVE-2026-58614,2026-07-14,MEDIUM,5.5,LOCAL,LOW,False,unmitigable,,No documented mitigation that preserves current use; re-role or replace,,secure@microsoft.com,3.1,false,false,0.004040,0.321970
CVE-2026-58619,2026-07-14,HIGH,7.0,LOCAL,LOW,False,unmitigable,,No documented mitigation that preserves current use; re-role or replace,,secure@microsoft.com,3.1,false,false,0.002640,0.165030
CVE-2026-58626,2026-07-14,HIGH,8.8,NETWORK,LOW,False,service_disable,rdp,"Disable Remote Desktop, or require Network Level Authentication and gate by firewall",Microsoft CVE-2019-0708 guidance,secure@microsoft.com,3.1,false,false,0.009130,0.585910
CVE-2026-58628,2026-07-14,HIGH,7.8,LOCAL,LOW,False,unmitigable,,No documented mitigation that preserves current use; re-role or replace,,secure@microsoft.com,3.1,false,false,0.002020,0.091300
CVE-2026-58629,2026-07-14,HIGH,7.0,LOCAL,LOW,False,unmitigable,,No documented mitigation that preserves current use; re-role or replace,,secure@microsoft.com,3.1,false,false,0.002640,0.165040
CVE-2026-58632,2026-07-14,HIGH,7.8,LOCAL,LOW,False,unmitigable,,No documented mitigation that preserves current use; re-role or replace,,secure@microsoft.com,3.1,false,false,0.003330,0.241640
CVE-2026-58635,2026-07-14,HIGH,7.8,LOCAL,LOW,False,unmitigable,,No documented mitigation that preserves current use; re-role or replace,,secure@microsoft.com,3.1,false,false,0.003220,0.229000
CVE-2026-58637,2026-07-14,HIGH,7.0,LOCAL,LOW,False,unmitigable,,No documented mitigation that preserves current use; re-role or replace,,secure@microsoft.com,3.1,false,false,0.002640,0.164900
CVE-2026-58638,2026-07-14,MEDIUM,5.5,LOCAL,LOW,False,unmitigable,,No documented mitigation that preserves current use; re-role or replace,,nvd@nist.gov,3.1,false,false,0.002350,0.130280
CVE-2026-58640,2026-07-14,HIGH,7.8,LOCAL,LOW,False,unmitigable,,No documented mitigation that preserves current use; re-role or replace,,nvd@nist.gov,3.1,false,false,0.003590,0.272700
CVE-2026-59122,2026-08-11,HIGH,7.0,LOCAL,LOW,False,unmitigable,,No documented mitigation that preserves current use; re-role or replace,,secure@microsoft.com,3.1,false,false,0.002020,0.091080
CVE-2026-59125,2026-08-11,HIGH,7.0,LOCAL,LOW,False,unmitigable,,No documented mitigation that preserves current use; re-role or replace,,secure@microsoft.com,3.1,false,false,0.002640,0.164800
CVE-2026-59126,2026-08-11,HIGH,7.0,LOCAL,LOW,False,unmitigable,,No documented mitigation that preserves current use; re-role or replace,,secure@microsoft.com,3.1,false,false,0.002020,0.091070
CVE-2026-59127,2026-08-11,HIGH,7.8,LOCAL,LOW,False,unmitigable,,No documented mitigation that preserves current use; re-role or replace,,secure@microsoft.com,3.1,false,false,0.003330,0.242260
CVE-2026-59128,2026-08-11,MEDIUM,5.5,LOCAL,LOW,False,unmitigable,,No documented mitigation that preserves current use; re-role or replace,,secure@microsoft.com,3.1,false,false,0.004040,0.321920
CVE-2026-59130,2026-08-11,MEDIUM,5.6,LOCAL,LOW,False,unmitigable,,No documented mitigation that preserves current use; re-role or replace,,secure@microsoft.com,3.1,false,false,0.003680,0.282740
CVE-2026-59131,2026-08-11,MEDIUM,5.6,LOCAL,LOW,False,unmitigable,,No documented mitigation that preserves current use; re-role or replace,,secure@microsoft.com,3.1,false,false,0.003110,0.216340
CVE-2026-59132,2026-08-11,HIGH,7.5,NETWORK,NONE,False,network_isolate,network,Segment to a restricted VLAN and block inbound access at the host firewall,,secure@microsoft.com,3.1,false,false,0.011740,0.663440
CVE-2026-59134,2026-08-11,HIGH,8.1,NETWORK,NONE,False,service_disable,rdp,"Disable Remote Desktop, or require Network Level Authentication and gate by firewall",Microsoft CVE-2019-0708 guidance,nvd@nist.gov,3.1,false,false,0.006810,0.506000
CVE-2026-59135,2026-08-11,MEDIUM,5.5,LOCAL,LOW,False,service_disable,search,Disable the Windows Search indexer where not required,Microsoft service hardening guidance,secure@microsoft.com,3.1,false,false,0.003500,0.261460
CVE-2026-59136,2026-08-11,MEDIUM,5.5,LOCAL,LOW,False,unmitigable,,No documented mitigation that preserves current use; re-role or replace,,secure@microsoft.com,3.1,false,false,0.004040,0.321920
CVE-2026-59137,2026-08-11,MEDIUM,5.5,LOCAL,LOW,False,unmitigable,,No documented mitigation that preserves current use; re-role or replace,,secure@microsoft.com,3.1,false,false,0.004040,0.321910
CVE-2026-59138,2026-08-11,MEDIUM,6.5,NETWORK,LOW,False,service_disable,remote_registry,Disable the Remote Registry service,Microsoft security baseline,secure@microsoft.com,3.1,false,false,0.011380,0.653420
CVE-2026-61345,2026-08-11,MEDIUM,6.5,NETWORK,LOW,False,service_disable,remote_registry,Disable the Remote Registry service,Microsoft security baseline,secure@microsoft.com,3.1,false,false,0.011380,0.653430
CVE-2026-61346,2026-08-11,HIGH,7.0,LOCAL,LOW,False,unmitigable,,No documented mitigation that preserves current use; re-role or replace,,secure@microsoft.com,3.1,false,false,0.002640,0.164630
CVE-2026-61347,2026-08-11,MEDIUM,5.5,LOCAL,LOW,False,unmitigable,,No documented mitigation that preserves current use; re-role or replace,,secure@microsoft.com,3.1,false,false,0.004040,0.322050
CVE-2026-61348,2026-08-11,HIGH,7.0,LOCAL,LOW,False,unmitigable,,No documented mitigation that preserves current use; re-role or replace,,secure@microsoft.com,3.1,false,false,0.002640,0.164640
CVE-2026-61349,2026-08-11,HIGH,7.8,LOCAL,LOW,False,unmitigable,,No documented mitigation that preserves current use; re-role or replace,,secure@microsoft.com,3.1,false,false,0.002560,0.155210
CVE-2026-61350,2026-08-11,MEDIUM,4.6,PHYSICAL,NONE,False,unmitigable,,No documented mitigation that preserves current use; re-role or replace,,secure@microsoft.com,3.1,false,false,0.004680,0.381950
CVE-2026-61352,2026-08-11,HIGH,8.1,NETWORK,NONE,False,service_disable,rdp,"Disable Remote Desktop, or require Network Level Authentication and gate by firewall",Microsoft CVE-2019-0708 guidance,nvd@nist.gov,3.1,false,false,0.004660,0.379830
CVE-2026-61353,2026-08-11,HIGH,7.8,LOCAL,LOW,False,unmitigable,,No documented mitigation that preserves current use; re-role or replace,,secure@microsoft.com,3.1,false,false,0.003330,0.241770
CVE-2026-61355,2026-08-11,HIGH,7.8,LOCAL,LOW,False,unmitigable,,No documented mitigation that preserves current use; re-role or replace,,secure@microsoft.com,3.1,false,false,0.003330,0.241800
CVE-2026-61356,2026-08-11,HIGH,7.8,LOCAL,LOW,False,service_disable,rdp,"Disable Remote Desktop, or require Network Level Authentication and gate by firewall",Microsoft CVE-2019-0708 guidance,secure@microsoft.com,3.1,false,false,0.002980,0.202880
CVE-2026-61357,2026-08-11,HIGH,7.8,LOCAL,LOW,False,unmitigable,,No documented mitigation that preserves current use; re-role or replace,,secure@microsoft.com,3.1,false,false,0.003330,0.241880
CVE-2026-61358,2026-08-11,HIGH,7.8,LOCAL,LOW,False,unmitigable,,No documented mitigation that preserves current use; re-role or replace,,secure@microsoft.com,3.1,false,false,0.003700,0.285230
CVE-2026-61359,2026-08-11,HIGH,7.8,LOCAL,LOW,False,unmitigable,,No documented mitigation that preserves current use; re-role or replace,,secure@microsoft.com,3.1,false,false,0.003330,0.241730
CVE-2026-61360,2026-08-11,MEDIUM,5.5,LOCAL,LOW,False,unmitigable,,No documented mitigation that preserves current use; re-role or replace,,secure@microsoft.com,3.1,false,false,0.004040,0.322040
CVE-2026-61361,2026-08-11,HIGH,7.0,LOCAL,LOW,False,unmitigable,,No documented mitigation that preserves current use; re-role or replace,,secure@microsoft.com,3.1,false,false,0.002640,0.164640
CVE-2026-61363,2026-08-11,HIGH,8.1,NETWORK,NONE,False,service_disable,rdp,"Disable Remote Desktop, or require Network Level Authentication and gate by firewall",Microsoft CVE-2019-0708 guidance,nvd@nist.gov,3.1,false,false,0.006810,0.506010
CVE-2026-61364,2026-08-11,HIGH,7.8,LOCAL,LOW,False,service_disable,rdp,"Disable Remote Desktop, or require Network Level Authentication and gate by firewall",Microsoft CVE-2019-0708 guidance,secure@microsoft.com,3.1,false,false,0.002980,0.202860
CVE-2026-61365,2026-08-11,HIGH,7.8,LOCAL,LOW,False,service_disable,rdp,"Disable Remote Desktop, or require Network Level Authentication and gate by firewall",Microsoft CVE-2019-0708 guidance,secure@microsoft.com,3.1,false,false,0.002980,0.202830
CVE-2026-61366,2026-08-11,HIGH,7.0,LOCAL,LOW,False,unmitigable,,No documented mitigation that preserves current use; re-role or replace,,secure@microsoft.com,3.1,false,false,0.002640,0.164640
CVE-2026-61367,2026-08-11,HIGH,7.8,LOCAL,LOW,False,service_disable,rdp,"Disable Remote Desktop, or require Network Level Authentication and gate by firewall",Microsoft CVE-2019-0708 guidance,secure@microsoft.com,3.1,false,false,0.002980,0.202830
CVE-2026-61368,2026-08-11,MEDIUM,5.5,LOCAL,LOW,False,service_disable,hyperv,Remove the Hyper-V role on endpoints that do not host VMs,Microsoft Hyper-V role guidance,nvd@nist.gov,3.1,false,false,0.004310,0.349080
CVE-2026-61918,2026-08-11,HIGH,7.5,NETWORK,NONE,False,service_disable,rdp,"Disable Remote Desktop, or require Network Level Authentication and gate by firewall",Microsoft CVE-2019-0708 guidance,nvd@nist.gov,3.1,false,false,0.009220,0.588590
CVE-2026-61921,2026-08-11,MEDIUM,6.5,NETWORK,NONE,False,service_disable,rdp,"Disable Remote Desktop, or require Network Level Authentication and gate by firewall",Microsoft CVE-2019-0708 guidance,secure@microsoft.com,3.1,false,false,0.009220,0.588590
CVE-2026-61923,2026-08-11,HIGH,7.8,LOCAL,LOW,False,unmitigable,,No documented mitigation that preserves current use; re-role or replace,,secure@microsoft.com,3.1,false,false,0.003330,0.242070
CVE-2026-61924,2026-08-11,HIGH,7.5,NETWORK,NONE,False,service_disable,rdp,"Disable Remote Desktop, or require Network Level Authentication and gate by firewall",Microsoft CVE-2019-0708 guidance,nvd@nist.gov,3.1,false,false,0.009220,0.588570
CVE-2026-61925,2026-08-11,HIGH,7.8,LOCAL,LOW,False,unmitigable,,No documented mitigation that preserves current use; re-role or replace,,secure@microsoft.com,3.1,false,false,0.002980,0.202840
CVE-2026-61926,2026-08-11,HIGH,7.8,LOCAL,LOW,False,unmitigable,,No documented mitigation that preserves current use; re-role or replace,,secure@microsoft.com,3.1,false,false,0.003330,0.242130
CVE-2026-61927,2026-08-11,HIGH,7.0,LOCAL,LOW,False,unmitigable,,No documented mitigation that preserves current use; re-role or replace,,secure@microsoft.com,3.1,false,false,0.002020,0.091240
CVE-2026-61928,2026-08-11,MEDIUM,5.5,LOCAL,LOW,False,unmitigable,,No documented mitigation that preserves current use; re-role or replace,,secure@microsoft.com,3.1,false,false,0.002260,0.119990
CVE-2026-61929,2026-08-11,HIGH,7.0,LOCAL,LOW,False,unmitigable,,No documented mitigation that preserves current use; re-role or replace,,secure@microsoft.com,3.1,false,false,0.002640,0.165030
CVE-2026-61930,2026-08-11,HIGH,7.8,LOCAL,LOW,False,unmitigable,,No documented mitigation that preserves current use; re-role or replace,,secure@microsoft.com,3.1,false,false,0.003330,0.241980
CVE-2026-61932,2026-08-11,HIGH,7.8,LOCAL,LOW,False,unmitigable,,No documented mitigation that preserves current use; re-role or replace,,secure@microsoft.com,3.1,false,false,0.003330,0.241980
CVE-2026-61933,2026-08-11,MEDIUM,5.5,LOCAL,LOW,False,unmitigable,,No documented mitigation that preserves current use; re-role or replace,,secure@microsoft.com,3.1,false,false,0.004040,0.321870
CVE-2026-61934,2026-08-11,HIGH,7.8,LOCAL,LOW,False,unmitigable,,No documented mitigation that preserves current use; re-role or replace,,secure@microsoft.com,3.1,false,false,0.003330,0.241970
CVE-2026-61936,2026-08-11,MEDIUM,5.5,LOCAL,LOW,False,unmitigable,,No documented mitigation that preserves current use; re-role or replace,,secure@microsoft.com,3.1,false,false,0.003020,0.207080
CVE-2026-61937,2026-08-11,HIGH,7.8,LOCAL,LOW,False,service_disable,iis,Remove the IIS role from endpoints,Microsoft IIS guidance,secure@microsoft.com,3.1,false,false,0.003330,0.241970
CVE-2026-61938,2026-08-11,HIGH,7.0,LOCAL,LOW,False,unmitigable,,No documented mitigation that preserves current use; re-role or replace,,secure@microsoft.com,3.1,false,false,0.002640,0.164880
CVE-2026-61939,2026-08-11,HIGH,7.0,LOCAL,LOW,False,unmitigable,,No documented mitigation that preserves current use; re-role or replace,,secure@microsoft.com,3.1,false,false,0.002640,0.164920
CVE-2026-62688,2026-08-11,HIGH,7.8,LOCAL,LOW,False,unmitigable,,No documented mitigation that preserves current use; re-role or replace,,secure@microsoft.com,3.1,false,false,0.003330,0.242600
CVE-2026-62690,2026-08-11,HIGH,7.0,LOCAL,LOW,False,unmitigable,,No documented mitigation that preserves current use; re-role or replace,,secure@microsoft.com,3.1,false,false,0.002020,0.091090
CVE-2026-62692,2026-08-11,HIGH,7.8,LOCAL,LOW,False,service_disable,rdp,"Disable Remote Desktop, or require Network Level Authentication and gate by firewall",Microsoft CVE-2019-0708 guidance,secure@microsoft.com,3.1,false,false,0.003330,0.242440
CVE-2026-62693,2026-08-11,HIGH,7.0,LOCAL,LOW,False,unmitigable,,No documented mitigation that preserves current use; re-role or replace,,secure@microsoft.com,3.1,false,false,0.002020,0.091070
CVE-2026-62694,2026-09-08,HIGH,7.0,LOCAL,LOW,False,unmitigable,,No documented mitigation that preserves current use; re-role or replace,,secure@microsoft.com,3.1,false,false,0.002640,0.164850
CVE-2026-62695,2026-08-11,HIGH,7.8,LOCAL,LOW,False,unmitigable,,No documented mitigation that preserves current use; re-role or replace,,secure@microsoft.com,3.1,false,false,0.003330,0.241720
CVE-2026-62696,2026-08-11,HIGH,7.8,LOCAL,LOW,False,unmitigable,,No documented mitigation that preserves current use; re-role or replace,,secure@microsoft.com,3.1,false,false,0.003330,0.241720
CVE-2026-62697,2026-09-08,HIGH,7.8,LOCAL,LOW,False,unmitigable,,No documented mitigation that preserves current use; re-role or replace,,secure@microsoft.com,3.1,false,false,0.003330,0.242390
CVE-2026-62698,2026-08-11,HIGH,7.8,LOCAL,LOW,False,unmitigable,,No documented mitigation that preserves current use; re-role or replace,,secure@microsoft.com,3.1,false,false,0.003330,0.241850
CVE-2026-62699,2026-08-11,MEDIUM,6.8,PHYSICAL,NONE,False,unmitigable,,No documented mitigation that preserves current use; re-role or replace,,secure@microsoft.com,3.1,false,false,0.004380,0.357150
CVE-2026-62700,2026-08-11,HIGH,7.8,LOCAL,LOW,False,unmitigable,,No documented mitigation that preserves current use; re-role or replace,,secure@microsoft.com,3.1,false,false,0.003330,0.241840
CVE-2026-62701,2026-08-11,HIGH,7.8,LOCAL,LOW,False,unmitigable,,No documented mitigation that preserves current use; re-role or replace,,secure@microsoft.com,3.1,false,false,0.003330,0.241920
CVE-2026-62702,2026-08-11,HIGH,8.6,NETWORK,NONE,False,network_isolate,network,Segment to a restricted VLAN and block inbound access at the host firewall,,nvd@nist.gov,3.1,false,false,0.009830,0.608930
CVE-2026-62703,2026-08-11,MEDIUM,5.5,LOCAL,LOW,False,unmitigable,,No documented mitigation that preserves current use; re-role or replace,,secure@microsoft.com,3.1,false,false,0.004040,0.321950
CVE-2026-62705,2026-08-11,HIGH,7.0,LOCAL,LOW,False,unmitigable,,No documented mitigation that preserves current use; re-role or replace,,secure@microsoft.com,3.1,false,false,0.002020,0.091240
CVE-2026-62706,2026-09-08,HIGH,8.8,NETWORK,NONE,False,network_isolate,network,Segment to a restricted VLAN and block inbound access at the host firewall,,secure@microsoft.com,3.1,false,false,0.008190,0.555920
CVE-2026-62707,2026-08-11,HIGH,7.8,LOCAL,LOW,False,unmitigable,,No documented mitigation that preserves current use; re-role or replace,,secure@microsoft.com,3.1,false,false,0.003330,0.241920
CVE-2026-62708,2026-08-11,MEDIUM,6.4,PHYSICAL,NONE,False,unmitigable,,No documented mitigation that preserves current use; re-role or replace,,secure@microsoft.com,3.1,false,false,0.003390,0.249100
CVE-2026-62709,2026-08-11,MEDIUM,5.5,LOCAL,LOW,False,unmitigable,,No documented mitigation that preserves current use; re-role or replace,,secure@microsoft.com,3.1,false,false,0.004040,0.321980
CVE-2026-62710,2026-08-11,HIGH,7.8,LOCAL,LOW,False,unmitigable,,No documented mitigation that preserves current use; re-role or replace,,secure@microsoft.com,3.1,false,false,0.003330,0.241920
CVE-2026-62711,2026-08-11,HIGH,7.8,LOCAL,LOW,False,unmitigable,,No documented mitigation that preserves current use; re-role or replace,,secure@microsoft.com,3.1,false,false,0.003330,0.241920
CVE-2026-62712,2026-08-11,HIGH,7.8,LOCAL,LOW,False,unmitigable,,No documented mitigation that preserves current use; re-role or replace,,secure@microsoft.com,3.1,false,false,0.003330,0.242020
CVE-2026-62713,2026-08-11,HIGH,7.8,LOCAL,LOW,False,unmitigable,,No documented mitigation that preserves current use; re-role or replace,,secure@microsoft.com,3.1,false,false,0.003330,0.242010
CVE-2026-62717,2026-08-11,HIGH,7.8,LOCAL,LOW,False,unmitigable,,No documented mitigation that preserves current use; re-role or replace,,secure@microsoft.com,3.1,false,false,0.003330,0.241910
CVE-2026-62719,2026-08-11,HIGH,7.8,LOCAL,LOW,False,unmitigable,,No documented mitigation that preserves current use; re-role or replace,,secure@microsoft.com,3.1,false,false,0.003330,0.242380
CVE-2026-62721,2026-08-11,HIGH,7.8,LOCAL,LOW,False,unmitigable,,No documented mitigation that preserves current use; re-role or replace,,secure@microsoft.com,3.1,false,false,0.002980,0.202840
CVE-2026-62722,2026-08-11,HIGH,7.8,LOCAL,LOW,False,unmitigable,,No documented mitigation that preserves current use; re-role or replace,,secure@microsoft.com,3.1,false,false,0.003330,0.242380
CVE-2026-62723,2026-08-11,HIGH,7.0,LOCAL,LOW,False,unmitigable,,No documented mitigation that preserves current use; re-role or replace,,secure@microsoft.com,3.1,false,false,0.002640,0.165050
CVE-2026-62724,2026-08-11,HIGH,7.0,LOCAL,LOW,False,unmitigable,,No documented mitigation that preserves current use; re-role or replace,,secure@microsoft.com,3.1,false,false,0.002640,0.165060
CVE-2026-62725,2026-08-11,HIGH,7.0,LOCAL,LOW,False,unmitigable,,No documented mitigation that preserves current use; re-role or replace,,secure@microsoft.com,3.1,false,false,0.002640,0.164830
CVE-2026-62726,2026-08-11,HIGH,7.0,LOCAL,LOW,False,unmitigable,,No documented mitigation that preserves current use; re-role or replace,,secure@microsoft.com,3.1,false,false,0.002640,0.164840
CVE-2026-62727,2026-08-19,HIGH,7.0,LOCAL,LOW,False,unmitigable,,No documented mitigation that preserves current use; re-role or replace,,secure@microsoft.com,3.1,false,false,0.002020,0.091230
CVE-2026-62728,2026-08-11,HIGH,7.0,LOCAL,LOW,False,unmitigable,,No documented mitigation that preserves current use; re-role or replace,,secure@microsoft.com,3.1,false,false,0.002020,0.091250
CVE-2026-62729,2026-08-11,HIGH,7.0,LOCAL,LOW,False,unmitigable,,No documented mitigation that preserves current use; re-role or replace,,secure@microsoft.com,3.1,false,false,0.002020,0.091090
CVE-2026-62730,2026-08-11,MEDIUM,5.5,LOCAL,LOW,False,unmitigable,,No documented mitigation that preserves current use; re-role or replace,,secure@microsoft.com,3.1,false,false,0.004040,0.321940
CVE-2026-62732,2026-08-11,HIGH,7.8,LOCAL,LOW,False,unmitigable,,No documented mitigation that preserves current use; re-role or replace,,secure@microsoft.com,3.1,false,false,0.003330,0.242090
CVE-2026-62733,2026-08-11,HIGH,7.8,LOCAL,LOW,False,unmitigable,,No documented mitigation that preserves current use; re-role or replace,,secure@microsoft.com,3.1,false,false,0.003330,0.242090
CVE-2026-62734,2026-08-11,HIGH,7.0,LOCAL,LOW,False,unmitigable,,No documented mitigation that preserves current use; re-role or replace,,secure@microsoft.com,3.1,false,false,0.002020,0.091250
CVE-2026-62735,2026-08-11,HIGH,7.8,LOCAL,LOW,False,service_disable,iis,Remove the IIS role from endpoints,Microsoft IIS guidance,secure@microsoft.com,3.1,false,false,0.003330,0.241650
CVE-2026-62736,2026-08-11,HIGH,7.8,LOCAL,LOW,False,unmitigable,,No documented mitigation that preserves current use; re-role or replace,,secure@microsoft.com,3.1,false,false,0.003330,0.241650
CVE-2026-62737,2026-08-11,HIGH,7.8,LOCAL,LOW,False,unmitigable,,No documented mitigation that preserves current use; re-role or replace,,secure@microsoft.com,3.1,false,false,0.003330,0.241640
CVE-2026-62738,2026-08-11,MEDIUM,5.5,LOCAL,LOW,False,unmitigable,,No documented mitigation that preserves current use; re-role or replace,,secure@microsoft.com,3.1,false,false,0.004040,0.321960
CVE-2026-62739,2026-08-11,HIGH,7.8,LOCAL,LOW,False,service_disable,iis,Remove the IIS role from endpoints,Microsoft IIS guidance,secure@microsoft.com,3.1,false,false,0.003330,0.242020
CVE-2026-62740,2026-08-11,MEDIUM,5.5,LOCAL,LOW,False,unmitigable,,No documented mitigation that preserves current use; re-role or replace,,secure@microsoft.com,3.1,false,false,0.004040,0.321940
CVE-2026-62741,2026-08-11,HIGH,7.8,LOCAL,LOW,False,service_disable,iis,Remove the IIS role from endpoints,Microsoft IIS guidance,secure@microsoft.com,3.1,false,false,0.003330,0.242020
CVE-2026-62743,2026-08-11,MEDIUM,5.5,LOCAL,LOW,False,unmitigable,,No documented mitigation that preserves current use; re-role or replace,,secure@microsoft.com,3.1,false,false,0.004040,0.321940
CVE-2026-62744,2026-09-08,HIGH,8.8,NETWORK,NONE,False,network_isolate,network,Segment to a restricted VLAN and block inbound access at the host firewall,,secure@microsoft.com,3.1,false,false,0.008190,0.555790
CVE-2026-62746,2026-08-11,MEDIUM,5.5,LOCAL,LOW,False,unmitigable,,No documented mitigation that preserves current use; re-role or replace,,secure@microsoft.com,3.1,false,false,0.004040,0.321940
CVE-2026-62747,2026-08-11,HIGH,7.8,LOCAL,LOW,False,unmitigable,,No documented mitigation that preserves current use; re-role or replace,,secure@microsoft.com,3.1,false,false,0.003330,0.242030
CVE-2026-62748,2026-08-11,HIGH,7.0,LOCAL,LOW,False,unmitigable,,No documented mitigation that preserves current use; re-role or replace,,secure@microsoft.com,3.1,false,false,0.002020,0.091220
CVE-2026-62749,2026-08-11,HIGH,7.0,LOCAL,LOW,False,unmitigable,,No documented mitigation that preserves current use; re-role or replace,,secure@microsoft.com,3.1,false,false,0.002640,0.164860
CVE-2026-62750,2026-08-11,MEDIUM,6.5,ADJACENT_NETWORK,NONE,False,network_isolate,network,Segment to a restricted VLAN and block inbound access at the host firewall,,secure@microsoft.com,3.1,false,false,0.006770,0.504220
CVE-2026-62751,2026-08-11,HIGH,7.8,LOCAL,LOW,False,unmitigable,,No documented mitigation that preserves current use; re-role or replace,,secure@microsoft.com,3.1,false,false,0.003330,0.242030
CVE-2026-62752,2026-08-11,HIGH,7.8,LOCAL,LOW,False,unmitigable,,No documented mitigation that preserves current use; re-role or replace,,secure@microsoft.com,3.1,false,false,0.003330,0.241720
CVE-2026-62753,2026-08-11,HIGH,7.0,LOCAL,LOW,False,service_disable,iis,Remove the IIS role from endpoints,Microsoft IIS guidance,secure@microsoft.com,3.1,false,false,0.002640,0.164930
CVE-2026-62754,2026-08-11,HIGH,7.8,LOCAL,LOW,False,unmitigable,,No documented mitigation that preserves current use; re-role or replace,,secure@microsoft.com,3.1,false,false,0.003330,0.241710
CVE-2026-62755,2026-08-11,HIGH,7.8,LOCAL,LOW,False,unmitigable,,No documented mitigation that preserves current use; re-role or replace,,secure@microsoft.com,3.1,false,false,0.003330,0.242470
CVE-2026-62757,2026-08-11,MEDIUM,5.9,NETWORK,NONE,False,network_isolate,network,Segment to a restricted VLAN and block inbound access at the host firewall,,nvd@nist.gov,3.1,false,false,0.003480,0.259020
CVE-2026-62758,2026-08-11,HIGH,7.8,LOCAL,LOW,False,unmitigable,,No documented mitigation that preserves current use; re-role or replace,,secure@microsoft.com,3.1,false,false,0.003330,0.242470
CVE-2026-62759,2026-09-08,HIGH,7.5,ADJACENT_NETWORK,NONE,False,network_isolate,network,Segment to a restricted VLAN and block inbound access at the host firewall,,secure@microsoft.com,3.1,false,false,0.003830,0.298820
CVE-2026-62762,2026-09-08,MEDIUM,6.5,NETWORK,LOW,False,unmitigable,,No documented mitigation that preserves current use; re-role or replace,,secure@microsoft.com,3.1,false,false,0.011380,0.653440
CVE-2026-62766,2026-08-11,HIGH,7.0,LOCAL,LOW,False,unmitigable,,No documented mitigation that preserves current use; re-role or replace,,secure@microsoft.com,3.1,false,false,0.002640,0.164770
CVE-2026-62768,2026-08-11,HIGH,7.8,LOCAL,LOW,False,unmitigable,,No documented mitigation that preserves current use; re-role or replace,,secure@microsoft.com,3.1,false,false,0.003330,0.242260
CVE-2026-62769,2026-08-11,MEDIUM,6.7,LOCAL,HIGH,False,unmitigable,,No documented mitigation that preserves current use; re-role or replace,,secure@microsoft.com,3.1,false,false,0.003480,0.260040
CVE-2026-62770,2026-08-11,HIGH,7.8,LOCAL,LOW,False,unmitigable,,No documented mitigation that preserves current use; re-role or replace,,secure@microsoft.com,3.1,false,false,0.003330,0.242090
CVE-2026-62771,2026-08-11,HIGH,7.8,LOCAL,LOW,False,unmitigable,,No documented mitigation that preserves current use; re-role or replace,,secure@microsoft.com,3.1,false,false,0.003330,0.242080
CVE-2026-62773,2026-08-11,HIGH,7.0,LOCAL,LOW,False,unmitigable,,No documented mitigation that preserves current use; re-role or replace,,secure@microsoft.com,3.1,false,false,0.002640,0.164860
CVE-2026-62774,2026-08-11,HIGH,7.0,LOCAL,LOW,False,unmitigable,,No documented mitigation that preserves current use; re-role or replace,,secure@microsoft.com,3.1,false,false,0.002640,0.164860
CVE-2026-62777,2026-08-11,HIGH,7.8,LOCAL,LOW,False,unmitigable,,No documented mitigation that preserves current use; re-role or replace,,secure@microsoft.com,3.1,false,false,0.002980,0.202810
CVE-2026-62779,2026-08-11,HIGH,7.8,LOCAL,LOW,False,unmitigable,,No documented mitigation that preserves current use; re-role or replace,,secure@microsoft.com,3.1,false,false,0.003330,0.242460
CVE-2026-62780,2026-08-11,HIGH,7.0,LOCAL,LOW,False,unmitigable,,No documented mitigation that preserves current use; re-role or replace,,secure@microsoft.com,3.1,false,false,0.002020,0.091250
CVE-2026-62781,2026-08-11,HIGH,8.1,NETWORK,NONE,False,network_isolate,network,Segment to a restricted VLAN and block inbound access at the host firewall,,secure@microsoft.com,3.1,false,false,0.007070,0.516580
CVE-2026-62782,2026-08-11,HIGH,7.5,NETWORK,NONE,False,network_isolate,network,Segment to a restricted VLAN and block inbound access at the host firewall,,nvd@nist.gov,3.1,false,false,0.009220,0.588520
CVE-2026-62783,2026-08-11,HIGH,7.8,LOCAL,LOW,False,unmitigable,,No documented mitigation that preserves current use; re-role or replace,,secure@microsoft.com,3.1,false,false,0.003330,0.242090
CVE-2026-62784,2026-08-11,HIGH,8.8,NETWORK,LOW,False,unmitigable,,No documented mitigation that preserves current use; re-role or replace,,secure@microsoft.com,3.1,false,false,0.009130,0.585850
CVE-2026-62785,2026-08-11,HIGH,8.8,NETWORK,NONE,False,network_isolate,network,Segment to a restricted VLAN and block inbound access at the host firewall,,secure@microsoft.com,3.1,false,false,0.008190,0.555860
CVE-2026-62786,2026-08-11,MEDIUM,5.5,LOCAL,LOW,False,unmitigable,,No documented mitigation that preserves current use; re-role or replace,,secure@microsoft.com,3.1,false,false,0.004040,0.321920
CVE-2026-62788,2026-08-11,HIGH,7.0,LOCAL,LOW,False,unmitigable,,No documented mitigation that preserves current use; re-role or replace,,secure@microsoft.com,3.1,false,false,0.002640,0.164770
CVE-2026-62790,2026-08-11,HIGH,8.8,NETWORK,LOW,False,unmitigable,,No documented mitigation that preserves current use; re-role or replace,,secure@microsoft.com,3.1,false,false,0.009130,0.585860
CVE-2026-62792,2026-08-11,HIGH,8.1,NETWORK,NONE,False,network_isolate,network,Segment to a restricted VLAN and block inbound access at the host firewall,,secure@microsoft.com,3.1,false,false,0.007070,0.516580
CVE-2026-62793,2026-08-11,MEDIUM,5.5,LOCAL,LOW,False,unmitigable,,No documented mitigation that preserves current use; re-role or replace,,secure@microsoft.com,3.1,false,false,0.004040,0.321900
CVE-2026-62795,2026-08-11,HIGH,8.8,NETWORK,NONE,False,network_isolate,network,Segment to a restricted VLAN and block inbound access at the host firewall,,secure@microsoft.com,3.1,false,false,0.008190,0.555960
CVE-2026-62796,2026-08-11,MEDIUM,5.5,LOCAL,LOW,False,unmitigable,,No documented mitigation that preserves current use; re-role or replace,,secure@microsoft.com,3.1,false,false,0.004040,0.321910
CVE-2026-62797,2026-08-11,HIGH,7.8,LOCAL,LOW,False,unmitigable,,No documented mitigation that preserves current use; re-role or replace,,secure@microsoft.com,3.1,false,false,0.003330,0.242180
CVE-2026-62798,2026-08-11,MEDIUM,5.5,LOCAL,LOW,False,unmitigable,,No documented mitigation that preserves current use; re-role or replace,,secure@microsoft.com,3.1,false,false,0.004040,0.321950
CVE-2026-62800,2026-08-11,HIGH,8.8,NETWORK,LOW,False,unmitigable,,No documented mitigation that preserves current use; re-role or replace,,secure@microsoft.com,3.1,false,false,0.009130,0.585870
CVE-2026-62801,2026-09-08,MEDIUM,6.5,NETWORK,NONE,False,network_isolate,network,Segment to a restricted VLAN and block inbound access at the host firewall,,secure@microsoft.com,3.1,false,false,0.007560,0.534200
CVE-2026-62810,2026-09-08,HIGH,7.8,LOCAL,LOW,False,unmitigable,,No documented mitigation that preserves current use; re-role or replace,,secure@microsoft.com,3.1,false,false,0.003410,0.251840
CVE-2026-62811,2026-08-11,HIGH,7.8,LOCAL,LOW,False,service_disable,iis,Remove the IIS role from endpoints,Microsoft IIS guidance,secure@microsoft.com,3.1,false,false,0.003330,0.242020
CVE-2026-62813,2026-09-08,HIGH,7.5,NETWORK,LOW,False,unmitigable,,No documented mitigation that preserves current use; re-role or replace,,secure@microsoft.com,3.1,false,false,0.006630,0.498010
CVE-2026-62815,2026-08-11,CRITICAL,9.8,NETWORK,NONE,False,network_isolate,network,Segment to a restricted VLAN and block inbound access at the host firewall,,secure@microsoft.com,3.1,false,false,0.009740,0.606410
CVE-2026-62816,2026-08-11,HIGH,8.8,ADJACENT_NETWORK,NONE,False,network_isolate,network,Segment to a restricted VLAN and block inbound access at the host firewall,,secure@microsoft.com,3.1,false,false,0.005350,0.429970
CVE-2026-62817,2026-08-11,HIGH,8.8,ADJACENT_NETWORK,NONE,False,network_isolate,network,Segment to a restricted VLAN and block inbound access at the host firewall,,secure@microsoft.com,3.1,false,false,0.005350,0.429960
CVE-2026-62819,2026-08-11,HIGH,8.1,NETWORK,NONE,False,network_isolate,network,Segment to a restricted VLAN and block inbound access at the host firewall,,secure@microsoft.com,3.1,false,false,0.007070,0.516600
CVE-2026-62822,2026-08-11,HIGH,8.8,NETWORK,NONE,False,network_isolate,network,Segment to a restricted VLAN and block inbound access at the host firewall,,secure@microsoft.com,3.1,false,false,0.008190,0.555820
CVE-2026-62832,2026-08-11,HIGH,7.8,LOCAL,LOW,False,unmitigable,,No documented mitigation that preserves current use; re-role or replace,,secure@microsoft.com,3.1,false,false,0.003700,0.285190
CVE-2026-62872,2026-08-11,HIGH,8.8,NETWORK,LOW,True,app_update,application,Update the affected application; it services independently of the OS,,secure@microsoft.com,3.1,false,false,0.007780,0.541760
CVE-2026-62876,2026-08-11,HIGH,7.8,LOCAL,LOW,False,unmitigable,,No documented mitigation that preserves current use; re-role or replace,,secure@microsoft.com,3.1,false,false,0.003330,0.242460
CVE-2026-62877,2026-08-11,HIGH,7.8,LOCAL,LOW,False,unmitigable,,No documented mitigation that preserves current use; re-role or replace,,secure@microsoft.com,3.1,false,false,0.003330,0.241600
CVE-2026-62880,2026-08-11,HIGH,7.8,LOCAL,LOW,False,unmitigable,,No documented mitigation that preserves current use; re-role or replace,,secure@microsoft.com,3.1,false,false,0.003330,0.242450
CVE-2026-62881,2026-08-11,MEDIUM,6.7,LOCAL,HIGH,False,unmitigable,,No documented mitigation that preserves current use; re-role or replace,,secure@microsoft.com,3.1,false,false,0.003480,0.260040
CVE-2026-62883,2026-08-11,MEDIUM,6.7,LOCAL,HIGH,False,unmitigable,,No documented mitigation that preserves current use; re-role or replace,,secure@microsoft.com,3.1,false,false,0.003480,0.260030
CVE-2026-62885,2026-08-11,HIGH,7.8,LOCAL,LOW,False,unmitigable,,No documented mitigation that preserves current use; re-role or replace,,secure@microsoft.com,3.1,false,false,0.003330,0.242450
CVE-2026-62887,2026-08-11,MEDIUM,5.5,LOCAL,LOW,False,unmitigable,,No documented mitigation that preserves current use; re-role or replace,,secure@microsoft.com,3.1,false,false,0.004040,0.321910
CVE-2026-62888,2026-08-11,HIGH,7.8,LOCAL,LOW,False,unmitigable,,No documented mitigation that preserves current use; re-role or replace,,secure@microsoft.com,3.1,false,false,0.003330,0.242450
CVE-2026-62889,2026-08-11,HIGH,8.1,NETWORK,NONE,False,network_isolate,network,Segment to a restricted VLAN and block inbound access at the host firewall,,secure@microsoft.com,3.1,false,false,0.007070,0.516550
CVE-2026-62890,2026-08-11,HIGH,7.8,LOCAL,LOW,False,unmitigable,,No documented mitigation that preserves current use; re-role or replace,,secure@microsoft.com,3.1,false,false,0.003330,0.242450
CVE-2026-62892,2026-08-11,HIGH,7.0,LOCAL,LOW,False,unmitigable,,No documented mitigation that preserves current use; re-role or replace,,secure@microsoft.com,3.1,false,false,0.002640,0.164820
CVE-2026-62894,2026-08-11,HIGH,7.8,LOCAL,LOW,False,unmitigable,,No documented mitigation that preserves current use; re-role or replace,,secure@microsoft.com,3.1,false,false,0.003330,0.242180
CVE-2026-62908,2026-08-11,HIGH,7.0,LOCAL,LOW,False,unmitigable,,No documented mitigation that preserves current use; re-role or replace,,secure@microsoft.com,3.1,false,false,0.002020,0.091240
CVE-2026-65662,2026-08-11,MEDIUM,5.5,LOCAL,LOW,False,unmitigable,,No documented mitigation that preserves current use; re-role or replace,,secure@microsoft.com,3.1,false,false,0.004040,0.322010
CVE-2026-65671,2026-08-11,HIGH,7.8,LOCAL,LOW,False,unmitigable,,No documented mitigation that preserves current use; re-role or replace,,secure@microsoft.com,3.1,false,false,0.003330,0.241680
CVE-2026-65672,2026-08-11,HIGH,7.8,LOCAL,LOW,False,unmitigable,,No documented mitigation that preserves current use; re-role or replace,,secure@microsoft.com,3.1,false,false,0.003330,0.241610
CVE-2026-65678,2026-08-11,HIGH,7.0,LOCAL,LOW,False,unmitigable,,No documented mitigation that preserves current use; re-role or replace,,secure@microsoft.com,3.1,false,false,0.002640,0.164700
CVE-2026-65773,2026-08-11,HIGH,7.8,LOCAL,LOW,False,unmitigable,,No documented mitigation that preserves current use; re-role or replace,,secure@microsoft.com,3.1,false,false,0.002980,0.202820
CVE-2026-65774,2026-08-11,HIGH,7.8,LOCAL,LOW,False,unmitigable,,No documented mitigation that preserves current use; re-role or replace,,secure@microsoft.com,3.1,false,false,0.003330,0.242420
CVE-2026-65775,2026-08-11,HIGH,7.8,LOCAL,LOW,False,unmitigable,,No documented mitigation that preserves current use; re-role or replace,,secure@microsoft.com,3.1,false,false,0.003330,0.242420
CVE-2026-65776,2026-08-11,HIGH,7.0,LOCAL,LOW,False,unmitigable,,No documented mitigation that preserves current use; re-role or replace,,secure@microsoft.com,3.1,false,false,0.002640,0.164720
CVE-2026-65777,2026-08-11,MEDIUM,5.3,NETWORK,LOW,False,unmitigable,,No documented mitigation that preserves current use; re-role or replace,,secure@microsoft.com,3.1,false,false,0.003600,0.273270
CVE-2026-65778,2026-08-11,HIGH,7.0,LOCAL,LOW,False,unmitigable,,No documented mitigation that preserves current use; re-role or replace,,secure@microsoft.com,3.1,false,false,0.002640,0.164720
CVE-2026-65779,2026-08-11,HIGH,7.0,LOCAL,LOW,False,unmitigable,,No documented mitigation that preserves current use; re-role or replace,,secure@microsoft.com,3.1,false,false,0.002640,0.165060
CVE-2026-65780,2026-08-11,HIGH,7.0,LOCAL,LOW,False,unmitigable,,No documented mitigation that preserves current use; re-role or replace,,secure@microsoft.com,3.1,false,false,0.002640,0.165010
CVE-2026-65781,2026-08-11,HIGH,7.0,LOCAL,LOW,False,unmitigable,,No documented mitigation that preserves current use; re-role or replace,,secure@microsoft.com,3.1,false,false,0.002640,0.164710
CVE-2026-65782,2026-08-11,HIGH,7.0,LOCAL,LOW,False,unmitigable,,No documented mitigation that preserves current use; re-role or replace,,secure@microsoft.com,3.1,false,false,0.002640,0.164700
CVE-2026-65783,2026-08-11,HIGH,7.0,LOCAL,LOW,False,unmitigable,,No documented mitigation that preserves current use; re-role or replace,,secure@microsoft.com,3.1,false,false,0.002640,0.164730
CVE-2026-65784,2026-08-11,MEDIUM,5.5,LOCAL,LOW,False,unmitigable,,No documented mitigation that preserves current use; re-role or replace,,secure@microsoft.com,3.1,false,false,0.004040,0.322020
CVE-2026-65785,2026-08-11,MEDIUM,6.5,ADJACENT_NETWORK,NONE,False,network_isolate,network,Segment to a restricted VLAN and block inbound access at the host firewall,,secure@microsoft.com,3.1,false,false,0.005810,0.456960
CVE-2026-65786,2026-08-11,HIGH,7.8,LOCAL,LOW,False,unmitigable,,No documented mitigation that preserves current use; re-role or replace,,secure@microsoft.com,3.1,false,false,0.003330,0.241960
CVE-2026-65787,2026-08-11,HIGH,7.8,LOCAL,LOW,False,unmitigable,,No documented mitigation that preserves current use; re-role or replace,,secure@microsoft.com,3.1,false,false,0.003330,0.242510
CVE-2026-65788,2026-08-11,HIGH,7.0,LOCAL,LOW,False,unmitigable,,No documented mitigation that preserves current use; re-role or replace,,secure@microsoft.com,3.1,false,false,0.002640,0.164720
CVE-2026-65790,2026-08-11,HIGH,7.8,LOCAL,LOW,False,unmitigable,,No documented mitigation that preserves current use; re-role or replace,,secure@microsoft.com,3.1,false,false,0.003330,0.242510
CVE-2026-65794,2026-08-11,MEDIUM,6.5,NETWORK,NONE,False,network_isolate,network,Segment to a restricted VLAN and block inbound access at the host firewall,,secure@microsoft.com,3.1,false,false,0.009220,0.588560
CVE-2026-65795,2026-08-11,MEDIUM,6.7,LOCAL,HIGH,False,unmitigable,,No documented mitigation that preserves current use; re-role or replace,,secure@microsoft.com,3.1,false,false,0.003480,0.260050
CVE-2026-65797,2026-08-11,MEDIUM,6.7,LOCAL,HIGH,False,unmitigable,,No documented mitigation that preserves current use; re-role or replace,,secure@microsoft.com,3.1,false,false,0.003480,0.260020
CVE-2026-65798,2026-08-11,MEDIUM,6.7,LOCAL,HIGH,False,unmitigable,,No documented mitigation that preserves current use; re-role or replace,,secure@microsoft.com,3.1,false,false,0.003480,0.260060
CVE-2026-65799,2026-08-11,HIGH,7.8,LOCAL,LOW,False,unmitigable,,No documented mitigation that preserves current use; re-role or replace,,nvd@nist.gov,3.1,false,false,0.003380,0.248080
CVE-2026-65810,2026-08-11,HIGH,7.8,LOCAL,LOW,True,app_update,application,Update the affected application; it services independently of the OS,,nvd@nist.gov,3.1,false,false,0.004040,0.321770
CVE-2026-65814,2026-08-11,HIGH,7.8,LOCAL,LOW,False,unmitigable,,No documented mitigation that preserves current use; re-role or replace,,secure@microsoft.com,3.1,false,false,0.003330,0.242430
CVE-2026-66799,2026-08-11,HIGH,7.8,LOCAL,LOW,False,unmitigable,,No documented mitigation that preserves current use; re-role or replace,,secure@microsoft.com,3.1,false,false,0.003330,0.242180
CVE-2026-66804,2026-08-11,HIGH,7.8,LOCAL,LOW,False,unmitigable,,No documented mitigation that preserves current use; re-role or replace,,secure@microsoft.com,3.1,false,false,0.002980,0.202920
CVE-2026-68820,2026-08-11,HIGH,7.0,LOCAL,LOW,False,unmitigable,,No documented mitigation that preserves current use; re-role or replace,,secure@microsoft.com,3.1,true,false,0.003320,0.239800
CVE-2026-68824,2026-09-08,HIGH,7.0,LOCAL,LOW,False,unmitigable,,No documented mitigation that preserves current use; re-role or replace,,secure@microsoft.com,3.1,false,false,0.002020,0.091150
CVE-2026-68825,2026-09-08,HIGH,7.0,LOCAL,LOW,False,unmitigable,,No documented mitigation that preserves current use; re-role or replace,,secure@microsoft.com,3.1,false,false,0.002640,0.165010
CVE-2026-68827,2026-09-08,HIGH,8.0,NETWORK,LOW,False,unmitigable,,No documented mitigation that preserves current use; re-role or replace,,secure@microsoft.com,3.1,false,false,0.007680,0.538590
CVE-2026-68828,2026-09-08,HIGH,8.8,NETWORK,NONE,False,service_disable,rdp,"Disable Remote Desktop, or require Network Level Authentication and gate by firewall",Microsoft CVE-2019-0708 guidance,secure@microsoft.com,3.1,false,false,0.008190,0.555810
CVE-2026-68830,2026-09-08,MEDIUM,5.5,LOCAL,LOW,False,unmitigable,,No documented mitigation that preserves current use; re-role or replace,,secure@microsoft.com,3.1,false,false,0.003730,0.287670
CVE-2026-68831,2026-09-08,MEDIUM,5.5,LOCAL,LOW,False,unmitigable,,No documented mitigation that preserves current use; re-role or replace,,secure@microsoft.com,3.1,false,false,0.005540,0.441720
CVE-2026-68832,2026-09-08,HIGH,7.8,LOCAL,LOW,False,unmitigable,,No documented mitigation that preserves current use; re-role or replace,,secure@microsoft.com,3.1,false,false,0.003330,0.242370
CVE-2026-68833,2026-09-08,MEDIUM,6.8,PHYSICAL,NONE,False,unmitigable,,No documented mitigation that preserves current use; re-role or replace,,secure@microsoft.com,3.1,false,false,0.004380,0.357150
CVE-2026-68834,2026-09-08,HIGH,8.0,NETWORK,LOW,False,unmitigable,,No documented mitigation that preserves current use; re-role or replace,,secure@microsoft.com,3.1,false,false,0.007680,0.538600
CVE-2026-68835,2026-09-08,HIGH,7.1,NETWORK,LOW,False,service_disable,spooler,Stop and disable the Print Spooler service on devices that do not print,Microsoft ADV / KB5005010,secure@microsoft.com,3.1,false,false,0.005700,0.450940
CVE-2026-68837,2026-09-08,HIGH,7.0,LOCAL,LOW,False,unmitigable,,No documented mitigation that preserves current use; re-role or replace,,secure@microsoft.com,3.1,false,false,0.002640,0.164990
CVE-2026-68838,2026-09-08,HIGH,8.0,NETWORK,LOW,False,unmitigable,,No documented mitigation that preserves current use; re-role or replace,,secure@microsoft.com,3.1,false,false,0.007680,0.538590
CVE-2026-68839,2026-09-08,CRITICAL,9.8,NETWORK,NONE,False,network_isolate,network,Segment to a restricted VLAN and block inbound access at the host firewall,,secure@microsoft.com,3.1,false,false,0.010220,0.621170
CVE-2026-68840,2026-09-08,HIGH,7.0,LOCAL,LOW,False,unmitigable,,No documented mitigation that preserves current use; re-role or replace,,secure@microsoft.com,3.1,false,false,0.002020,0.091100
CVE-2026-68841,2026-09-08,HIGH,7.8,LOCAL,LOW,False,unmitigable,,No documented mitigation that preserves current use; re-role or replace,,secure@microsoft.com,3.1,false,false,0.003330,0.242360
CVE-2026-68842,2026-09-08,MEDIUM,5.5,LOCAL,LOW,False,unmitigable,,No documented mitigation that preserves current use; re-role or replace,,secure@microsoft.com,3.1,false,false,0.004790,0.389790
CVE-2026-68843,2026-09-08,MEDIUM,5.5,LOCAL,LOW,False,unmitigable,,No documented mitigation that preserves current use; re-role or replace,,secure@microsoft.com,3.1,false,false,0.004040,0.321930
CVE-2026-68844,2026-09-08,HIGH,7.8,LOCAL,LOW,False,unmitigable,,No documented mitigation that preserves current use; re-role or replace,,secure@microsoft.com,3.1,false,false,0.003330,0.242430
CVE-2026-68845,2026-09-08,HIGH,7.8,LOCAL,LOW,False,unmitigable,,No documented mitigation that preserves current use; re-role or replace,,secure@microsoft.com,3.1,false,false,0.003330,0.241590
CVE-2026-68846,2026-09-08,HIGH,7.1,NETWORK,LOW,False,unmitigable,,No documented mitigation that preserves current use; re-role or replace,,secure@microsoft.com,3.1,false,false,0.005700,0.450970
CVE-2026-68847,2026-09-08,HIGH,7.0,LOCAL,LOW,False,unmitigable,,No documented mitigation that preserves current use; re-role or replace,,secure@microsoft.com,3.1,false,false,0.002640,0.165010
CVE-2026-68848,2026-09-08,HIGH,7.8,LOCAL,LOW,False,service_disable,spooler,Stop and disable the Print Spooler service on devices that do not print,Microsoft ADV / KB5005010,secure@microsoft.com,3.1,false,false,0.003330,0.241590
CVE-2026-68849,2026-09-08,MEDIUM,4.7,LOCAL,LOW,False,service_disable,bluetooth,Disable the Bluetooth radio/stack by policy where unused,Microsoft Bluetooth hardening guidance,secure@microsoft.com,3.1,false,false,0.003110,0.216330
CVE-2026-68850,2026-09-08,HIGH,7.8,LOCAL,LOW,False,unmitigable,,No documented mitigation that preserves current use; re-role or replace,,secure@microsoft.com,3.1,false,false,0.003330,0.242370
CVE-2026-68851,2026-09-08,MEDIUM,5.5,LOCAL,LOW,False,unmitigable,,No documented mitigation that preserves current use; re-role or replace,,secure@microsoft.com,3.1,false,false,0.004040,0.321960
CVE-2026-68852,2026-09-08,MEDIUM,5.5,LOCAL,LOW,False,unmitigable,,No documented mitigation that preserves current use; re-role or replace,,secure@microsoft.com,3.1,false,false,0.004790,0.389760
CVE-2026-68873,2026-09-08,MEDIUM,5.5,LOCAL,LOW,False,unmitigable,,No documented mitigation that preserves current use; re-role or replace,,secure@microsoft.com,3.1,false,false,0.004790,0.389750
CVE-2026-68874,2026-09-08,MEDIUM,5.7,NETWORK,LOW,False,unmitigable,,No documented mitigation that preserves current use; re-role or replace,,secure@microsoft.com,3.1,false,false,0.008940,0.579580
CVE-2026-68875,2026-09-08,HIGH,7.8,LOCAL,LOW,False,unmitigable,,No documented mitigation that preserves current use; re-role or replace,,secure@microsoft.com,3.1,false,false,0.003330,0.242360
CVE-2026-68876,2026-09-08,HIGH,8.0,NETWORK,LOW,False,unmitigable,,No documented mitigation that preserves current use; re-role or replace,,secure@microsoft.com,3.1,false,false,0.007680,0.538550
CVE-2026-68877,2026-09-08,HIGH,7.8,LOCAL,LOW,False,unmitigable,,No documented mitigation that preserves current use; re-role or replace,,secure@microsoft.com,3.1,false,false,0.003330,0.242360
CVE-2026-68878,2026-09-08,HIGH,8.0,NETWORK,LOW,False,unmitigable,,No documented mitigation that preserves current use; re-role or replace,,secure@microsoft.com,3.1,false,false,0.007680,0.538560
CVE-2026-68880,2026-09-08,HIGH,8.0,NETWORK,LOW,False,unmitigable,,No documented mitigation that preserves current use; re-role or replace,,secure@microsoft.com,3.1,false,false,0.007680,0.538570
CVE-2026-68881,2026-09-08,MEDIUM,5.5,LOCAL,LOW,False,unmitigable,,No documented mitigation that preserves current use; re-role or replace,,secure@microsoft.com,3.1,false,false,0.004040,0.321930
CVE-2026-68884,2026-09-08,HIGH,7.0,LOCAL,LOW,False,unmitigable,,No documented mitigation that preserves current use; re-role or replace,,secure@microsoft.com,3.1,false,false,0.002640,0.164960
CVE-2026-68885,2026-09-08,HIGH,7.8,LOCAL,LOW,False,unmitigable,,No documented mitigation that preserves current use; re-role or replace,,secure@microsoft.com,3.1,false,false,0.003330,0.242360
CVE-2026-68886,2026-09-08,MEDIUM,5.5,LOCAL,LOW,False,unmitigable,,No documented mitigation that preserves current use; re-role or replace,,secure@microsoft.com,3.1,false,false,0.004790,0.389770
CVE-2026-68887,2026-09-08,HIGH,7.5,NETWORK,NONE,False,network_isolate,network,Segment to a restricted VLAN and block inbound access at the host firewall,,secure@microsoft.com,3.1,false,false,0.011740,0.663350
CVE-2026-68888,2026-09-08,HIGH,7.8,LOCAL,LOW,False,unmitigable,,No documented mitigation that preserves current use; re-role or replace,,secure@microsoft.com,3.1,false,false,0.003330,0.242350
CVE-2026-68889,2026-09-08,HIGH,7.1,NETWORK,LOW,False,unmitigable,,No documented mitigation that preserves current use; re-role or replace,,secure@microsoft.com,3.1,false,false,0.005700,0.450770
CVE-2026-68890,2026-09-08,HIGH,7.8,LOCAL,LOW,False,unmitigable,,No documented mitigation that preserves current use; re-role or replace,,secure@microsoft.com,3.1,false,false,0.003410,0.251850
CVE-2026-68891,2026-09-08,MEDIUM,4.7,LOCAL,LOW,False,unmitigable,,No documented mitigation that preserves current use; re-role or replace,,secure@microsoft.com,3.1,false,false,0.003180,0.224340
CVE-2026-68892,2026-09-08,HIGH,7.8,LOCAL,LOW,False,unmitigable,,No documented mitigation that preserves current use; re-role or replace,,secure@microsoft.com,3.1,false,false,0.003410,0.251850
CVE-2026-68894,2026-09-08,HIGH,8.0,NETWORK,LOW,False,unmitigable,,No documented mitigation that preserves current use; re-role or replace,,secure@microsoft.com,3.1,false,false,0.007680,0.538590
CVE-2026-68895,2026-09-08,MEDIUM,5.5,LOCAL,LOW,False,unmitigable,,No documented mitigation that preserves current use; re-role or replace,,secure@microsoft.com,3.1,false,false,0.004040,0.321930
CVE-2026-68896,2026-09-08,HIGH,7.8,LOCAL,LOW,False,service_disable,search,Disable the Windows Search indexer where not required,Microsoft service hardening guidance,secure@microsoft.com,3.1,false,false,0.003700,0.285190
CVE-2026-68897,2026-09-08,HIGH,7.0,LOCAL,LOW,False,unmitigable,,No documented mitigation that preserves current use; re-role or replace,,secure@microsoft.com,3.1,false,false,0.002700,0.173260
CVE-2026-68898,2026-09-08,MEDIUM,6.5,NETWORK,NONE,False,network_isolate,network,Segment to a restricted VLAN and block inbound access at the host firewall,,secure@microsoft.com,3.1,false,false,0.008850,0.577000
CVE-2026-69265,2026-09-08,HIGH,7.8,LOCAL,LOW,False,unmitigable,,No documented mitigation that preserves current use; re-role or replace,,secure@microsoft.com,3.1,false,false,0.003330,0.242210
CVE-2026-69267,2026-09-08,MEDIUM,6.5,LOCAL,LOW,False,unmitigable,,No documented mitigation that preserves current use; re-role or replace,,secure@microsoft.com,3.1,false,false,0.003500,0.261470
CVE-2026-69269,2026-09-08,HIGH,7.8,LOCAL,LOW,False,unmitigable,,No documented mitigation that preserves current use; re-role or replace,,secure@microsoft.com,3.1,false,false,0.003410,0.251850
CVE-2026-69270,2026-09-08,HIGH,7.8,LOCAL,LOW,False,unmitigable,,No documented mitigation that preserves current use; re-role or replace,,secure@microsoft.com,3.1,false,false,0.003330,0.242280
CVE-2026-69271,2026-09-08,HIGH,8.0,NETWORK,LOW,False,unmitigable,,No documented mitigation that preserves current use; re-role or replace,,secure@microsoft.com,3.1,false,false,0.007680,0.538410
CVE-2026-69272,2026-09-08,HIGH,7.1,NETWORK,LOW,False,unmitigable,,No documented mitigation that preserves current use; re-role or replace,,secure@microsoft.com,3.1,false,false,0.005700,0.450760
CVE-2026-69274,2026-09-08,HIGH,7.1,NETWORK,LOW,False,unmitigable,,No documented mitigation that preserves current use; re-role or replace,,secure@microsoft.com,3.1,false,false,0.005700,0.450960
CVE-2026-69275,2026-09-08,HIGH,7.0,LOCAL,LOW,False,unmitigable,,No documented mitigation that preserves current use; re-role or replace,,secure@microsoft.com,3.1,false,false,0.002700,0.173250
CVE-2026-69276,2026-09-08,CRITICAL,9.8,NETWORK,NONE,False,network_isolate,network,Segment to a restricted VLAN and block inbound access at the host firewall,,secure@microsoft.com,3.1,false,false,0.009960,0.612770
CVE-2026-69277,2026-09-08,HIGH,7.8,LOCAL,LOW,False,unmitigable,,No documented mitigation that preserves current use; re-role or replace,,secure@microsoft.com,3.1,false,false,0.003410,0.251840
CVE-2026-69279,2026-09-08,HIGH,7.0,LOCAL,LOW,False,unmitigable,,No documented mitigation that preserves current use; re-role or replace,,secure@microsoft.com,3.1,false,false,0.002640,0.164990
CVE-2026-69280,2026-09-08,HIGH,7.0,LOCAL,LOW,False,unmitigable,,No documented mitigation that preserves current use; re-role or replace,,secure@microsoft.com,3.1,false,false,0.002640,0.164990
CVE-2026-69281,2026-09-08,HIGH,7.0,LOCAL,LOW,False,unmitigable,,No documented mitigation that preserves current use; re-role or replace,,secure@microsoft.com,3.1,false,false,0.002640,0.164720
CVE-2026-69283,2026-09-08,HIGH,7.8,LOCAL,LOW,False,unmitigable,,No documented mitigation that preserves current use; re-role or replace,,secure@microsoft.com,3.1,false,false,0.003330,0.242230
CVE-2026-69284,2026-09-08,HIGH,7.8,LOCAL,LOW,False,unmitigable,,No documented mitigation that preserves current use; re-role or replace,,secure@microsoft.com,3.1,false,false,0.003330,0.242220
CVE-2026-69286,2026-09-08,MEDIUM,5.5,LOCAL,LOW,False,unmitigable,,No documented mitigation that preserves current use; re-role or replace,,secure@microsoft.com,3.1,false,false,0.004040,0.322020
CVE-2026-69287,2026-09-08,HIGH,7.0,LOCAL,LOW,False,service_disable,rdp,"Disable Remote Desktop, or require Network Level Authentication and gate by firewall",Microsoft CVE-2019-0708 guidance,secure@microsoft.com,3.1,false,false,0.002640,0.165040
CVE-2026-69288,2026-09-08,MEDIUM,5.5,LOCAL,LOW,False,unmitigable,,No documented mitigation that preserves current use; re-role or replace,,secure@microsoft.com,3.1,false,false,0.004040,0.322020
CVE-2026-69289,2026-09-08,HIGH,7.8,LOCAL,LOW,False,unmitigable,,No documented mitigation that preserves current use; re-role or replace,,secure@microsoft.com,3.1,false,false,0.003700,0.285220
CVE-2026-69290,2026-09-08,HIGH,7.8,LOCAL,LOW,False,unmitigable,,No documented mitigation that preserves current use; re-role or replace,,secure@microsoft.com,3.1,false,false,0.003330,0.242330
CVE-2026-69291,2026-09-08,HIGH,8.8,NETWORK,NONE,False,network_isolate,network,Segment to a restricted VLAN and block inbound access at the host firewall,,secure@microsoft.com,3.1,false,false,0.008190,0.556000
CVE-2026-69293,2026-09-08,HIGH,7.8,LOCAL,LOW,False,unmitigable,,No documented mitigation that preserves current use; re-role or replace,,secure@microsoft.com,3.1,false,false,0.003330,0.242190
CVE-2026-69294,2026-09-08,MEDIUM,5.5,LOCAL,LOW,False,unmitigable,,No documented mitigation that preserves current use; re-role or replace,,secure@microsoft.com,3.1,false,false,0.004790,0.389730
CVE-2026-69295,2026-09-08,HIGH,7.8,LOCAL,LOW,False,unmitigable,,No documented mitigation that preserves current use; re-role or replace,,secure@microsoft.com,3.1,false,false,0.003330,0.242240
CVE-2026-69296,2026-09-08,HIGH,7.1,NETWORK,LOW,False,unmitigable,,No documented mitigation that preserves current use; re-role or replace,,secure@microsoft.com,3.1,false,false,0.005700,0.450970
CVE-2026-69298,2026-09-08,HIGH,7.8,LOCAL,LOW,False,unmitigable,,No documented mitigation that preserves current use; re-role or replace,,secure@microsoft.com,3.1,false,false,0.003330,0.242340
CVE-2026-69299,2026-09-08,HIGH,7.0,LOCAL,LOW,False,unmitigable,,No documented mitigation that preserves current use; re-role or replace,,secure@microsoft.com,3.1,false,false,0.002640,0.164970
CVE-2026-69300,2026-09-08,HIGH,7.0,LOCAL,LOW,False,unmitigable,,No documented mitigation that preserves current use; re-role or replace,,secure@microsoft.com,3.1,false,false,0.002640,0.164970
CVE-2026-69301,2026-09-08,HIGH,8.0,NETWORK,LOW,False,unmitigable,,No documented mitigation that preserves current use; re-role or replace,,secure@microsoft.com,3.1,false,false,0.007680,0.538540
CVE-2026-69303,2026-09-08,MEDIUM,5.5,LOCAL,LOW,False,unmitigable,,No documented mitigation that preserves current use; re-role or replace,,secure@microsoft.com,3.1,false,false,0.004140,0.332650
CVE-2026-69305,2026-09-08,HIGH,7.1,NETWORK,LOW,False,service_disable,search,Disable the Windows Search indexer where not required,Microsoft service hardening guidance,secure@microsoft.com,3.1,false,false,0.005700,0.450960
CVE-2026-69307,2026-09-08,HIGH,7.8,LOCAL,LOW,False,unmitigable,,No documented mitigation that preserves current use; re-role or replace,,secure@microsoft.com,3.1,false,false,0.003330,0.242330
CVE-2026-69308,2026-09-08,MEDIUM,5.5,LOCAL,LOW,False,unmitigable,,No documented mitigation that preserves current use; re-role or replace,,secure@microsoft.com,3.1,false,false,0.004140,0.332640
CVE-2026-69309,2026-09-08,HIGH,7.0,LOCAL,LOW,False,service_disable,spooler,Stop and disable the Print Spooler service on devices that do not print,Microsoft ADV / KB5005010,secure@microsoft.com,3.1,false,false,0.002640,0.164650
CVE-2026-69310,2026-09-08,HIGH,7.0,LOCAL,LOW,False,unmitigable,,No documented mitigation that preserves current use; re-role or replace,,secure@microsoft.com,3.1,false,false,0.002640,0.165000
CVE-2026-69311,2026-09-08,HIGH,7.0,LOCAL,LOW,False,unmitigable,,No documented mitigation that preserves current use; re-role or replace,,secure@microsoft.com,3.1,false,false,0.002640,0.165000
CVE-2026-69312,2026-09-08,HIGH,7.8,LOCAL,LOW,False,unmitigable,,No documented mitigation that preserves current use; re-role or replace,,secure@microsoft.com,3.1,false,false,0.003330,0.242420
CVE-2026-69313,2026-09-08,HIGH,7.1,NETWORK,LOW,False,unmitigable,,No documented mitigation that preserves current use; re-role or replace,,secure@microsoft.com,3.1,false,false,0.005700,0.450760
CVE-2026-69314,2026-09-08,HIGH,7.1,NETWORK,LOW,False,unmitigable,,No documented mitigation that preserves current use; re-role or replace,,secure@microsoft.com,3.1,false,false,0.005700,0.450950
CVE-2026-69315,2026-09-08,MEDIUM,5.5,LOCAL,LOW,False,unmitigable,,No documented mitigation that preserves current use; re-role or replace,,secure@microsoft.com,3.1,false,false,0.004790,0.389730
CVE-2026-69316,2026-09-08,MEDIUM,4.7,LOCAL,LOW,False,unmitigable,,No documented mitigation that preserves current use; re-role or replace,,secure@microsoft.com,3.1,false,false,0.003110,0.216350
CVE-2026-69317,2026-09-08,MEDIUM,5.7,NETWORK,LOW,False,service_disable,rdp,"Disable Remote Desktop, or require Network Level Authentication and gate by firewall",Microsoft CVE-2019-0708 guidance,secure@microsoft.com,3.1,false,false,0.008930,0.579460
CVE-2026-69318,2026-09-08,MEDIUM,5.5,LOCAL,LOW,False,unmitigable,,No documented mitigation that preserves current use; re-role or replace,,secure@microsoft.com,3.1,false,false,0.004040,0.322020
CVE-2026-69319,2026-09-08,HIGH,7.0,LOCAL,LOW,False,unmitigable,,No documented mitigation that preserves current use; re-role or replace,,secure@microsoft.com,3.1,false,false,0.002020,0.091110
CVE-2026-69321,2026-09-08,MEDIUM,5.5,LOCAL,LOW,False,unmitigable,,No documented mitigation that preserves current use; re-role or replace,,secure@microsoft.com,3.1,false,false,0.003020,0.207090
CVE-2026-69322,2026-09-08,HIGH,8.0,NETWORK,LOW,False,service_disable,search,Disable the Windows Search indexer where not required,Microsoft service hardening guidance,secure@microsoft.com,3.1,false,false,0.007680,0.538580
CVE-2026-69323,2026-09-08,HIGH,7.8,LOCAL,LOW,False,unmitigable,,No documented mitigation that preserves current use; re-role or replace,,secure@microsoft.com,3.1,false,false,0.003330,0.242190
CVE-2026-69324,2026-09-08,HIGH,7.8,LOCAL,LOW,False,unmitigable,,No documented mitigation that preserves current use; re-role or replace,,secure@microsoft.com,3.1,false,false,0.003330,0.242190
CVE-2026-69325,2026-09-08,HIGH,8.1,NETWORK,NONE,False,network_isolate,network,Segment to a restricted VLAN and block inbound access at the host firewall,,secure@microsoft.com,3.1,false,false,0.007230,0.522340
CVE-2026-69328,2026-09-08,HIGH,7.8,LOCAL,LOW,False,unmitigable,,No documented mitigation that preserves current use; re-role or replace,,secure@microsoft.com,3.1,false,false,0.004570,0.372930
CVE-2026-69329,2026-09-08,HIGH,7.5,NETWORK,NONE,False,network_isolate,network,Segment to a restricted VLAN and block inbound access at the host firewall,,secure@microsoft.com,3.1,false,false,0.012000,0.670260
CVE-2026-69331,2026-09-08,HIGH,7.0,LOCAL,LOW,False,unmitigable,,No documented mitigation that preserves current use; re-role or replace,,secure@microsoft.com,3.1,false,false,0.002640,0.164660
CVE-2026-69332,2026-09-08,HIGH,8.0,NETWORK,LOW,False,unmitigable,,No documented mitigation that preserves current use; re-role or replace,,secure@microsoft.com,3.1,false,false,0.007680,0.538580
CVE-2026-69333,2026-09-08,HIGH,7.0,LOCAL,LOW,False,unmitigable,,No documented mitigation that preserves current use; re-role or replace,,secure@microsoft.com,3.1,false,false,0.002640,0.164650
CVE-2026-69334,2026-09-08,HIGH,8.8,NETWORK,NONE,False,network_isolate,network,Segment to a restricted VLAN and block inbound access at the host firewall,,secure@microsoft.com,3.1,false,false,0.008190,0.555880
CVE-2026-69335,2026-09-08,HIGH,7.0,LOCAL,LOW,False,unmitigable,,No documented mitigation that preserves current use; re-role or replace,,secure@microsoft.com,3.1,false,false,0.002640,0.164650
CVE-2026-69336,2026-09-08,HIGH,7.1,NETWORK,LOW,False,unmitigable,,No documented mitigation that preserves current use; re-role or replace,,secure@microsoft.com,3.1,false,false,0.005700,0.450760
CVE-2026-69337,2026-09-08,HIGH,7.1,NETWORK,LOW,False,unmitigable,,No documented mitigation that preserves current use; re-role or replace,,secure@microsoft.com,3.1,false,false,0.005700,0.450970
CVE-2026-69339,2026-09-08,MEDIUM,5.5,LOCAL,LOW,False,unmitigable,,No documented mitigation that preserves current use; re-role or replace,,secure@microsoft.com,3.1,false,false,0.004790,0.389730
CVE-2026-69340,2026-09-08,HIGH,7.1,NETWORK,LOW,False,unmitigable,,No documented mitigation that preserves current use; re-role or replace,,secure@microsoft.com,3.1,false,false,0.005700,0.450950
CVE-2026-69341,2026-09-08,HIGH,7.0,LOCAL,LOW,False,unmitigable,,No documented mitigation that preserves current use; re-role or replace,,secure@microsoft.com,3.1,false,false,0.002640,0.164650
CVE-2026-69343,2026-09-08,MEDIUM,5.5,LOCAL,LOW,False,unmitigable,,No documented mitigation that preserves current use; re-role or replace,,secure@microsoft.com,3.1,false,false,0.004040,0.322030
CVE-2026-69344,2026-09-08,MEDIUM,5.5,LOCAL,LOW,False,service_disable,spooler,Stop and disable the Print Spooler service on devices that do not print,Microsoft ADV / KB5005010,secure@microsoft.com,3.1,false,false,0.004040,0.321900
CVE-2026-69345,2026-09-08,MEDIUM,5.5,LOCAL,LOW,False,unmitigable,,No documented mitigation that preserves current use; re-role or replace,,secure@microsoft.com,3.1,false,false,0.004140,0.332650
CVE-2026-69346,2026-09-08,HIGH,8.0,NETWORK,LOW,False,service_disable,spooler,Stop and disable the Print Spooler service on devices that do not print,Microsoft ADV / KB5005010,secure@microsoft.com,3.1,false,false,0.007680,0.538610
CVE-2026-69347,2026-09-08,HIGH,7.4,LOCAL,NONE,False,unmitigable,,No documented mitigation that preserves current use; re-role or replace,,secure@microsoft.com,3.1,false,false,0.002880,0.192950
CVE-2026-69348,2026-09-08,HIGH,7.8,LOCAL,LOW,False,unmitigable,,No documented mitigation that preserves current use; re-role or replace,,secure@microsoft.com,3.1,false,false,0.003330,0.242210
CVE-2026-69349,2026-09-08,MEDIUM,5.7,NETWORK,LOW,False,unmitigable,,No documented mitigation that preserves current use; re-role or replace,,secure@microsoft.com,3.1,false,false,0.008940,0.579580
CVE-2026-69350,2026-09-08,MEDIUM,6.7,LOCAL,HIGH,False,unmitigable,,No documented mitigation that preserves current use; re-role or replace,,secure@microsoft.com,3.1,false,false,0.003480,0.260020
CVE-2026-69351,2026-09-08,MEDIUM,5.5,LOCAL,LOW,False,unmitigable,,No documented mitigation that preserves current use; re-role or replace,,secure@microsoft.com,3.1,false,false,0.004790,0.389700
CVE-2026-69352,2026-09-08,HIGH,7.8,LOCAL,LOW,False,unmitigable,,No documented mitigation that preserves current use; re-role or replace,,secure@microsoft.com,3.1,false,false,0.003330,0.242430
CVE-2026-69353,2026-09-08,MEDIUM,5.5,LOCAL,LOW,False,unmitigable,,No documented mitigation that preserves current use; re-role or replace,,secure@microsoft.com,3.1,false,false,0.004040,0.322000
CVE-2026-69357,2026-09-08,HIGH,7.1,NETWORK,LOW,False,unmitigable,,No documented mitigation that preserves current use; re-role or replace,,secure@microsoft.com,3.1,false,false,0.005700,0.450950
CVE-2026-69358,2026-09-08,HIGH,7.1,NETWORK,LOW,False,service_disable,rdp,"Disable Remote Desktop, or require Network Level Authentication and gate by firewall",Microsoft CVE-2019-0708 guidance,secure@microsoft.com,3.1,false,false,0.005700,0.450770
CVE-2026-69359,2026-09-08,HIGH,7.8,LOCAL,LOW,False,unmitigable,,No documented mitigation that preserves current use; re-role or replace,,secure@microsoft.com,3.1,false,false,0.003330,0.242430
CVE-2026-69360,2026-09-08,HIGH,8.8,NETWORK,NONE,False,network_isolate,network,Segment to a restricted VLAN and block inbound access at the host firewall,,secure@microsoft.com,3.1,false,false,0.008190,0.555770
CVE-2026-69362,2026-09-08,HIGH,7.0,LOCAL,LOW,False,unmitigable,,No documented mitigation that preserves current use; re-role or replace,,secure@microsoft.com,3.1,false,false,0.002640,0.164660
CVE-2026-69364,2026-09-08,HIGH,7.1,NETWORK,LOW,False,service_disable,spooler,Stop and disable the Print Spooler service on devices that do not print,Microsoft ADV / KB5005010,secure@microsoft.com,3.1,false,false,0.004370,0.356500
CVE-2026-69365,2026-09-08,HIGH,8.0,NETWORK,LOW,False,unmitigable,,No documented mitigation that preserves current use; re-role or replace,,secure@microsoft.com,3.1,false,false,0.007680,0.538620
CVE-2026-69366,2026-09-08,HIGH,7.1,NETWORK,LOW,False,unmitigable,,No documented mitigation that preserves current use; re-role or replace,,secure@microsoft.com,3.1,false,false,0.005700,0.450950
CVE-2026-69367,2026-09-08,MEDIUM,5.5,LOCAL,LOW,False,unmitigable,,No documented mitigation that preserves current use; re-role or replace,,secure@microsoft.com,3.1,false,false,0.004040,0.321890
CVE-2026-69368,2026-09-08,HIGH,7.8,LOCAL,LOW,False,unmitigable,,No documented mitigation that preserves current use; re-role or replace,,secure@microsoft.com,3.1,false,false,0.003330,0.242140
CVE-2026-69371,2026-09-08,HIGH,8.0,NETWORK,LOW,False,unmitigable,,No documented mitigation that preserves current use; re-role or replace,,secure@microsoft.com,3.1,false,false,0.007680,0.538610
CVE-2026-69373,2026-09-08,MEDIUM,6.7,LOCAL,HIGH,False,unmitigable,,No documented mitigation that preserves current use; re-role or replace,,secure@microsoft.com,3.1,false,false,0.003480,0.260020
CVE-2026-69374,2026-09-08,MEDIUM,6.5,NETWORK,LOW,False,unmitigable,,No documented mitigation that preserves current use; re-role or replace,,secure@microsoft.com,3.1,false,false,0.011380,0.653430
CVE-2026-69376,2026-09-08,MEDIUM,5.5,LOCAL,LOW,False,unmitigable,,No documented mitigation that preserves current use; re-role or replace,,secure@microsoft.com,3.1,false,false,0.004040,0.321890
CVE-2026-69377,2026-09-08,HIGH,7.8,LOCAL,LOW,False,unmitigable,,No documented mitigation that preserves current use; re-role or replace,,secure@microsoft.com,3.1,false,false,0.002980,0.202790
CVE-2026-69379,2026-09-08,HIGH,7.0,LOCAL,LOW,False,unmitigable,,No documented mitigation that preserves current use; re-role or replace,,secure@microsoft.com,3.1,false,false,0.002830,0.187640
CVE-2026-69381,2026-09-08,MEDIUM,4.6,PHYSICAL,NONE,False,unmitigable,,No documented mitigation that preserves current use; re-role or replace,,secure@microsoft.com,3.1,false,false,0.004680,0.381950
CVE-2026-69383,2026-09-08,HIGH,7.0,LOCAL,LOW,False,unmitigable,,No documented mitigation that preserves current use; re-role or replace,,secure@microsoft.com,3.1,false,false,0.003620,0.275670
CVE-2026-69384,2026-09-08,HIGH,7.1,LOCAL,NONE,False,unmitigable,,No documented mitigation that preserves current use; re-role or replace,,secure@microsoft.com,3.1,false,false,0.004220,0.341450
CVE-2026-69385,2026-09-08,HIGH,7.0,LOCAL,LOW,False,unmitigable,,No documented mitigation that preserves current use; re-role or replace,,secure@microsoft.com,3.1,false,false,0.002020,0.091140
CVE-2026-69386,2026-09-08,HIGH,8.8,NETWORK,NONE,False,network_isolate,network,Segment to a restricted VLAN and block inbound access at the host firewall,,secure@microsoft.com,3.1,false,false,0.008190,0.555860
CVE-2026-69388,2026-09-08,HIGH,7.0,LOCAL,LOW,False,service_disable,bluetooth,Disable the Bluetooth radio/stack by policy where unused,Microsoft Bluetooth hardening guidance,secure@microsoft.com,3.1,false,false,0.002640,0.164840
CVE-2026-69389,2026-09-08,HIGH,7.8,LOCAL,LOW,False,unmitigable,,No documented mitigation that preserves current use; re-role or replace,,secure@microsoft.com,3.1,false,false,0.003330,0.242170
CVE-2026-69390,2026-09-08,MEDIUM,5.5,LOCAL,LOW,False,unmitigable,,No documented mitigation that preserves current use; re-role or replace,,secure@microsoft.com,3.1,false,false,0.004040,0.321890
CVE-2026-69391,2026-09-08,HIGH,7.8,LOCAL,LOW,False,unmitigable,,No documented mitigation that preserves current use; re-role or replace,,secure@microsoft.com,3.1,false,false,0.003330,0.242170
CVE-2026-69392,2026-09-08,HIGH,7.8,LOCAL,LOW,False,unmitigable,,No documented mitigation that preserves current use; re-role or replace,,secure@microsoft.com,3.1,false,false,0.002640,0.164660
CVE-2026-69393,2026-09-08,MEDIUM,5.7,NETWORK,LOW,False,unmitigable,,No documented mitigation that preserves current use; re-role or replace,,secure@microsoft.com,3.1,false,false,0.008940,0.579590
CVE-2026-69394,2026-09-08,HIGH,7.0,LOCAL,LOW,False,unmitigable,,No documented mitigation that preserves current use; re-role or replace,,secure@microsoft.com,3.1,false,false,0.002640,0.164660
CVE-2026-69396,2026-09-08,HIGH,7.1,NETWORK,LOW,False,unmitigable,,No documented mitigation that preserves current use; re-role or replace,,secure@microsoft.com,3.1,false,false,0.005700,0.450960
CVE-2026-69397,2026-09-08,HIGH,7.5,NETWORK,NONE,False,network_isolate,network,Segment to a restricted VLAN and block inbound access at the host firewall,,secure@microsoft.com,3.1,false,false,0.006080,0.471090
CVE-2026-69398,2026-09-08,HIGH,7.0,LOCAL,LOW,False,service_disable,bluetooth,Disable the Bluetooth radio/stack by policy where unused,Microsoft Bluetooth hardening guidance,secure@microsoft.com,3.1,false,false,0.002020,0.091160
CVE-2026-69401,2026-09-08,HIGH,7.0,LOCAL,LOW,False,unmitigable,,No documented mitigation that preserves current use; re-role or replace,,secure@microsoft.com,3.1,false,false,0.002640,0.165060
CVE-2026-69403,2026-09-08,MEDIUM,5.5,LOCAL,LOW,False,unmitigable,,No documented mitigation that preserves current use; re-role or replace,,secure@microsoft.com,3.1,false,false,0.003500,0.261470
CVE-2026-69404,2026-09-08,HIGH,7.0,LOCAL,LOW,False,unmitigable,,No documented mitigation that preserves current use; re-role or replace,,secure@microsoft.com,3.1,false,false,0.002020,0.091140
CVE-2026-69406,2026-09-08,MEDIUM,5.5,LOCAL,LOW,False,unmitigable,,No documented mitigation that preserves current use; re-role or replace,,secure@microsoft.com,3.1,false,false,0.004790,0.389800
CVE-2026-69407,2026-09-08,HIGH,7.8,LOCAL,LOW,False,unmitigable,,No documented mitigation that preserves current use; re-role or replace,,secure@microsoft.com,3.1,false,false,0.003330,0.242120
CVE-2026-69408,2026-09-08,CRITICAL,9.8,NETWORK,NONE,False,network_isolate,network,Segment to a restricted VLAN and block inbound access at the host firewall,,secure@microsoft.com,3.1,false,false,0.009740,0.606480
CVE-2026-69413,2026-09-08,HIGH,7.0,LOCAL,LOW,False,unmitigable,,No documented mitigation that preserves current use; re-role or replace,,secure@microsoft.com,3.1,false,false,0.002640,0.164990
CVE-2026-69418,2026-09-08,HIGH,8.0,NETWORK,LOW,False,unmitigable,,No documented mitigation that preserves current use; re-role or replace,,secure@microsoft.com,3.1,false,false,0.007680,0.538600
CVE-2026-69420,2026-09-08,HIGH,7.8,LOCAL,LOW,False,unmitigable,,No documented mitigation that preserves current use; re-role or replace,,secure@microsoft.com,3.1,false,false,0.003330,0.242150
CVE-2026-69421,2026-09-08,HIGH,7.8,LOCAL,LOW,False,unmitigable,,No documented mitigation that preserves current use; re-role or replace,,secure@microsoft.com,3.1,false,false,0.003330,0.242150
CVE-2026-69422,2026-09-08,HIGH,7.0,LOCAL,LOW,False,unmitigable,,No documented mitigation that preserves current use; re-role or replace,,secure@microsoft.com,3.1,false,false,0.002640,0.165020
CVE-2026-69423,2026-09-08,HIGH,8.0,NETWORK,LOW,False,unmitigable,,No documented mitigation that preserves current use; re-role or replace,,secure@microsoft.com,3.1,false,false,0.007680,0.538610
CVE-2026-69424,2026-09-08,HIGH,7.8,LOCAL,LOW,False,unmitigable,,No documented mitigation that preserves current use; re-role or replace,,secure@microsoft.com,3.1,false,false,0.003330,0.242300
CVE-2026-69425,2026-09-08,MEDIUM,4.7,LOCAL,LOW,False,unmitigable,,No documented mitigation that preserves current use; re-role or replace,,secure@microsoft.com,3.1,false,false,0.002860,0.191060
CVE-2026-69426,2026-09-08,HIGH,7.8,LOCAL,LOW,False,unmitigable,,No documented mitigation that preserves current use; re-role or replace,,secure@microsoft.com,3.1,false,false,0.003330,0.242150
CVE-2026-69427,2026-09-08,HIGH,8.0,NETWORK,LOW,False,unmitigable,,No documented mitigation that preserves current use; re-role or replace,,secure@microsoft.com,3.1,false,false,0.007680,0.538620
CVE-2026-69428,2026-09-08,HIGH,7.5,NETWORK,NONE,False,network_isolate,network,Segment to a restricted VLAN and block inbound access at the host firewall,,secure@microsoft.com,3.1,false,false,0.011740,0.663440
CVE-2026-69429,2026-09-08,HIGH,7.5,NETWORK,LOW,False,unmitigable,,No documented mitigation that preserves current use; re-role or replace,,secure@microsoft.com,3.1,false,false,0.006630,0.498160
CVE-2026-69430,2026-09-08,HIGH,7.0,LOCAL,LOW,False,unmitigable,,No documented mitigation that preserves current use; re-role or replace,,secure@microsoft.com,3.1,false,false,0.002460,0.142830
CVE-2026-69431,2026-09-08,CRITICAL,9.8,NETWORK,NONE,False,service_disable,legacy_net,Remove the Telnet/FTP optional features,Microsoft optional feature guidance,secure@microsoft.com,3.1,false,false,0.009740,0.606410
CVE-2026-69432,2026-09-08,HIGH,7.8,LOCAL,LOW,False,unmitigable,,No documented mitigation that preserves current use; re-role or replace,,secure@microsoft.com,3.1,false,false,0.003330,0.242170
CVE-2026-69433,2026-09-08,HIGH,7.8,LOCAL,LOW,False,unmitigable,,No documented mitigation that preserves current use; re-role or replace,,secure@microsoft.com,3.1,false,false,0.003330,0.242160
CVE-2026-69434,2026-09-08,HIGH,8.8,NETWORK,NONE,False,network_isolate,network,Segment to a restricted VLAN and block inbound access at the host firewall,,secure@microsoft.com,3.1,false,false,0.008190,0.556040
CVE-2026-69436,2026-09-08,HIGH,7.8,LOCAL,LOW,False,unmitigable,,No documented mitigation that preserves current use; re-role or replace,,secure@microsoft.com,3.1,false,false,0.003330,0.242160
CVE-2026-69438,2026-09-08,HIGH,8.1,NETWORK,NONE,False,network_isolate,network,Segment to a restricted VLAN and block inbound access at the host firewall,,secure@microsoft.com,3.1,false,false,0.007070,0.516540
CVE-2026-69440,2026-09-08,HIGH,7.0,LOCAL,LOW,False,unmitigable,,No documented mitigation that preserves current use; re-role or replace,,secure@microsoft.com,3.1,false,false,0.002020,0.091110
CVE-2026-69441,2026-09-08,HIGH,7.0,LOCAL,LOW,False,unmitigable,,No documented mitigation that preserves current use; re-role or replace,,secure@microsoft.com,3.1,false,false,0.002020,0.091100
CVE-2026-69444,2026-09-08,HIGH,7.8,LOCAL,LOW,False,unmitigable,,No documented mitigation that preserves current use; re-role or replace,,secure@microsoft.com,3.1,false,false,0.003330,0.242160
CVE-2026-69445,2026-09-08,HIGH,7.8,LOCAL,LOW,False,unmitigable,,No documented mitigation that preserves current use; re-role or replace,,secure@microsoft.com,3.1,false,false,0.003700,0.285180
CVE-2026-69447,2026-09-08,HIGH,7.8,LOCAL,LOW,False,unmitigable,,No documented mitigation that preserves current use; re-role or replace,,secure@microsoft.com,3.1,false,false,0.003330,0.242160
CVE-2026-69448,2026-09-08,HIGH,7.0,LOCAL,LOW,False,service_disable,bluetooth,Disable the Bluetooth radio/stack by policy where unused,Microsoft Bluetooth hardening guidance,secure@microsoft.com,3.1,false,false,0.002020,0.091200
CVE-2026-69449,2026-09-08,MEDIUM,6.7,LOCAL,HIGH,False,unmitigable,,No documented mitigation that preserves current use; re-role or replace,,secure@microsoft.com,3.1,false,false,0.003480,0.260050
CVE-2026-69450,2026-09-08,HIGH,7.8,LOCAL,LOW,False,unmitigable,,No documented mitigation that preserves current use; re-role or replace,,secure@microsoft.com,3.1,false,false,0.003330,0.242130
CVE-2026-69451,2026-09-08,HIGH,7.1,NETWORK,LOW,False,unmitigable,,No documented mitigation that preserves current use; re-role or replace,,secure@microsoft.com,3.1,false,false,0.005700,0.450940
CVE-2026-69453,2026-09-08,MEDIUM,5.5,LOCAL,LOW,False,service_disable,search,Disable the Windows Search indexer where not required,Microsoft service hardening guidance,secure@microsoft.com,3.1,false,false,0.003020,0.207090
CVE-2026-69455,2026-09-08,HIGH,7.8,LOCAL,LOW,False,unmitigable,,No documented mitigation that preserves current use; re-role or replace,,secure@microsoft.com,3.1,false,false,0.003330,0.242120
CVE-2026-69456,2026-09-08,HIGH,7.8,LOCAL,LOW,False,unmitigable,,No documented mitigation that preserves current use; re-role or replace,,secure@microsoft.com,3.1,false,false,0.003330,0.242120
CVE-2026-69457,2026-09-08,MEDIUM,5.5,LOCAL,LOW,False,unmitigable,,No documented mitigation that preserves current use; re-role or replace,,secure@microsoft.com,3.1,false,false,0.004040,0.322010
CVE-2026-69458,2026-09-08,HIGH,8.0,NETWORK,LOW,False,unmitigable,,No documented mitigation that preserves current use; re-role or replace,,secure@microsoft.com,3.1,false,false,0.007680,0.538610
CVE-2026-69459,2026-09-08,HIGH,7.8,LOCAL,LOW,False,unmitigable,,No documented mitigation that preserves current use; re-role or replace,,secure@microsoft.com,3.1,false,false,0.003330,0.242240
CVE-2026-69460,2026-09-08,HIGH,7.1,NETWORK,LOW,False,unmitigable,,No documented mitigation that preserves current use; re-role or replace,,secure@microsoft.com,3.1,false,false,0.005700,0.450990
CVE-2026-69461,2026-09-08,HIGH,8.8,NETWORK,NONE,False,network_isolate,network,Segment to a restricted VLAN and block inbound access at the host firewall,,secure@microsoft.com,3.1,false,false,0.008190,0.555780
CVE-2026-69462,2026-09-08,HIGH,8.0,NETWORK,LOW,False,unmitigable,,No documented mitigation that preserves current use; re-role or replace,,secure@microsoft.com,3.1,false,false,0.007680,0.538600
CVE-2026-69463,2026-09-08,CRITICAL,9.8,NETWORK,NONE,False,network_isolate,network,Segment to a restricted VLAN and block inbound access at the host firewall,,secure@microsoft.com,3.1,false,false,0.009740,0.606400
CVE-2026-69466,2026-09-08,HIGH,7.0,LOCAL,LOW,False,unmitigable,,No documented mitigation that preserves current use; re-role or replace,,secure@microsoft.com,3.1,false,false,0.002020,0.091290
CVE-2026-69467,2026-09-08,HIGH,7.8,LOCAL,LOW,False,unmitigable,,No documented mitigation that preserves current use; re-role or replace,,secure@microsoft.com,3.1,false,false,0.003330,0.242100
CVE-2026-69468,2026-09-08,HIGH,7.0,LOCAL,LOW,False,unmitigable,,No documented mitigation that preserves current use; re-role or replace,,secure@microsoft.com,3.1,false,false,0.002640,0.164690
CVE-2026-69469,2026-09-08,MEDIUM,6.6,PHYSICAL,NONE,False,unmitigable,,No documented mitigation that preserves current use; re-role or replace,,secure@microsoft.com,3.1,false,false,0.004830,0.392550
CVE-2026-69470,2026-09-08,HIGH,7.0,LOCAL,LOW,False,unmitigable,,No documented mitigation that preserves current use; re-role or replace,,secure@microsoft.com,3.1,false,false,0.002640,0.164670
CVE-2026-69472,2026-09-08,HIGH,7.0,LOCAL,LOW,False,unmitigable,,No documented mitigation that preserves current use; re-role or replace,,secure@microsoft.com,3.1,false,false,0.002640,0.164670
CVE-2026-69473,2026-09-08,HIGH,7.0,LOCAL,LOW,False,unmitigable,,No documented mitigation that preserves current use; re-role or replace,,secure@microsoft.com,3.1,false,false,0.002640,0.164670
CVE-2026-69474,2026-09-08,MEDIUM,4.8,NETWORK,LOW,False,unmitigable,,No documented mitigation that preserves current use; re-role or replace,,secure@microsoft.com,3.1,false,false,0.006520,0.493140
CVE-2026-69475,2026-09-08,HIGH,7.8,LOCAL,LOW,False,service_disable,rdp,"Disable Remote Desktop, or require Network Level Authentication and gate by firewall",Microsoft CVE-2019-0708 guidance,secure@microsoft.com,3.1,false,false,0.003330,0.242030
CVE-2026-69476,2026-09-08,HIGH,7.8,LOCAL,LOW,False,unmitigable,,No documented mitigation that preserves current use; re-role or replace,,secure@microsoft.com,3.1,false,false,0.003330,0.242140
CVE-2026-69478,2026-09-08,HIGH,7.8,LOCAL,LOW,False,unmitigable,,No documented mitigation that preserves current use; re-role or replace,,secure@microsoft.com,3.1,false,false,0.003330,0.242140
CVE-2026-69479,2026-09-08,HIGH,8.4,LOCAL,NONE,False,unmitigable,,No documented mitigation that preserves current use; re-role or replace,,secure@microsoft.com,3.1,false,false,0.003640,0.278300
CVE-2026-69480,2026-09-08,HIGH,7.8,LOCAL,LOW,False,unmitigable,,No documented mitigation that preserves current use; re-role or replace,,secure@microsoft.com,3.1,false,false,0.003330,0.242130
CVE-2026-69481,2026-09-08,HIGH,8.0,NETWORK,LOW,False,unmitigable,,No documented mitigation that preserves current use; re-role or replace,,secure@microsoft.com,3.1,false,false,0.007680,0.538620
CVE-2026-69482,2026-09-08,HIGH,7.1,LOCAL,LOW,False,unmitigable,,No documented mitigation that preserves current use; re-role or replace,,secure@microsoft.com,3.1,false,false,0.004630,0.377860
CVE-2026-69483,2026-09-08,MEDIUM,4.7,LOCAL,LOW,False,unmitigable,,No documented mitigation that preserves current use; re-role or replace,,secure@microsoft.com,3.1,false,false,0.003110,0.216340
CVE-2026-69485,2026-09-08,HIGH,8.8,NETWORK,LOW,False,service_disable,rdp,"Disable Remote Desktop, or require Network Level Authentication and gate by firewall",Microsoft CVE-2019-0708 guidance,secure@microsoft.com,3.1,false,false,0.009130,0.585870
CVE-2026-69488,2026-09-08,HIGH,7.0,LOCAL,LOW,False,unmitigable,,No documented mitigation that preserves current use; re-role or replace,,secure@microsoft.com,3.1,false,false,0.002640,0.164760
CVE-2026-69489,2026-09-08,HIGH,7.8,LOCAL,LOW,False,unmitigable,,No documented mitigation that preserves current use; re-role or replace,,secure@microsoft.com,3.1,false,false,0.003330,0.242110
CVE-2026-69490,2026-09-08,MEDIUM,6.8,PHYSICAL,NONE,False,unmitigable,,No documented mitigation that preserves current use; re-role or replace,,secure@microsoft.com,3.1,false,false,0.004380,0.357130
CVE-2026-69491,2026-09-08,CRITICAL,9.8,NETWORK,NONE,False,network_isolate,network,Segment to a restricted VLAN and block inbound access at the host firewall,,secure@microsoft.com,3.1,false,false,0.009740,0.606440
CVE-2026-69492,2026-09-08,HIGH,7.0,LOCAL,LOW,False,unmitigable,,No documented mitigation that preserves current use; re-role or replace,,secure@microsoft.com,3.1,false,false,0.002640,0.164730
CVE-2026-69493,2026-09-08,CRITICAL,9.8,NETWORK,NONE,False,network_isolate,network,Segment to a restricted VLAN and block inbound access at the host firewall,,secure@microsoft.com,3.1,false,false,0.009740,0.606440
CVE-2026-69494,2026-09-08,HIGH,8.8,NETWORK,NONE,False,network_isolate,network,Segment to a restricted VLAN and block inbound access at the host firewall,,secure@microsoft.com,3.1,false,false,0.008190,0.555870
CVE-2026-69495,2026-09-08,HIGH,8.8,NETWORK,NONE,False,network_isolate,network,Segment to a restricted VLAN and block inbound access at the host firewall,,secure@microsoft.com,3.1,false,false,0.008190,0.555840
CVE-2026-69496,2026-09-08,CRITICAL,9.8,NETWORK,NONE,False,network_isolate,network,Segment to a restricted VLAN and block inbound access at the host firewall,,secure@microsoft.com,3.1,false,false,0.009740,0.606430
CVE-2026-69498,2026-09-08,HIGH,7.0,LOCAL,LOW,False,unmitigable,,No documented mitigation that preserves current use; re-role or replace,,secure@microsoft.com,3.1,false,false,0.002640,0.164690
CVE-2026-69499,2026-09-08,HIGH,8.8,NETWORK,NONE,False,network_isolate,network,Segment to a restricted VLAN and block inbound access at the host firewall,,secure@microsoft.com,3.1,false,false,0.008190,0.556000
CVE-2026-69500,2026-09-08,HIGH,7.0,LOCAL,LOW,False,unmitigable,,No documented mitigation that preserves current use; re-role or replace,,secure@microsoft.com,3.1,false,false,0.002640,0.164690
CVE-2026-69501,2026-09-08,HIGH,7.0,LOCAL,LOW,False,unmitigable,,No documented mitigation that preserves current use; re-role or replace,,secure@microsoft.com,3.1,false,false,0.002640,0.164770
CVE-2026-69503,2026-09-08,HIGH,8.0,NETWORK,LOW,False,unmitigable,,No documented mitigation that preserves current use; re-role or replace,,secure@microsoft.com,3.1,false,false,0.007680,0.538570
CVE-2026-69504,2026-09-08,MEDIUM,5.5,LOCAL,LOW,False,unmitigable,,No documented mitigation that preserves current use; re-role or replace,,secure@microsoft.com,3.1,false,false,0.004040,0.322060
CVE-2026-69505,2026-09-08,HIGH,8.0,NETWORK,LOW,False,unmitigable,,No documented mitigation that preserves current use; re-role or replace,,secure@microsoft.com,3.1,false,false,0.007680,0.538560
CVE-2026-69507,2026-09-08,MEDIUM,5.7,NETWORK,LOW,False,service_disable,search,Disable the Windows Search indexer where not required,Microsoft service hardening guidance,secure@microsoft.com,3.1,false,false,0.008940,0.579590
CVE-2026-69508,2026-09-08,HIGH,7.8,LOCAL,LOW,False,unmitigable,,No documented mitigation that preserves current use; re-role or replace,,secure@microsoft.com,3.1,false,false,0.003330,0.242040
CVE-2026-69509,2026-09-08,HIGH,7.8,LOCAL,LOW,False,service_disable,fax,Remove the Fax and Scan optional feature,Microsoft optional feature guidance,secure@microsoft.com,3.1,false,false,0.003330,0.242120
CVE-2026-69511,2026-09-08,HIGH,8.8,NETWORK,NONE,False,network_isolate,network,Segment to a restricted VLAN and block inbound access at the host firewall,,secure@microsoft.com,3.1,false,false,0.008190,0.555850
CVE-2026-69512,2026-09-08,HIGH,8.8,NETWORK,LOW,False,unmitigable,,No documented mitigation that preserves current use; re-role or replace,,nvd@nist.gov,3.1,false,false,0.005570,0.443710
CVE-2026-69513,2026-09-08,HIGH,7.8,LOCAL,LOW,False,unmitigable,,No documented mitigation that preserves current use; re-role or replace,,secure@microsoft.com,3.1,false,false,0.003330,0.242110
CVE-2026-69514,2026-09-08,HIGH,7.5,NETWORK,LOW,False,service_disable,rdp,"Disable Remote Desktop, or require Network Level Authentication and gate by firewall",Microsoft CVE-2019-0708 guidance,secure@microsoft.com,3.1,false,false,0.006630,0.498160
CVE-2026-69516,2026-09-08,HIGH,7.0,LOCAL,LOW,False,unmitigable,,No documented mitigation that preserves current use; re-role or replace,,secure@microsoft.com,3.1,false,false,0.002640,0.164770
CVE-2026-69517,2026-09-08,HIGH,7.0,LOCAL,LOW,False,unmitigable,,No documented mitigation that preserves current use; re-role or replace,,secure@microsoft.com,3.1,false,false,0.002640,0.164760
CVE-2026-69518,2026-09-08,HIGH,8.8,NETWORK,NONE,False,service_disable,rdp,"Disable Remote Desktop, or require Network Level Authentication and gate by firewall",Microsoft CVE-2019-0708 guidance,secure@microsoft.com,3.1,false,false,0.008190,0.555850
CVE-2026-69525,2026-09-08,CRITICAL,9.8,NETWORK,NONE,False,service_disable,rdp,"Disable Remote Desktop, or require Network Level Authentication and gate by firewall",Microsoft CVE-2019-0708 guidance,secure@microsoft.com,3.1,false,false,0.009740,0.606420
CVE-2026-69527,2026-09-08,MEDIUM,5.5,LOCAL,LOW,False,unmitigable,,No documented mitigation that preserves current use; re-role or replace,,secure@microsoft.com,3.1,false,false,0.004040,0.322000
CVE-2026-69528,2026-09-08,HIGH,7.8,LOCAL,LOW,False,unmitigable,,No documented mitigation that preserves current use; re-role or replace,,secure@microsoft.com,3.1,false,false,0.002980,0.202830
CVE-2026-69531,2026-09-08,MEDIUM,5.5,LOCAL,LOW,False,unmitigable,,No documented mitigation that preserves current use; re-role or replace,,secure@microsoft.com,3.1,false,false,0.003020,0.207090
CVE-2026-69532,2026-09-08,HIGH,7.8,LOCAL,LOW,False,unmitigable,,No documented mitigation that preserves current use; re-role or replace,,secure@microsoft.com,3.1,false,false,0.003330,0.242050
CVE-2026-69534,2026-09-08,HIGH,7.8,LOCAL,LOW,False,unmitigable,,No documented mitigation that preserves current use; re-role or replace,,secure@microsoft.com,3.1,false,false,0.003220,0.229000
CVE-2026-69535,2026-09-08,HIGH,7.8,LOCAL,LOW,False,unmitigable,,No documented mitigation that preserves current use; re-role or replace,,secure@microsoft.com,3.1,false,false,0.003330,0.241990
CVE-2026-69536,2026-09-08,HIGH,7.1,NETWORK,LOW,False,service_disable,rdp,"Disable Remote Desktop, or require Network Level Authentication and gate by firewall",Microsoft CVE-2019-0708 guidance,secure@microsoft.com,3.1,false,false,0.005700,0.450940
CVE-2026-69538,2026-09-08,HIGH,7.8,LOCAL,LOW,False,unmitigable,,No documented mitigation that preserves current use; re-role or replace,,secure@microsoft.com,3.1,false,false,0.003330,0.242050
CVE-2026-69539,2026-09-08,HIGH,7.5,NETWORK,LOW,False,service_disable,rdp,"Disable Remote Desktop, or require Network Level Authentication and gate by firewall",Microsoft CVE-2019-0708 guidance,secure@microsoft.com,3.1,false,false,0.006630,0.498170
CVE-2026-69540,2026-09-08,HIGH,7.0,LOCAL,LOW,False,unmitigable,,No documented mitigation that preserves current use; re-role or replace,,secure@microsoft.com,3.1,false,false,0.002640,0.164680
CVE-2026-69542,2026-09-08,HIGH,7.8,LOCAL,LOW,False,unmitigable,,No documented mitigation that preserves current use; re-role or replace,,secure@microsoft.com,3.1,false,false,0.003330,0.241970
CVE-2026-69548,2026-09-08,MEDIUM,4.6,PHYSICAL,NONE,False,unmitigable,,No documented mitigation that preserves current use; re-role or replace,,secure@microsoft.com,3.1,false,false,0.004680,0.381950
CVE-2026-69552,2026-09-08,MEDIUM,5.7,NETWORK,LOW,False,service_disable,spooler,Stop and disable the Print Spooler service on devices that do not print,Microsoft ADV / KB5005010,secure@microsoft.com,3.1,false,false,0.008940,0.579590
CVE-2026-69553,2026-09-08,HIGH,7.5,NETWORK,LOW,False,service_disable,hyperv,Remove the Hyper-V role on endpoints that do not host VMs,Microsoft Hyper-V role guidance,nvd@nist.gov,3.1,false,false,0.004860,0.395350
CVE-2026-69554,2026-09-08,MEDIUM,5.5,LOCAL,LOW,False,service_disable,search,Disable the Windows Search indexer where not required,Microsoft service hardening guidance,secure@microsoft.com,3.1,false,false,0.003020,0.207100
CVE-2026-69560,2026-09-08,HIGH,7.0,LOCAL,LOW,False,unmitigable,,No documented mitigation that preserves current use; re-role or replace,,secure@microsoft.com,3.1,false,false,0.002640,0.164700
CVE-2026-69561,2026-09-08,HIGH,7.8,LOCAL,LOW,False,unmitigable,,No documented mitigation that preserves current use; re-role or replace,,secure@microsoft.com,3.1,false,false,0.003330,0.242070
CVE-2026-69563,2026-09-08,HIGH,7.0,LOCAL,LOW,False,unmitigable,,No documented mitigation that preserves current use; re-role or replace,,secure@microsoft.com,3.1,false,false,0.002020,0.091100
CVE-2026-69566,2026-09-08,MEDIUM,6.8,PHYSICAL,NONE,False,unmitigable,,No documented mitigation that preserves current use; re-role or replace,,secure@microsoft.com,3.1,false,false,0.004380,0.357110
CVE-2026-69567,2026-09-08,HIGH,7.0,LOCAL,LOW,False,unmitigable,,No documented mitigation that preserves current use; re-role or replace,,secure@microsoft.com,3.1,false,false,0.002640,0.164670
CVE-2026-69568,2026-09-08,MEDIUM,5.5,LOCAL,LOW,False,unmitigable,,No documented mitigation that preserves current use; re-role or replace,,secure@microsoft.com,3.1,false,false,0.004040,0.321900
CVE-2026-69569,2026-09-08,MEDIUM,5.7,NETWORK,LOW,False,service_disable,spooler,Stop and disable the Print Spooler service on devices that do not print,Microsoft ADV / KB5005010,secure@microsoft.com,3.1,false,false,0.008570,0.568680
CVE-2026-69571,2026-09-08,HIGH,7.8,LOCAL,LOW,False,unmitigable,,No documented mitigation that preserves current use; re-role or replace,,secure@microsoft.com,3.1,false,false,0.003330,0.242070
CVE-2026-69572,2026-09-08,MEDIUM,5.7,NETWORK,LOW,False,unmitigable,,No documented mitigation that preserves current use; re-role or replace,,secure@microsoft.com,3.1,false,false,0.008940,0.579570
CVE-2026-69573,2026-09-08,HIGH,7.0,LOCAL,LOW,False,unmitigable,,No documented mitigation that preserves current use; re-role or replace,,secure@microsoft.com,3.1,false,false,0.002640,0.164680
CVE-2026-69574,2026-09-08,HIGH,7.0,LOCAL,LOW,False,unmitigable,,No documented mitigation that preserves current use; re-role or replace,,secure@microsoft.com,3.1,false,false,0.002640,0.164680
CVE-2026-69575,2026-09-08,HIGH,7.0,LOCAL,LOW,False,unmitigable,,No documented mitigation that preserves current use; re-role or replace,,secure@microsoft.com,3.1,false,false,0.002640,0.164680
CVE-2026-69578,2026-09-08,HIGH,7.0,LOCAL,LOW,False,unmitigable,,No documented mitigation that preserves current use; re-role or replace,,secure@microsoft.com,3.1,false,false,0.002640,0.164750
CVE-2026-69579,2026-09-08,CRITICAL,9.8,NETWORK,NONE,False,network_isolate,network,Segment to a restricted VLAN and block inbound access at the host firewall,,secure@microsoft.com,3.1,false,false,0.009740,0.606410
CVE-2026-69580,2026-09-08,HIGH,7.8,LOCAL,LOW,False,unmitigable,,No documented mitigation that preserves current use; re-role or replace,,secure@microsoft.com,3.1,false,false,0.003330,0.242110
CVE-2026-69581,2026-09-08,HIGH,7.0,LOCAL,LOW,False,unmitigable,,No documented mitigation that preserves current use; re-role or replace,,secure@microsoft.com,3.1,false,false,0.002020,0.091070
CVE-2026-69582,2026-09-08,HIGH,7.8,LOCAL,LOW,False,unmitigable,,No documented mitigation that preserves current use; re-role or replace,,secure@microsoft.com,3.1,false,false,0.003330,0.241950
CVE-2026-69583,2026-09-08,HIGH,7.8,LOCAL,LOW,False,unmitigable,,No documented mitigation that preserves current use; re-role or replace,,secure@microsoft.com,3.1,false,false,0.003330,0.241940
CVE-2026-69584,2026-09-08,HIGH,7.8,LOCAL,LOW,False,unmitigable,,No documented mitigation that preserves current use; re-role or replace,,secure@microsoft.com,3.1,false,false,0.003330,0.241940
CVE-2026-69585,2026-09-08,HIGH,7.8,LOCAL,LOW,False,service_disable,search,Disable the Windows Search indexer where not required,Microsoft service hardening guidance,secure@microsoft.com,3.1,false,false,0.003330,0.241940
CVE-2026-69586,2026-09-08,CRITICAL,9.8,NETWORK,NONE,False,network_isolate,network,Segment to a restricted VLAN and block inbound access at the host firewall,,secure@microsoft.com,3.1,false,false,0.009740,0.606370
CVE-2026-69587,2026-09-08,HIGH,7.5,NETWORK,NONE,False,network_isolate,network,Segment to a restricted VLAN and block inbound access at the host firewall,,secure@microsoft.com,3.1,false,false,0.011740,0.663430
CVE-2026-69588,2026-09-08,HIGH,7.5,NETWORK,NONE,False,network_isolate,network,Segment to a restricted VLAN and block inbound access at the host firewall,,secure@microsoft.com,3.1,false,false,0.011740,0.663460
CVE-2026-69589,2026-09-08,HIGH,7.8,LOCAL,LOW,False,unmitigable,,No documented mitigation that preserves current use; re-role or replace,,secure@microsoft.com,3.1,false,false,0.003330,0.241940
CVE-2026-69590,2026-09-08,CRITICAL,9.8,NETWORK,NONE,False,network_isolate,network,Segment to a restricted VLAN and block inbound access at the host firewall,,secure@microsoft.com,3.1,false,false,0.009740,0.606430
CVE-2026-69591,2026-09-08,MEDIUM,5.7,NETWORK,LOW,False,unmitigable,,No documented mitigation that preserves current use; re-role or replace,,secure@microsoft.com,3.1,false,false,0.008940,0.579570
CVE-2026-69592,2026-09-08,HIGH,7.8,LOCAL,LOW,False,unmitigable,,No documented mitigation that preserves current use; re-role or replace,,secure@microsoft.com,3.1,false,false,0.003330,0.241930
CVE-2026-69593,2026-09-08,HIGH,7.8,LOCAL,LOW,False,unmitigable,,No documented mitigation that preserves current use; re-role or replace,,secure@microsoft.com,3.1,false,false,0.003330,0.242110
CVE-2026-69597,2026-09-08,HIGH,7.5,NETWORK,LOW,False,service_disable,iis,Remove the IIS role from endpoints,Microsoft IIS guidance,nvd@nist.gov,3.1,false,false,0.005700,0.450970
CVE-2026-69598,2026-09-08,HIGH,8.8,NETWORK,NONE,False,network_isolate,network,Segment to a restricted VLAN and block inbound access at the host firewall,,secure@microsoft.com,3.1,false,false,0.008190,0.555800
CVE-2026-69599,2026-09-08,HIGH,7.5,NETWORK,LOW,False,service_disable,rdp,"Disable Remote Desktop, or require Network Level Authentication and gate by firewall",Microsoft CVE-2019-0708 guidance,secure@microsoft.com,3.1,false,false,0.006630,0.498160
CVE-2026-69600,2026-09-08,HIGH,7.0,LOCAL,LOW,False,service_disable,search,Disable the Windows Search indexer where not required,Microsoft service hardening guidance,secure@microsoft.com,3.1,false,false,0.002640,0.164790
CVE-2026-69601,2026-09-08,HIGH,8.8,NETWORK,NONE,False,network_isolate,network,Segment to a restricted VLAN and block inbound access at the host firewall,,secure@microsoft.com,3.1,false,false,0.008190,0.555800
CVE-2026-69602,2026-09-08,HIGH,7.5,NETWORK,LOW,False,unmitigable,,No documented mitigation that preserves current use; re-role or replace,,nvd@nist.gov,3.1,false,false,0.005700,0.450990
CVE-2026-69603,2026-09-08,HIGH,8.8,LOCAL,LOW,False,service_disable,hyperv,Remove the Hyper-V role on endpoints that do not host VMs,Microsoft Hyper-V role guidance,secure@microsoft.com,3.1,false,false,0.003330,0.241950
CVE-2026-69604,2026-09-08,HIGH,7.8,LOCAL,LOW,False,unmitigable,,No documented mitigation that preserves current use; re-role or replace,,secure@microsoft.com,3.1,false,false,0.003330,0.241910
CVE-2026-69605,2026-09-08,HIGH,7.0,LOCAL,LOW,False,unmitigable,,No documented mitigation that preserves current use; re-role or replace,,secure@microsoft.com,3.1,false,false,0.002640,0.164790
CVE-2026-69606,2026-09-08,HIGH,7.0,LOCAL,LOW,False,unmitigable,,No documented mitigation that preserves current use; re-role or replace,,secure@microsoft.com,3.1,false,false,0.002640,0.164750
CVE-2026-69608,2026-09-08,HIGH,7.8,LOCAL,LOW,False,service_disable,search,Disable the Windows Search indexer where not required,Microsoft service hardening guidance,secure@microsoft.com,3.1,false,false,0.003330,0.241910
CVE-2026-69609,2026-09-08,MEDIUM,5.5,LOCAL,LOW,False,unmitigable,,No documented mitigation that preserves current use; re-role or replace,,secure@microsoft.com,3.1,false,false,0.004040,0.322040
CVE-2026-69610,2026-09-08,HIGH,7.0,LOCAL,LOW,False,unmitigable,,No documented mitigation that preserves current use; re-role or replace,,secure@microsoft.com,3.1,false,false,0.002640,0.164710
CVE-2026-69611,2026-09-08,HIGH,7.0,LOCAL,LOW,False,unmitigable,,No documented mitigation that preserves current use; re-role or replace,,secure@microsoft.com,3.1,false,false,0.002640,0.164810
CVE-2026-69612,2026-09-08,HIGH,7.8,LOCAL,LOW,False,unmitigable,,No documented mitigation that preserves current use; re-role or replace,,secure@microsoft.com,3.1,false,false,0.003700,0.285230
CVE-2026-69613,2026-09-08,HIGH,7.0,LOCAL,LOW,False,unmitigable,,No documented mitigation that preserves current use; re-role or replace,,secure@microsoft.com,3.1,false,false,0.002640,0.164780
CVE-2026-69616,2026-09-08,MEDIUM,5.5,LOCAL,LOW,False,service_disable,rdp,"Disable Remote Desktop, or require Network Level Authentication and gate by firewall",Microsoft CVE-2019-0708 guidance,secure@microsoft.com,3.1,false,false,0.004040,0.321880
CVE-2026-69618,2026-09-08,MEDIUM,5.5,LOCAL,LOW,False,unmitigable,,No documented mitigation that preserves current use; re-role or replace,,secure@microsoft.com,3.1,false,false,0.004040,0.321880
CVE-2026-69619,2026-09-08,HIGH,8.8,NETWORK,LOW,False,unmitigable,,No documented mitigation that preserves current use; re-role or replace,,nvd@nist.gov,3.1,false,false,0.007680,0.538560
CVE-2026-69621,2026-09-08,HIGH,7.0,LOCAL,LOW,False,service_disable,fax,Remove the Fax and Scan optional feature,Microsoft optional feature guidance,secure@microsoft.com,3.1,false,false,0.002640,0.164780
CVE-2026-69623,2026-09-08,HIGH,8.0,NETWORK,LOW,False,unmitigable,,No documented mitigation that preserves current use; re-role or replace,,secure@microsoft.com,3.1,false,false,0.007680,0.538550
CVE-2026-69625,2026-09-08,HIGH,8.8,NETWORK,LOW,False,unmitigable,,No documented mitigation that preserves current use; re-role or replace,,nvd@nist.gov,3.1,false,false,0.007680,0.538570
CVE-2026-69627,2026-09-08,MEDIUM,5.5,LOCAL,LOW,False,service_disable,rdp,"Disable Remote Desktop, or require Network Level Authentication and gate by firewall",Microsoft CVE-2019-0708 guidance,secure@microsoft.com,3.1,false,false,0.004040,0.322000
CVE-2026-69628,2026-09-08,HIGH,8.8,NETWORK,LOW,False,unmitigable,,No documented mitigation that preserves current use; re-role or replace,,secure@microsoft.com,3.1,false,false,0.009130,0.585910
CVE-2026-69630,2026-09-08,HIGH,7.0,LOCAL,LOW,False,unmitigable,,No documented mitigation that preserves current use; re-role or replace,,secure@microsoft.com,3.1,false,false,0.002640,0.164840
CVE-2026-69638,2026-09-08,HIGH,8.4,LOCAL,NONE,False,unmitigable,,No documented mitigation that preserves current use; re-role or replace,,secure@microsoft.com,3.1,false,false,0.003640,0.278260
CVE-2026-69643,2026-09-08,HIGH,8.0,NETWORK,LOW,False,unmitigable,,No documented mitigation that preserves current use; re-role or replace,,secure@microsoft.com,3.1,false,false,0.007680,0.538550
CVE-2026-69645,2026-09-08,HIGH,7.0,LOCAL,LOW,False,unmitigable,,No documented mitigation that preserves current use; re-role or replace,,secure@microsoft.com,3.1,false,false,0.002640,0.164830
CVE-2026-69648,2026-09-08,HIGH,7.0,LOCAL,LOW,False,unmitigable,,No documented mitigation that preserves current use; re-role or replace,,secure@microsoft.com,3.1,false,false,0.002640,0.164830
CVE-2026-69649,2026-09-08,HIGH,8.8,NETWORK,NONE,True,app_update,application,Update the affected application; it services independently of the OS,,secure@microsoft.com,3.1,false,false,0.008190,0.556040
CVE-2026-69652,2026-09-08,HIGH,7.0,LOCAL,LOW,False,unmitigable,,No documented mitigation that preserves current use; re-role or replace,,secure@microsoft.com,3.1,false,false,0.002640,0.164820
CVE-2026-69654,2026-09-08,HIGH,7.0,LOCAL,LOW,False,unmitigable,,No documented mitigation that preserves current use; re-role or replace,,secure@microsoft.com,3.1,false,false,0.002640,0.164840
CVE-2026-69669,2026-09-08,HIGH,8.8,NETWORK,NONE,False,network_isolate,network,Segment to a restricted VLAN and block inbound access at the host firewall,,secure@microsoft.com,3.1,false,false,0.008190,0.555840
CVE-2026-69674,2026-09-08,MEDIUM,5.5,LOCAL,LOW,False,unmitigable,,No documented mitigation that preserves current use; re-role or replace,,secure@microsoft.com,3.1,false,false,0.003020,0.207090
CVE-2026-69676,2026-09-08,HIGH,8.8,NETWORK,LOW,False,unmitigable,,No documented mitigation that preserves current use; re-role or replace,,secure@microsoft.com,3.1,false,false,0.007780,0.541830
CVE-2026-69681,2026-09-08,HIGH,8.8,NETWORK,LOW,False,unmitigable,,No documented mitigation that preserves current use; re-role or replace,,nvd@nist.gov,3.1,false,false,0.007680,0.538570
CVE-2026-69682,2026-09-08,HIGH,7.0,LOCAL,LOW,False,unmitigable,,No documented mitigation that preserves current use; re-role or replace,,secure@microsoft.com,3.1,false,false,0.002020,0.091260
CVE-2026-69684,2026-09-08,MEDIUM,5.5,LOCAL,LOW,False,unmitigable,,No documented mitigation that preserves current use; re-role or replace,,secure@microsoft.com,3.1,false,false,0.004790,0.389770
CVE-2026-69685,2026-09-08,HIGH,7.8,LOCAL,LOW,False,unmitigable,,No documented mitigation that preserves current use; re-role or replace,,secure@microsoft.com,3.1,false,false,0.003330,0.241890
CVE-2026-69687,2026-09-08,HIGH,7.8,LOCAL,LOW,False,unmitigable,,No documented mitigation that preserves current use; re-role or replace,,secure@microsoft.com,3.1,false,false,0.003330,0.241760
CVE-2026-69688,2026-09-08,HIGH,7.5,NETWORK,LOW,False,unmitigable,,No documented mitigation that preserves current use; re-role or replace,,nvd@nist.gov,3.1,false,false,0.005700,0.450980
CVE-2026-69689,2026-09-08,HIGH,8.8,NETWORK,LOW,False,unmitigable,,No documented mitigation that preserves current use; re-role or replace,,nvd@nist.gov,3.1,false,false,0.007680,0.538550
CVE-2026-69691,2026-09-08,HIGH,7.8,LOCAL,LOW,False,unmitigable,,No documented mitigation that preserves current use; re-role or replace,,secure@microsoft.com,3.1,false,false,0.003330,0.241840
CVE-2026-69692,2026-09-08,HIGH,7.0,LOCAL,LOW,False,unmitigable,,No documented mitigation that preserves current use; re-role or replace,,secure@microsoft.com,3.1,false,false,0.002640,0.164760
CVE-2026-69693,2026-09-08,HIGH,7.0,LOCAL,LOW,False,unmitigable,,No documented mitigation that preserves current use; re-role or replace,,secure@microsoft.com,3.1,false,false,0.002640,0.164710
CVE-2026-69694,2026-09-08,HIGH,7.0,LOCAL,LOW,False,unmitigable,,No documented mitigation that preserves current use; re-role or replace,,secure@microsoft.com,3.1,false,false,0.027980,0.859400
CVE-2026-69706,2026-09-08,HIGH,7.5,NETWORK,LOW,False,unmitigable,,No documented mitigation that preserves current use; re-role or replace,,nvd@nist.gov,3.1,false,false,0.005700,0.450990
CVE-2026-69707,2026-09-08,HIGH,7.8,LOCAL,LOW,False,unmitigable,,No documented mitigation that preserves current use; re-role or replace,,secure@microsoft.com,3.1,false,false,0.003330,0.241900
CVE-2026-69708,2026-09-08,HIGH,7.0,LOCAL,LOW,False,unmitigable,,No documented mitigation that preserves current use; re-role or replace,,secure@microsoft.com,3.1,false,false,0.002640,0.164870
CVE-2026-69709,2026-09-08,HIGH,7.8,LOCAL,LOW,False,unmitigable,,No documented mitigation that preserves current use; re-role or replace,,secure@microsoft.com,3.1,false,false,0.003330,0.242080
CVE-2026-69710,2026-09-08,HIGH,7.5,LOCAL,HIGH,False,unmitigable,,No documented mitigation that preserves current use; re-role or replace,,secure@microsoft.com,3.1,false,false,0.002110,0.103200
CVE-2026-69711,2026-09-08,HIGH,7.0,LOCAL,LOW,False,unmitigable,,No documented mitigation that preserves current use; re-role or replace,,secure@microsoft.com,3.1,false,false,0.002640,0.164870
CVE-2026-69713,2026-09-08,MEDIUM,4.4,LOCAL,HIGH,False,unmitigable,,No documented mitigation that preserves current use; re-role or replace,,secure@microsoft.com,3.1,false,false,0.003530,0.265790
CVE-2026-69714,2026-09-08,HIGH,8.8,NETWORK,LOW,False,unmitigable,,No documented mitigation that preserves current use; re-role or replace,,nvd@nist.gov,3.1,false,false,0.007680,0.538580
CVE-2026-69715,2026-09-08,CRITICAL,9.8,NETWORK,NONE,False,network_isolate,network,Segment to a restricted VLAN and block inbound access at the host firewall,,secure@microsoft.com,3.1,false,false,0.009740,0.606470
CVE-2026-69717,2026-09-08,HIGH,8.8,NETWORK,LOW,False,unmitigable,,No documented mitigation that preserves current use; re-role or replace,,nvd@nist.gov,3.1,false,false,0.007680,0.538580
CVE-2026-69720,2026-09-08,HIGH,7.8,LOCAL,LOW,False,unmitigable,,No documented mitigation that preserves current use; re-role or replace,,secure@microsoft.com,3.1,false,false,0.003330,0.242070
CVE-2026-69723,2026-09-08,MEDIUM,5.7,NETWORK,LOW,False,unmitigable,,No documented mitigation that preserves current use; re-role or replace,,secure@microsoft.com,3.1,false,false,0.008940,0.579580
CVE-2026-69725,2026-09-08,HIGH,7.8,LOCAL,LOW,False,unmitigable,,No documented mitigation that preserves current use; re-role or replace,,secure@microsoft.com,3.1,false,false,0.003330,0.241860
CVE-2026-69727,2026-09-08,HIGH,8.0,NETWORK,LOW,False,unmitigable,,No documented mitigation that preserves current use; re-role or replace,,secure@microsoft.com,3.1,false,false,0.007680,0.538530
CVE-2026-69729,2026-09-08,HIGH,8.8,NETWORK,LOW,False,unmitigable,,No documented mitigation that preserves current use; re-role or replace,,secure@microsoft.com,3.1,false,false,0.009130,0.585940
CVE-2026-69731,2026-09-08,HIGH,7.8,LOCAL,LOW,False,unmitigable,,No documented mitigation that preserves current use; re-role or replace,,secure@microsoft.com,3.1,false,false,0.003330,0.241780
CVE-2026-69732,2026-09-08,HIGH,8.1,NETWORK,NONE,False,network_isolate,network,Segment to a restricted VLAN and block inbound access at the host firewall,,secure@microsoft.com,3.1,false,false,0.007070,0.516600
CVE-2026-69735,2026-09-08,HIGH,7.0,LOCAL,LOW,False,unmitigable,,No documented mitigation that preserves current use; re-role or replace,,secure@microsoft.com,3.1,false,false,0.002640,0.164870
CVE-2026-69738,2026-09-08,HIGH,7.8,LOCAL,LOW,False,unmitigable,,No documented mitigation that preserves current use; re-role or replace,,secure@microsoft.com,3.1,false,false,0.003330,0.241780
CVE-2026-69740,2026-09-08,HIGH,8.8,LOCAL,LOW,False,unmitigable,,No documented mitigation that preserves current use; re-role or replace,,secure@microsoft.com,3.1,false,false,0.003330,0.242000
CVE-2026-69741,2026-09-08,MEDIUM,5.5,LOCAL,LOW,False,unmitigable,,No documented mitigation that preserves current use; re-role or replace,,secure@microsoft.com,3.1,false,false,0.004040,0.321880
CVE-2026-69744,2026-09-08,HIGH,7.5,NETWORK,NONE,False,network_isolate,network,Segment to a restricted VLAN and block inbound access at the host firewall,,secure@microsoft.com,3.1,false,false,0.011740,0.663310
CVE-2026-69757,2026-09-08,HIGH,7.5,NETWORK,LOW,False,unmitigable,,No documented mitigation that preserves current use; re-role or replace,,nvd@nist.gov,3.1,false,false,0.005700,0.450960
CVE-2026-69758,2026-09-08,HIGH,7.8,LOCAL,LOW,False,unmitigable,,No documented mitigation that preserves current use; re-role or replace,,secure@microsoft.com,3.1,false,false,0.003330,0.241950
CVE-2026-69760,2026-09-08,HIGH,7.5,NETWORK,NONE,False,network_isolate,network,Segment to a restricted VLAN and block inbound access at the host firewall,,secure@microsoft.com,3.1,false,false,0.011740,0.663450
CVE-2026-69761,2026-09-08,HIGH,7.5,NETWORK,LOW,False,unmitigable,,No documented mitigation that preserves current use; re-role or replace,,nvd@nist.gov,3.1,false,false,0.005700,0.450980
CVE-2026-69762,2026-09-08,HIGH,8.8,NETWORK,LOW,False,unmitigable,,No documented mitigation that preserves current use; re-role or replace,,nvd@nist.gov,3.1,false,false,0.007680,0.538540
CVE-2026-69768,2026-09-08,CRITICAL,9.8,NETWORK,NONE,False,network_isolate,network,Segment to a restricted VLAN and block inbound access at the host firewall,,secure@microsoft.com,3.1,false,false,0.009740,0.606460
CVE-2026-69769,2026-09-08,CRITICAL,9.8,NETWORK,NONE,False,network_isolate,network,Segment to a restricted VLAN and block inbound access at the host firewall,,secure@microsoft.com,3.1,false,false,0.009740,0.606460
CVE-2026-69770,2026-09-08,MEDIUM,5.5,LOCAL,LOW,False,unmitigable,,No documented mitigation that preserves current use; re-role or replace,,secure@microsoft.com,3.1,false,false,0.004040,0.321870
CVE-2026-69771,2026-09-08,MEDIUM,4.7,LOCAL,LOW,False,unmitigable,,No documented mitigation that preserves current use; re-role or replace,,secure@microsoft.com,3.1,false,false,0.003230,0.230110
CVE-2026-69772,2026-09-08,HIGH,8.8,NETWORK,NONE,False,network_isolate,network,Segment to a restricted VLAN and block inbound access at the host firewall,,secure@microsoft.com,3.1,false,false,0.008190,0.555920
CVE-2026-69773,2026-09-08,HIGH,8.0,NETWORK,LOW,False,unmitigable,,No documented mitigation that preserves current use; re-role or replace,,secure@microsoft.com,3.1,false,false,0.007680,0.538530
CVE-2026-69775,2026-09-08,HIGH,7.5,NETWORK,LOW,False,unmitigable,,No documented mitigation that preserves current use; re-role or replace,,nvd@nist.gov,3.1,false,false,0.005700,0.450980
CVE-2026-69777,2026-09-08,HIGH,8.0,ADJACENT_NETWORK,LOW,False,unmitigable,,No documented mitigation that preserves current use; re-role or replace,,secure@microsoft.com,3.1,false,false,0.005760,0.454010
CVE-2026-69779,2026-09-08,HIGH,7.0,LOCAL,LOW,False,unmitigable,,No documented mitigation that preserves current use; re-role or replace,,secure@microsoft.com,3.1,false,false,0.002020,0.091130
CVE-2026-69781,2026-09-08,MEDIUM,6.5,ADJACENT_NETWORK,NONE,False,network_isolate,network,Segment to a restricted VLAN and block inbound access at the host firewall,,secure@microsoft.com,3.1,false,false,0.005810,0.456960
CVE-2026-69784,2026-09-08,HIGH,8.8,LOCAL,LOW,False,unmitigable,,No documented mitigation that preserves current use; re-role or replace,,secure@microsoft.com,3.1,false,false,0.003330,0.241900
CVE-2026-69785,2026-09-08,HIGH,7.8,LOCAL,LOW,False,unmitigable,,No documented mitigation that preserves current use; re-role or replace,,secure@microsoft.com,3.1,false,false,0.004570,0.372940
CVE-2026-69786,2026-09-08,HIGH,8.1,NETWORK,NONE,False,network_isolate,network,Segment to a restricted VLAN and block inbound access at the host firewall,,secure@microsoft.com,3.1,false,false,0.007070,0.516570
CVE-2026-69787,2026-09-08,HIGH,7.8,LOCAL,LOW,False,unmitigable,,No documented mitigation that preserves current use; re-role or replace,,secure@microsoft.com,3.1,false,false,0.003330,0.241900
CVE-2026-69790,2026-09-08,HIGH,7.8,LOCAL,LOW,False,unmitigable,,No documented mitigation that preserves current use; re-role or replace,,secure@microsoft.com,3.1,false,false,0.003330,0.241900
CVE-2026-69791,2026-09-08,HIGH,7.0,LOCAL,LOW,False,unmitigable,,No documented mitigation that preserves current use; re-role or replace,,secure@microsoft.com,3.1,false,false,0.002640,0.164890
CVE-2026-69792,2026-09-08,MEDIUM,4.7,LOCAL,LOW,False,unmitigable,,No documented mitigation that preserves current use; re-role or replace,,secure@microsoft.com,3.1,false,false,0.002110,0.102960
CVE-2026-69793,2026-09-08,HIGH,7.5,NETWORK,NONE,False,network_isolate,network,Segment to a restricted VLAN and block inbound access at the host firewall,,secure@microsoft.com,3.1,false,false,0.008260,0.558090
CVE-2026-69794,2026-09-08,MEDIUM,5.5,LOCAL,LOW,False,unmitigable,,No documented mitigation that preserves current use; re-role or replace,,secure@microsoft.com,3.1,false,false,0.004040,0.322050
CVE-2026-69799,2026-09-08,HIGH,7.8,LOCAL,LOW,False,unmitigable,,No documented mitigation that preserves current use; re-role or replace,,secure@microsoft.com,3.1,false,false,0.002020,0.091060
CVE-2026-69801,2026-09-08,HIGH,7.8,LOCAL,LOW,False,unmitigable,,No documented mitigation that preserves current use; re-role or replace,,secure@microsoft.com,3.1,false,false,0.003330,0.241840
CVE-2026-69807,2026-09-08,HIGH,8.0,NETWORK,LOW,False,unmitigable,,No documented mitigation that preserves current use; re-role or replace,,secure@microsoft.com,3.1,false,false,0.008680,0.572000
CVE-2026-69808,2026-09-08,MEDIUM,5.5,LOCAL,LOW,False,unmitigable,,No documented mitigation that preserves current use; re-role or replace,,secure@microsoft.com,3.1,false,false,0.004040,0.322010
CVE-2026-69809,2026-09-08,HIGH,7.5,NETWORK,NONE,False,network_isolate,network,Segment to a restricted VLAN and block inbound access at the host firewall,,secure@microsoft.com,3.1,false,false,0.011740,0.663300
CVE-2026-69814,2026-09-08,HIGH,7.0,LOCAL,LOW,False,unmitigable,,No documented mitigation that preserves current use; re-role or replace,,secure@microsoft.com,3.1,false,false,0.002640,0.164810
CVE-2026-69816,2026-09-08,HIGH,7.0,LOCAL,LOW,False,unmitigable,,No documented mitigation that preserves current use; re-role or replace,,secure@microsoft.com,3.1,false,false,0.002640,0.164800
CVE-2026-69817,2026-09-08,HIGH,7.0,LOCAL,LOW,False,service_disable,bluetooth,Disable the Bluetooth radio/stack by policy where unused,Microsoft Bluetooth hardening guidance,secure@microsoft.com,3.1,false,false,0.002640,0.164800
CVE-2026-69818,2026-09-08,HIGH,7.0,LOCAL,LOW,False,unmitigable,,No documented mitigation that preserves current use; re-role or replace,,secure@microsoft.com,3.1,false,false,0.002640,0.164890
CVE-2026-69819,2026-09-08,CRITICAL,9.8,NETWORK,NONE,False,network_isolate,network,Segment to a restricted VLAN and block inbound access at the host firewall,,secure@microsoft.com,3.1,false,false,0.009740,0.606390
CVE-2026-69820,2026-09-08,MEDIUM,6.7,LOCAL,HIGH,False,unmitigable,,No documented mitigation that preserves current use; re-role or replace,,nvd@nist.gov,3.1,false,false,0.003480,0.260010
CVE-2026-69822,2026-09-08,HIGH,7.8,LOCAL,LOW,False,unmitigable,,No documented mitigation that preserves current use; re-role or replace,,secure@microsoft.com,3.1,false,false,0.003330,0.241770
CVE-2026-69824,2026-09-08,CRITICAL,9.8,NETWORK,NONE,False,network_isolate,network,Segment to a restricted VLAN and block inbound access at the host firewall,,secure@microsoft.com,3.1,false,false,0.009740,0.606390
CVE-2026-69826,2026-09-08,HIGH,8.0,NETWORK,LOW,False,unmitigable,,No documented mitigation that preserves current use; re-role or replace,,secure@microsoft.com,3.1,false,false,0.007680,0.538590
CVE-2026-69829,2026-09-08,CRITICAL,9.8,NETWORK,NONE,False,network_isolate,network,Segment to a restricted VLAN and block inbound access at the host firewall,,secure@microsoft.com,3.1,false,false,0.009740,0.606400
CVE-2026-69832,2026-09-08,MEDIUM,4.7,LOCAL,LOW,False,unmitigable,,No documented mitigation that preserves current use; re-role or replace,,nvd@nist.gov,3.1,false,false,0.003680,0.282740
CVE-2026-69834,2026-09-08,HIGH,7.0,LOCAL,LOW,False,unmitigable,,No documented mitigation that preserves current use; re-role or replace,,secure@microsoft.com,3.1,false,false,0.002640,0.164810
CVE-2026-69838,2026-09-08,HIGH,7.0,LOCAL,LOW,False,service_disable,spooler,Stop and disable the Print Spooler service on devices that do not print,Microsoft ADV / KB5005010,secure@microsoft.com,3.1,false,false,0.002640,0.164800
CVE-2026-69841,2026-09-08,HIGH,7.8,LOCAL,LOW,False,unmitigable,,No documented mitigation that preserves current use; re-role or replace,,secure@microsoft.com,3.1,false,false,0.003330,0.241700
CVE-2026-69844,2026-09-08,HIGH,7.8,LOCAL,LOW,False,unmitigable,,No documented mitigation that preserves current use; re-role or replace,,secure@microsoft.com,3.1,false,false,0.003330,0.241700
CVE-2026-69846,2026-09-08,HIGH,8.2,LOCAL,HIGH,False,unmitigable,,No documented mitigation that preserves current use; re-role or replace,,secure@microsoft.com,3.1,false,false,0.003480,0.260050
CVE-2026-69847,2026-09-08,HIGH,8.0,ADJACENT_NETWORK,LOW,False,unmitigable,,No documented mitigation that preserves current use; re-role or replace,,secure@microsoft.com,3.1,false,false,0.005760,0.454000
CVE-2026-69852,2026-09-08,HIGH,7.5,NETWORK,LOW,False,unmitigable,,No documented mitigation that preserves current use; re-role or replace,,secure@microsoft.com,3.1,false,false,0.006630,0.498180
CVE-2026-69853,2026-09-08,MEDIUM,4.7,LOCAL,LOW,False,unmitigable,,No documented mitigation that preserves current use; re-role or replace,,secure@microsoft.com,3.1,false,false,0.003110,0.216340
CVE-2026-69859,2026-09-08,HIGH,7.0,LOCAL,LOW,False,unmitigable,,No documented mitigation that preserves current use; re-role or replace,,secure@microsoft.com,3.1,false,false,0.002020,0.091140
CVE-2026-69860,2026-09-08,HIGH,8.8,NETWORK,NONE,False,network_isolate,network,Segment to a restricted VLAN and block inbound access at the host firewall,,secure@microsoft.com,3.1,false,false,0.008190,0.555960
CVE-2026-69862,2026-09-08,MEDIUM,5.5,LOCAL,LOW,False,unmitigable,,No documented mitigation that preserves current use; re-role or replace,,secure@microsoft.com,3.1,false,false,0.004790,0.389730
CVE-2026-69864,2026-09-08,HIGH,7.8,LOCAL,LOW,False,unmitigable,,No documented mitigation that preserves current use; re-role or replace,,secure@microsoft.com,3.1,false,false,0.002640,0.164900
CVE-2026-69866,2026-09-08,HIGH,7.0,LOCAL,LOW,False,unmitigable,,No documented mitigation that preserves current use; re-role or replace,,secure@microsoft.com,3.1,false,false,0.002640,0.164810
CVE-2026-69874,2026-09-08,MEDIUM,6.4,LOCAL,HIGH,False,unmitigable,,No documented mitigation that preserves current use; re-role or replace,,nvd@nist.gov,3.1,false,false,0.002910,0.195870
CVE-2026-69875,2026-09-08,HIGH,8.0,NETWORK,LOW,False,unmitigable,,No documented mitigation that preserves current use; re-role or replace,,secure@microsoft.com,3.1,false,false,0.007680,0.538540
CVE-2026-69881,2026-09-08,HIGH,7.5,NETWORK,NONE,False,network_isolate,network,Segment to a restricted VLAN and block inbound access at the host firewall,,secure@microsoft.com,3.1,false,false,0.011740,0.663380
CVE-2026-69889,2026-09-08,HIGH,7.0,LOCAL,LOW,False,service_disable,bluetooth,Disable the Bluetooth radio/stack by policy where unused,Microsoft Bluetooth hardening guidance,secure@microsoft.com,3.1,false,false,0.002640,0.164930
CVE-2026-69890,2026-09-08,HIGH,7.5,LOCAL,HIGH,False,unmitigable,,No documented mitigation that preserves current use; re-role or replace,,secure@microsoft.com,3.1,false,false,0.002760,0.180590
CVE-2026-69891,2026-09-08,HIGH,7.0,LOCAL,LOW,False,unmitigable,,No documented mitigation that preserves current use; re-role or replace,,secure@microsoft.com,3.1,false,false,0.002640,0.164890
CVE-2026-69895,2026-09-08,MEDIUM,4.7,LOCAL,LOW,False,unmitigable,,No documented mitigation that preserves current use; re-role or replace,,secure@microsoft.com,3.1,false,false,0.003110,0.216330
CVE-2026-69896,2026-09-08,HIGH,7.0,LOCAL,LOW,False,unmitigable,,No documented mitigation that preserves current use; re-role or replace,,secure@microsoft.com,3.1,false,false,0.002640,0.164890
CVE-2026-69900,2026-09-08,HIGH,7.8,LOCAL,LOW,False,unmitigable,,No documented mitigation that preserves current use; re-role or replace,,secure@microsoft.com,3.1,false,false,0.003330,0.241910
CVE-2026-69906,2026-09-08,HIGH,8.2,LOCAL,HIGH,False,unmitigable,,No documented mitigation that preserves current use; re-role or replace,,secure@microsoft.com,3.1,false,false,0.003480,0.260060
CVE-2026-69907,2026-09-08,HIGH,7.8,LOCAL,LOW,False,unmitigable,,No documented mitigation that preserves current use; re-role or replace,,secure@microsoft.com,3.1,false,false,0.002980,0.202800
CVE-2026-69910,2026-09-08,CRITICAL,9.8,NETWORK,NONE,False,service_disable,hyperv,Remove the Hyper-V role on endpoints that do not host VMs,Microsoft Hyper-V role guidance,secure@microsoft.com,3.1,false,false,0.009740,0.606360
CVE-2026-69911,2026-09-08,HIGH,7.0,LOCAL,LOW,False,service_disable,search,Disable the Windows Search indexer where not required,Microsoft service hardening guidance,secure@microsoft.com,3.1,false,false,0.002640,0.164900
CVE-2026-69921,2026-09-08,HIGH,7.8,LOCAL,LOW,False,service_disable,spooler,Stop and disable the Print Spooler service on devices that do not print,Microsoft ADV / KB5005010,secure@microsoft.com,3.1,false,false,0.003330,0.241680
CVE-2026-70019,2026-09-08,MEDIUM,6.5,NETWORK,NONE,False,network_isolate,network,Segment to a restricted VLAN and block inbound access at the host firewall,,secure@microsoft.com,3.1,false,false,0.010360,0.625470
CVE-2026-70145,2026-09-08,MEDIUM,5.5,LOCAL,LOW,False,service_disable,search,Disable the Windows Search indexer where not required,Microsoft service hardening guidance,secure@microsoft.com,3.1,false,false,0.004040,0.321950
CVE-2026-70203,2026-09-08,HIGH,8.8,NETWORK,NONE,False,network_isolate,network,Segment to a restricted VLAN and block inbound access at the host firewall,,secure@microsoft.com,3.1,false,false,0.008190,0.556010
CVE-2026-70283,2026-09-08,HIGH,7.0,LOCAL,LOW,False,unmitigable,,No documented mitigation that preserves current use; re-role or replace,,secure@microsoft.com,3.1,false,false,0.002360,0.131690
CVE-2026-70289,2026-09-08,HIGH,7.8,LOCAL,LOW,False,unmitigable,,No documented mitigation that preserves current use; re-role or replace,,secure@microsoft.com,3.1,false,false,0.003330,0.242390
CVE-2026-70290,2026-09-08,MEDIUM,5.5,LOCAL,LOW,False,unmitigable,,No documented mitigation that preserves current use; re-role or replace,,secure@microsoft.com,3.1,false,false,0.004040,0.321970
CVE-2026-70296,2026-09-08,CRITICAL,9.8,NETWORK,NONE,False,network_isolate,network,Segment to a restricted VLAN and block inbound access at the host firewall,,secure@microsoft.com,3.1,false,false,0.009740,0.606480
CVE-2026-70304,2026-08-11,HIGH,7.8,LOCAL,LOW,False,unmitigable,,No documented mitigation that preserves current use; re-role or replace,,nvd@nist.gov,3.1,false,false,0.003380,0.248070
CVE-2026-70307,2026-08-11,HIGH,7.0,LOCAL,LOW,False,unmitigable,,No documented mitigation that preserves current use; re-role or replace,,secure@microsoft.com,3.1,false,false,0.002640,0.164920
CVE-2026-70330,2026-08-11,HIGH,7.8,LOCAL,LOW,False,unmitigable,,No documented mitigation that preserves current use; re-role or replace,,nvd@nist.gov,3.1,false,false,0.003380,0.248080
CVE-2026-70342,2026-09-08,HIGH,8.1,NETWORK,NONE,False,network_isolate,network,Segment to a restricted VLAN and block inbound access at the host firewall,,secure@microsoft.com,3.1,false,false,0.007070,0.516530
CVE-2026-70344,2026-08-11,HIGH,7.8,LOCAL,LOW,False,unmitigable,,No documented mitigation that preserves current use; re-role or replace,,secure@microsoft.com,3.1,false,false,0.003330,0.242500
CVE-2026-70345,2026-08-11,HIGH,7.8,LOCAL,LOW,False,unmitigable,,No documented mitigation that preserves current use; re-role or replace,,secure@microsoft.com,3.1,false,false,0.003330,0.242500
CVE-2026-70346,2026-08-11,HIGH,7.8,LOCAL,LOW,False,unmitigable,,No documented mitigation that preserves current use; re-role or replace,,secure@microsoft.com,3.1,false,false,0.003330,0.242490
CVE-2026-70347,2026-08-11,HIGH,7.8,LOCAL,LOW,False,unmitigable,,No documented mitigation that preserves current use; re-role or replace,,secure@microsoft.com,3.1,false,false,0.003330,0.242490
CVE-2026-70348,2026-08-11,MEDIUM,5.5,LOCAL,LOW,False,unmitigable,,No documented mitigation that preserves current use; re-role or replace,,secure@microsoft.com,3.1,false,false,0.004430,0.361680
CVE-2026-70354,2026-08-11,HIGH,7.8,LOCAL,LOW,True,app_update,application,Update the affected application; it services independently of the OS,,nvd@nist.gov,3.1,false,false,0.003630,0.276980
CVE-2026-70562,2026-09-08,HIGH,7.0,LOCAL,LOW,False,unmitigable,,No documented mitigation that preserves current use; re-role or replace,,secure@microsoft.com,3.1,false,false,0.002640,0.164930
CVE-2026-70563,2026-09-08,HIGH,8.1,NETWORK,NONE,False,network_isolate,network,Segment to a restricted VLAN and block inbound access at the host firewall,,secure@microsoft.com,3.1,false,false,0.008490,0.565700
CVE-2026-70564,2026-09-08,HIGH,7.8,LOCAL,LOW,False,service_disable,spooler,Stop and disable the Print Spooler service on devices that do not print,Microsoft ADV / KB5005010,secure@microsoft.com,3.1,false,false,0.003330,0.242490
CVE-2026-70565,2026-09-08,HIGH,7.0,LOCAL,LOW,False,unmitigable,,No documented mitigation that preserves current use; re-role or replace,,secure@microsoft.com,3.1,false,false,0.002640,0.164740
CVE-2026-70567,2026-09-08,HIGH,7.0,LOCAL,LOW,False,unmitigable,,No documented mitigation that preserves current use; re-role or replace,,secure@microsoft.com,3.1,false,false,0.002640,0.165080
CVE-2026-70568,2026-09-08,HIGH,7.0,LOCAL,LOW,False,unmitigable,,No documented mitigation that preserves current use; re-role or replace,,secure@microsoft.com,3.1,false,false,0.002640,0.165080
CVE-2026-70569,2026-09-08,HIGH,7.8,LOCAL,LOW,False,unmitigable,,No documented mitigation that preserves current use; re-role or replace,,secure@microsoft.com,3.1,false,false,0.003330,0.242490
CVE-2026-70570,2026-09-08,HIGH,8.1,NETWORK,NONE,False,network_isolate,network,Segment to a restricted VLAN and block inbound access at the host firewall,,nvd@nist.gov,3.1,false,false,0.006900,0.509940
CVE-2026-70572,2026-09-08,HIGH,7.8,LOCAL,LOW,False,unmitigable,,No documented mitigation that preserves current use; re-role or replace,,secure@microsoft.com,3.1,false,false,0.003330,0.242480
CVE-2026-70573,2026-09-08,HIGH,7.0,LOCAL,LOW,False,unmitigable,,No documented mitigation that preserves current use; re-role or replace,,secure@microsoft.com,3.1,false,false,0.002810,0.186210
CVE-2026-70574,2026-09-08,HIGH,7.8,LOCAL,LOW,False,unmitigable,,No documented mitigation that preserves current use; re-role or replace,,secure@microsoft.com,3.1,false,false,0.003330,0.242380
CVE-2026-70575,2026-09-08,MEDIUM,6.5,NETWORK,LOW,False,unmitigable,,No documented mitigation that preserves current use; re-role or replace,,nvd@nist.gov,3.1,false,false,0.009540,0.599060
CVE-2026-70577,2026-09-08,HIGH,7.0,LOCAL,LOW,False,unmitigable,,No documented mitigation that preserves current use; re-role or replace,,secure@microsoft.com,3.1,false,false,0.002640,0.165080
CVE-2026-70578,2026-09-08,HIGH,7.0,LOCAL,LOW,False,unmitigable,,No documented mitigation that preserves current use; re-role or replace,,secure@microsoft.com,3.1,false,false,0.002640,0.164910
CVE-2026-70579,2026-09-08,HIGH,7.5,NETWORK,NONE,False,network_isolate,network,Segment to a restricted VLAN and block inbound access at the host firewall,,secure@microsoft.com,3.1,false,false,0.010270,0.622560
CVE-2026-70581,2026-09-08,HIGH,7.8,LOCAL,LOW,False,unmitigable,,No documented mitigation that preserves current use; re-role or replace,,secure@microsoft.com,3.1,false,false,0.003330,0.242380
CVE-2026-70582,2026-09-08,MEDIUM,6.4,LOCAL,HIGH,False,unmitigable,,No documented mitigation that preserves current use; re-role or replace,,secure@microsoft.com,3.1,false,false,0.002110,0.103200
CVE-2026-70583,2026-09-08,HIGH,7.8,LOCAL,LOW,False,unmitigable,,No documented mitigation that preserves current use; re-role or replace,,secure@microsoft.com,3.1,false,false,0.003330,0.242500
CVE-2026-70584,2026-09-08,HIGH,7.8,LOCAL,LOW,False,unmitigable,,No documented mitigation that preserves current use; re-role or replace,,secure@microsoft.com,3.1,false,false,0.003330,0.241670
CVE-2026-70586,2026-09-08,HIGH,8.8,NETWORK,NONE,False,network_isolate,network,Segment to a restricted VLAN and block inbound access at the host firewall,,secure@microsoft.com,3.1,false,false,0.008190,0.556010
CVE-2026-70587,2026-09-08,HIGH,7.5,NETWORK,NONE,False,service_disable,rdp,"Disable Remote Desktop, or require Network Level Authentication and gate by firewall",Microsoft CVE-2019-0708 guidance,secure@microsoft.com,3.1,false,false,0.010270,0.622570
CVE-2026-71329,2026-09-08,MEDIUM,6.8,PHYSICAL,NONE,False,unmitigable,,No documented mitigation that preserves current use; re-role or replace,,secure@microsoft.com,3.1,false,false,0.004380,0.357120
CVE-2026-71330,2026-09-08,HIGH,7.5,NETWORK,NONE,False,network_isolate,network,Segment to a restricted VLAN and block inbound access at the host firewall,,secure@microsoft.com,3.1,false,false,0.010270,0.622600
CVE-2026-71332,2026-09-08,HIGH,7.0,LOCAL,LOW,False,unmitigable,,No documented mitigation that preserves current use; re-role or replace,,secure@microsoft.com,3.1,false,false,0.002640,0.164960
CVE-2026-71333,2026-09-08,HIGH,7.0,LOCAL,LOW,False,unmitigable,,No documented mitigation that preserves current use; re-role or replace,,secure@microsoft.com,3.1,false,false,0.002640,0.164970
CVE-2026-71334,2026-09-08,HIGH,7.8,LOCAL,LOW,False,unmitigable,,No documented mitigation that preserves current use; re-role or replace,,secure@microsoft.com,3.1,false,false,0.003330,0.242060
CVE-2026-71337,2026-09-08,HIGH,7.8,LOCAL,LOW,False,unmitigable,,No documented mitigation that preserves current use; re-role or replace,,secure@microsoft.com,3.1,false,false,0.003330,0.242210
CVE-2026-71339,2026-09-08,MEDIUM,6.7,LOCAL,HIGH,False,unmitigable,,No documented mitigation that preserves current use; re-role or replace,,secure@microsoft.com,3.1,false,false,0.003480,0.260030
CVE-2026-71340,2026-09-08,HIGH,7.0,LOCAL,LOW,False,unmitigable,,No documented mitigation that preserves current use; re-role or replace,,secure@microsoft.com,3.1,false,false,0.002640,0.164970
CVE-2026-71341,2026-09-08,MEDIUM,5.5,LOCAL,LOW,False,unmitigable,,No documented mitigation that preserves current use; re-role or replace,,secure@microsoft.com,3.1,false,false,0.004040,0.322060
CVE-2026-71342,2026-09-08,HIGH,7.0,LOCAL,LOW,False,unmitigable,,No documented mitigation that preserves current use; re-role or replace,,secure@microsoft.com,3.1,false,false,0.002640,0.164630
CVE-2026-71343,2026-09-08,HIGH,7.8,LOCAL,LOW,False,unmitigable,,No documented mitigation that preserves current use; re-role or replace,,secure@microsoft.com,3.1,false,false,0.003330,0.242200
CVE-2026-71345,2026-09-08,HIGH,7.8,LOCAL,LOW,False,unmitigable,,No documented mitigation that preserves current use; re-role or replace,,secure@microsoft.com,3.1,false,false,0.003330,0.242200
CVE-2026-71348,2026-09-08,MEDIUM,6.8,PHYSICAL,NONE,False,unmitigable,,No documented mitigation that preserves current use; re-role or replace,,secure@microsoft.com,3.1,false,false,0.004380,0.357150
CVE-2026-71349,2026-09-08,MEDIUM,6.8,PHYSICAL,NONE,False,unmitigable,,No documented mitigation that preserves current use; re-role or replace,,secure@microsoft.com,3.1,false,false,0.004380,0.357120
CVE-2026-71350,2026-09-08,MEDIUM,6.8,PHYSICAL,NONE,False,unmitigable,,No documented mitigation that preserves current use; re-role or replace,,secure@microsoft.com,3.1,false,false,0.004380,0.357130
CVE-2026-71351,2026-09-08,HIGH,7.0,LOCAL,LOW,False,unmitigable,,No documented mitigation that preserves current use; re-role or replace,,secure@microsoft.com,3.1,false,false,0.002640,0.164630
CVE-2026-71352,2026-09-08,HIGH,8.8,NETWORK,LOW,False,unmitigable,,No documented mitigation that preserves current use; re-role or replace,,secure@microsoft.com,3.1,false,false,0.009130,0.585880
CVE-2026-71353,2026-09-08,HIGH,7.0,LOCAL,LOW,False,unmitigable,,No documented mitigation that preserves current use; re-role or replace,,secure@microsoft.com,3.1,false,false,0.002640,0.164640
CVE-2026-72926,2026-09-08,HIGH,7.0,LOCAL,LOW,False,unmitigable,,No documented mitigation that preserves current use; re-role or replace,,secure@microsoft.com,3.1,false,false,0.002640,0.164960
CVE-2026-72927,2026-09-08,HIGH,7.8,LOCAL,LOW,False,unmitigable,,No documented mitigation that preserves current use; re-role or replace,,nvd@nist.gov,3.1,false,false,0.002430,0.140280
CVE-2026-72929,2026-09-08,HIGH,7.8,LOCAL,LOW,False,unmitigable,,No documented mitigation that preserves current use; re-role or replace,,secure@microsoft.com,3.1,false,false,0.002300,0.124800
CVE-2026-72930,2026-09-08,HIGH,7.0,LOCAL,LOW,False,unmitigable,,No documented mitigation that preserves current use; re-role or replace,,secure@microsoft.com,3.1,false,false,0.002640,0.164960
CVE-2026-72931,2026-09-08,MEDIUM,5.5,LOCAL,LOW,False,unmitigable,,No documented mitigation that preserves current use; re-role or replace,,nvd@nist.gov,3.1,false,false,0.003440,0.254620
CVE-2026-72932,2026-09-08,HIGH,7.5,NETWORK,NONE,False,network_isolate,network,Segment to a restricted VLAN and block inbound access at the host firewall,,secure@microsoft.com,3.1,false,false,0.010270,0.622560
CVE-2026-72933,2026-09-08,HIGH,8.8,NETWORK,NONE,False,network_isolate,network,Segment to a restricted VLAN and block inbound access at the host firewall,,secure@microsoft.com,3.1,false,false,0.008190,0.555790
CVE-2026-72935,2026-09-08,MEDIUM,6.7,LOCAL,HIGH,False,unmitigable,,No documented mitigation that preserves current use; re-role or replace,,secure@microsoft.com,3.1,false,false,0.003480,0.260030
CVE-2026-72936,2026-09-08,HIGH,8.1,NETWORK,NONE,False,network_isolate,network,Segment to a restricted VLAN and block inbound access at the host firewall,,secure@microsoft.com,3.1,false,false,0.007070,0.516550
CVE-2026-72937,2026-09-08,MEDIUM,5.5,LOCAL,LOW,False,unmitigable,,No documented mitigation that preserves current use; re-role or replace,,secure@microsoft.com,3.1,false,false,0.004040,0.321900
CVE-2026-72939,2026-09-08,MEDIUM,6.5,NETWORK,LOW,False,unmitigable,,No documented mitigation that preserves current use; re-role or replace,,secure@microsoft.com,3.1,false,false,0.011380,0.653410
CVE-2026-72940,2026-09-08,HIGH,8.8,NETWORK,NONE,False,network_isolate,network,Segment to a restricted VLAN and block inbound access at the host firewall,,secure@microsoft.com,3.1,false,false,0.008190,0.555780
CVE-2026-72941,2026-09-08,HIGH,7.8,LOCAL,LOW,False,unmitigable,,No documented mitigation that preserves current use; re-role or replace,,secure@microsoft.com,3.1,false,false,0.003330,0.241760
CVE-2026-72942,2026-09-08,MEDIUM,6.5,NETWORK,NONE,False,network_isolate,network,Segment to a restricted VLAN and block inbound access at the host firewall,,secure@microsoft.com,3.1,false,false,0.009220,0.588530
CVE-2026-72944,2026-09-08,HIGH,7.8,LOCAL,LOW,False,service_disable,fax,Remove the Fax and Scan optional feature,Microsoft optional feature guidance,secure@microsoft.com,3.1,false,false,0.003330,0.241750
CVE-2026-72945,2026-09-08,MEDIUM,5.5,LOCAL,LOW,False,unmitigable,,No documented mitigation that preserves current use; re-role or replace,,secure@microsoft.com,3.1,false,false,0.004040,0.321910
CVE-2026-72946,2026-09-08,HIGH,7.8,LOCAL,LOW,False,unmitigable,,No documented mitigation that preserves current use; re-role or replace,,secure@microsoft.com,3.1,false,false,0.003330,0.241750
CVE-2026-72947,2026-09-08,HIGH,7.0,LOCAL,LOW,False,unmitigable,,No documented mitigation that preserves current use; re-role or replace,,nvd@nist.gov,3.1,false,false,0.002680,0.170600
CVE-2026-72949,2026-09-08,HIGH,7.5,NETWORK,NONE,False,network_isolate,network,Segment to a restricted VLAN and block inbound access at the host firewall,,secure@microsoft.com,3.1,false,false,0.011740,0.663430
CVE-2026-72950,2026-09-08,CRITICAL,9.8,NETWORK,NONE,False,network_isolate,network,Segment to a restricted VLAN and block inbound access at the host firewall,,nvd@nist.gov,3.1,false,false,0.009230,0.588720
CVE-2026-72952,2026-09-08,HIGH,7.0,LOCAL,LOW,False,unmitigable,,No documented mitigation that preserves current use; re-role or replace,,secure@microsoft.com,3.1,false,false,0.002640,0.164950
CVE-2026-72953,2026-09-08,HIGH,7.8,LOCAL,LOW,False,unmitigable,,No documented mitigation that preserves current use; re-role or replace,,secure@microsoft.com,3.1,false,false,0.003330,0.241750
CVE-2026-72958,2026-09-08,HIGH,8.2,LOCAL,HIGH,False,unmitigable,,No documented mitigation that preserves current use; re-role or replace,,secure@microsoft.com,3.1,false,false,0.003480,0.260040
CVE-2026-72959,2026-09-08,HIGH,8.8,NETWORK,LOW,False,unmitigable,,No documented mitigation that preserves current use; re-role or replace,,secure@microsoft.com,3.1,false,false,0.009130,0.585940
CVE-2026-72960,2026-09-08,HIGH,8.8,NETWORK,NONE,False,network_isolate,network,Segment to a restricted VLAN and block inbound access at the host firewall,,secure@microsoft.com,3.1,false,false,0.008190,0.556010
CVE-2026-72961,2026-09-08,HIGH,8.2,LOCAL,HIGH,False,service_disable,hyperv,Remove the Hyper-V role on endpoints that do not host VMs,Microsoft Hyper-V role guidance,secure@microsoft.com,3.1,false,false,0.003480,0.260030
CVE-2026-72962,2026-09-08,HIGH,8.2,LOCAL,HIGH,False,unmitigable,,No documented mitigation that preserves current use; re-role or replace,,secure@microsoft.com,3.1,false,false,0.003480,0.260040
CVE-2026-72963,2026-09-08,HIGH,7.0,LOCAL,LOW,False,unmitigable,,No documented mitigation that preserves current use; re-role or replace,,secure@microsoft.com,3.1,false,false,0.002640,0.164950
CVE-2026-72964,2026-09-08,MEDIUM,5.5,LOCAL,LOW,False,unmitigable,,No documented mitigation that preserves current use; re-role or replace,,secure@microsoft.com,3.1,false,false,0.003020,0.207080
CVE-2026-72965,2026-09-08,HIGH,7.8,LOCAL,LOW,False,service_disable,webdav,Stop and disable the WebClient (WebDAV) service,Microsoft WebDAV advisory guidance,secure@microsoft.com,3.1,false,false,0.003330,0.242540
CVE-2026-72966,2026-09-08,MEDIUM,5.5,LOCAL,LOW,False,unmitigable,,No documented mitigation that preserves current use; re-role or replace,,secure@microsoft.com,3.1,false,false,0.003020,0.207070
CVE-2026-72967,2026-09-08,HIGH,7.8,LOCAL,LOW,False,unmitigable,,No documented mitigation that preserves current use; re-role or replace,,secure@microsoft.com,3.1,false,false,0.003330,0.242540
CVE-2026-72980,2026-09-08,MEDIUM,5.5,LOCAL,LOW,False,unmitigable,,No documented mitigation that preserves current use; re-role or replace,,nvd@nist.gov,3.1,false,false,0.005740,0.453120
CVE-2026-72981,2026-09-08,HIGH,8.1,NETWORK,NONE,False,network_isolate,network,Segment to a restricted VLAN and block inbound access at the host firewall,,secure@microsoft.com,3.1,false,false,0.007070,0.516560
CVE-2026-72982,2026-09-08,CRITICAL,9.8,NETWORK,NONE,False,network_isolate,network,Segment to a restricted VLAN and block inbound access at the host firewall,,secure@microsoft.com,3.1,false,false,0.009740,0.606490
CVE-2026-72983,2026-09-08,CRITICAL,9.8,NETWORK,NONE,False,network_isolate,network,Segment to a restricted VLAN and block inbound access at the host firewall,,secure@microsoft.com,3.1,false,false,0.009740,0.606470
CVE-2026-72985,2026-09-08,MEDIUM,6.8,PHYSICAL,NONE,False,unmitigable,,No documented mitigation that preserves current use; re-role or replace,,secure@microsoft.com,3.1,false,false,0.004380,0.357130
CVE-2026-72986,2026-09-08,HIGH,8.8,NETWORK,NONE,False,network_isolate,network,Segment to a restricted VLAN and block inbound access at the host firewall,,secure@microsoft.com,3.1,false,false,0.008190,0.555990
CVE-2026-72988,2026-09-08,HIGH,7.8,LOCAL,LOW,False,unmitigable,,No documented mitigation that preserves current use; re-role or replace,,secure@microsoft.com,3.1,false,false,0.003330,0.242530
CVE-2026-72990,2026-09-08,HIGH,7.8,LOCAL,LOW,False,unmitigable,,No documented mitigation that preserves current use; re-role or replace,,secure@microsoft.com,3.1,false,false,0.003330,0.241620
CVE-2026-72991,2026-09-08,HIGH,7.8,LOCAL,LOW,False,unmitigable,,No documented mitigation that preserves current use; re-role or replace,,secure@microsoft.com,3.1,false,false,0.003330,0.242320
CVE-2026-72992,2026-09-08,HIGH,7.8,LOCAL,LOW,False,unmitigable,,No documented mitigation that preserves current use; re-role or replace,,secure@microsoft.com,3.1,false,false,0.003330,0.242310
CVE-2026-72993,2026-09-08,HIGH,7.8,LOCAL,LOW,False,unmitigable,,No documented mitigation that preserves current use; re-role or replace,,secure@microsoft.com,3.1,false,false,0.003330,0.242310
CVE-2026-72994,2026-09-08,HIGH,7.8,LOCAL,LOW,False,unmitigable,,No documented mitigation that preserves current use; re-role or replace,,secure@microsoft.com,3.1,false,false,0.003330,0.242310
CVE-2026-72995,2026-09-08,HIGH,7.8,LOCAL,LOW,False,unmitigable,,No documented mitigation that preserves current use; re-role or replace,,secure@microsoft.com,3.1,false,false,0.003330,0.242310
CVE-2026-72996,2026-09-08,HIGH,7.8,LOCAL,LOW,False,unmitigable,,No documented mitigation that preserves current use; re-role or replace,,secure@microsoft.com,3.1,false,false,0.003330,0.242590
CVE-2026-72997,2026-09-08,HIGH,7.8,LOCAL,LOW,False,unmitigable,,No documented mitigation that preserves current use; re-role or replace,,secure@microsoft.com,3.1,false,false,0.003330,0.241880
CVE-2026-72999,2026-09-08,MEDIUM,6.8,PHYSICAL,NONE,False,unmitigable,,No documented mitigation that preserves current use; re-role or replace,,secure@microsoft.com,3.1,false,false,0.004380,0.357130
CVE-2026-73000,2026-09-08,HIGH,7.8,LOCAL,LOW,False,unmitigable,,No documented mitigation that preserves current use; re-role or replace,,secure@microsoft.com,3.1,false,false,0.003330,0.241880
CVE-2026-73001,2026-09-08,HIGH,7.8,LOCAL,LOW,False,unmitigable,,No documented mitigation that preserves current use; re-role or replace,,secure@microsoft.com,3.1,false,false,0.003330,0.242300
CVE-2026-73002,2026-09-08,HIGH,7.8,LOCAL,LOW,False,unmitigable,,No documented mitigation that preserves current use; re-role or replace,,secure@microsoft.com,3.1,false,false,0.003330,0.242590
CVE-2026-73003,2026-09-08,HIGH,7.0,LOCAL,LOW,False,unmitigable,,No documented mitigation that preserves current use; re-role or replace,,secure@microsoft.com,3.1,false,false,0.002640,0.164910
CVE-2026-73004,2026-09-08,MEDIUM,5.5,LOCAL,LOW,False,unmitigable,,No documented mitigation that preserves current use; re-role or replace,,secure@microsoft.com,3.1,false,false,0.003020,0.207070
CVE-2026-73005,2026-09-08,HIGH,7.0,LOCAL,LOW,False,unmitigable,,No documented mitigation that preserves current use; re-role or replace,,secure@microsoft.com,3.1,false,false,0.002020,0.091170
CVE-2026-73006,2026-09-08,HIGH,8.8,NETWORK,NONE,False,network_isolate,network,Segment to a restricted VLAN and block inbound access at the host firewall,,secure@microsoft.com,3.1,false,false,0.008190,0.555910
CVE-2026-73007,2026-09-08,HIGH,7.8,LOCAL,LOW,False,unmitigable,,No documented mitigation that preserves current use; re-role or replace,,secure@microsoft.com,3.1,false,false,0.003330,0.242540
CVE-2026-73008,2026-09-08,MEDIUM,5.5,LOCAL,LOW,False,unmitigable,,No documented mitigation that preserves current use; re-role or replace,,secure@microsoft.com,3.1,false,false,0.004790,0.389800
CVE-2026-73009,2026-09-08,CRITICAL,9.8,NETWORK,NONE,False,network_isolate,network,Segment to a restricted VLAN and block inbound access at the host firewall,,secure@microsoft.com,3.1,false,false,0.009740,0.606480
CVE-2026-73011,2026-09-08,HIGH,7.8,LOCAL,LOW,False,unmitigable,,No documented mitigation that preserves current use; re-role or replace,,secure@microsoft.com,3.1,false,false,0.003330,0.242530
CVE-2026-73012,2026-09-08,HIGH,8.8,NETWORK,LOW,False,unmitigable,,No documented mitigation that preserves current use; re-role or replace,,secure@microsoft.com,3.1,false,false,0.009130,0.585920
CVE-2026-73013,2026-09-08,HIGH,8.8,NETWORK,NONE,False,network_isolate,network,Segment to a restricted VLAN and block inbound access at the host firewall,,secure@microsoft.com,3.1,false,false,0.008190,0.556050
CVE-2026-73014,2026-09-08,HIGH,7.8,LOCAL,LOW,False,unmitigable,,No documented mitigation that preserves current use; re-role or replace,,secure@microsoft.com,3.1,false,false,0.002980,0.202900
CVE-2026-73015,2026-09-08,HIGH,7.8,LOCAL,LOW,False,unmitigable,,No documented mitigation that preserves current use; re-role or replace,,secure@microsoft.com,3.1,false,false,0.003330,0.242530
CVE-2026-73016,2026-09-08,HIGH,8.8,NETWORK,NONE,False,network_isolate,network,Segment to a restricted VLAN and block inbound access at the host firewall,,secure@microsoft.com,3.1,false,false,0.008190,0.555980
CVE-2026-73017,2026-09-08,HIGH,7.5,LOCAL,HIGH,False,unmitigable,,No documented mitigation that preserves current use; re-role or replace,,secure@microsoft.com,3.1,false,false,0.002760,0.180590
CVE-2026-73018,2026-09-08,HIGH,8.8,NETWORK,NONE,False,network_isolate,network,Segment to a restricted VLAN and block inbound access at the host firewall,,secure@microsoft.com,3.1,false,false,0.008190,0.555780
CVE-2026-73019,2026-09-08,MEDIUM,4.3,NETWORK,NONE,False,network_isolate,network,Segment to a restricted VLAN and block inbound access at the host firewall,,secure@microsoft.com,3.1,false,false,0.007690,0.538910
CVE-2026-73020,2026-09-08,HIGH,7.8,LOCAL,LOW,False,unmitigable,,No documented mitigation that preserves current use; re-role or replace,,secure@microsoft.com,3.1,false,false,0.003330,0.241880
CVE-2026-73021,2026-09-08,HIGH,7.8,LOCAL,LOW,False,unmitigable,,No documented mitigation that preserves current use; re-role or replace,,secure@microsoft.com,3.1,false,false,0.003330,0.241870
CVE-2026-73022,2026-09-08,HIGH,7.0,LOCAL,LOW,False,unmitigable,,No documented mitigation that preserves current use; re-role or replace,,secure@microsoft.com,3.1,false,false,0.002640,0.165040
CVE-2026-73023,2026-09-08,HIGH,8.8,NETWORK,NONE,False,network_isolate,network,Segment to a restricted VLAN and block inbound access at the host firewall,,secure@microsoft.com,3.1,false,false,0.008190,0.555810
CVE-2026-73024,2026-09-08,HIGH,7.8,LOCAL,LOW,False,unmitigable,,No documented mitigation that preserves current use; re-role or replace,,secure@microsoft.com,3.1,false,false,0.003330,0.241870
CVE-2026-73026,2026-09-08,HIGH,7.8,LOCAL,LOW,False,unmitigable,,No documented mitigation that preserves current use; re-role or replace,,secure@microsoft.com,3.1,false,false,0.003330,0.241870
CVE-2026-77489,2026-09-08,HIGH,7.8,LOCAL,LOW,False,unmitigable,,No documented mitigation that preserves current use; re-role or replace,,secure@microsoft.com,3.1,false,false,0.003330,0.242560
CVE-2026-77491,2026-09-08,MEDIUM,5.5,LOCAL,LOW,False,unmitigable,,No documented mitigation that preserves current use; re-role or replace,,nvd@nist.gov,3.1,false,false,0.004350,0.354130
CVE-2026-77492,2026-09-08,MEDIUM,5.5,LOCAL,LOW,False,unmitigable,,No documented mitigation that preserves current use; re-role or replace,,secure@microsoft.com,3.1,false,false,0.004040,0.321990
CVE-2026-77493,2026-09-08,CRITICAL,9.8,NETWORK,NONE,False,network_isolate,network,Segment to a restricted VLAN and block inbound access at the host firewall,,secure@microsoft.com,3.1,false,false,0.009740,0.606460
CVE-2026-77495,2026-09-08,HIGH,8.8,NETWORK,NONE,False,network_isolate,network,Segment to a restricted VLAN and block inbound access at the host firewall,,secure@microsoft.com,3.1,false,false,0.008190,0.555830
CVE-2026-77500,2026-09-08,HIGH,7.8,LOCAL,LOW,False,unmitigable,,No documented mitigation that preserves current use; re-role or replace,,secure@microsoft.com,3.1,false,false,0.003330,0.241600
CVE-2026-77503,2026-09-08,HIGH,7.8,LOCAL,LOW,False,unmitigable,,No documented mitigation that preserves current use; re-role or replace,,nvd@nist.gov,3.1,false,false,0.003370,0.246270
CVE-2026-77504,2026-09-08,HIGH,8.8,NETWORK,NONE,False,network_isolate,network,Segment to a restricted VLAN and block inbound access at the host firewall,,secure@microsoft.com,3.1,false,false,0.008190,0.556040
CVE-2026-77892,2026-09-08,MEDIUM,6.8,PHYSICAL,NONE,False,unmitigable,,No documented mitigation that preserves current use; re-role or replace,,secure@microsoft.com,3.1,false,false,0.004380,0.357150
CVE-2026-77894,2026-09-08,HIGH,7.0,LOCAL,LOW,False,unmitigable,,No documented mitigation that preserves current use; re-role or replace,,secure@microsoft.com,3.1,false,false,0.002020,0.091200
CVE-2026-77896,2026-09-08,HIGH,7.5,NETWORK,NONE,False,service_disable,rdp,"Disable Remote Desktop, or require Network Level Authentication and gate by firewall",Microsoft CVE-2019-0708 guidance,nvd@nist.gov,3.1,false,false,0.007000,0.513870
CVE-2026-77899,2026-09-08,HIGH,7.0,LOCAL,LOW,False,unmitigable,,No documented mitigation that preserves current use; re-role or replace,,secure@microsoft.com,3.1,false,false,0.002640,0.164930
CVE-2026-77904,2026-09-08,HIGH,7.8,LOCAL,LOW,False,unmitigable,,No documented mitigation that preserves current use; re-role or replace,,secure@microsoft.com,3.1,false,false,0.003330,0.241690
CVE-2026-77905,2026-09-08,HIGH,7.0,LOCAL,LOW,False,unmitigable,,No documented mitigation that preserves current use; re-role or replace,,secure@microsoft.com,3.1,false,false,0.002640,0.164940
CVE-2026-78446,2026-09-08,MEDIUM,5.3,NETWORK,LOW,False,unmitigable,,No documented mitigation that preserves current use; re-role or replace,,secure@microsoft.com,3.1,false,false,0.008280,0.558970
CVE-2026-78447,2026-09-08,HIGH,7.8,LOCAL,LOW,False,unmitigable,,No documented mitigation that preserves current use; re-role or replace,,secure@microsoft.com,3.1,false,false,0.003330,0.242350
CVE-2026-78448,2026-09-08,HIGH,7.8,LOCAL,LOW,False,unmitigable,,No documented mitigation that preserves current use; re-role or replace,,secure@microsoft.com,3.1,false,false,0.003330,0.242350
CVE-2026-78449,2026-09-08,HIGH,8.1,NETWORK,NONE,False,network_isolate,network,Segment to a restricted VLAN and block inbound access at the host firewall,,secure@microsoft.com,3.1,false,false,0.007070,0.516530
CVE-2026-78451,2026-09-08,MEDIUM,6.8,PHYSICAL,NONE,False,unmitigable,,No documented mitigation that preserves current use; re-role or replace,,secure@microsoft.com,3.1,false,false,0.004380,0.357110
CVE-2026-78452,2026-09-08,MEDIUM,4.6,PHYSICAL,NONE,False,unmitigable,,No documented mitigation that preserves current use; re-role or replace,,secure@microsoft.com,3.1,false,false,0.004680,0.381960
CVE-2026-78453,2026-09-08,MEDIUM,6.5,NETWORK,NONE,False,network_isolate,network,Segment to a restricted VLAN and block inbound access at the host firewall,,secure@microsoft.com,3.1,false,false,0.009220,0.588540
CVE-2026-78454,2026-09-08,MEDIUM,5.5,LOCAL,LOW,False,unmitigable,,No documented mitigation that preserves current use; re-role or replace,,secure@microsoft.com,3.1,false,false,0.004040,0.321950
CVE-2026-78455,2026-09-08,MEDIUM,4.3,PHYSICAL,NONE,False,unmitigable,,No documented mitigation that preserves current use; re-role or replace,,secure@microsoft.com,3.1,false,false,0.005230,0.422040
CVE-2026-78457,2026-09-08,HIGH,7.0,LOCAL,LOW,False,unmitigable,,No documented mitigation that preserves current use; re-role or replace,,secure@microsoft.com,3.1,false,false,0.002640,0.164940
CVE-2026-78464,2026-09-08,HIGH,7.0,LOCAL,LOW,False,unmitigable,,No documented mitigation that preserves current use; re-role or replace,,secure@microsoft.com,3.1,false,false,0.002020,0.091160
CVE-2026-78508,2026-09-08,MEDIUM,4.6,PHYSICAL,NONE,False,unmitigable,,No documented mitigation that preserves current use; re-role or replace,,secure@microsoft.com,3.1,false,false,0.004680,0.381940
CVE-2026-78516,2026-09-08,MEDIUM,4.3,PHYSICAL,NONE,False,unmitigable,,No documented mitigation that preserves current use; re-role or replace,,secure@microsoft.com,3.1,false,false,0.005230,0.422040
CVE-2026-80075,2026-09-08,HIGH,7.8,LOCAL,LOW,False,unmitigable,,No documented mitigation that preserves current use; re-role or replace,,secure@microsoft.com,3.1,false,false,0.003330,0.241860
CVE-2026-80083,2026-09-08,HIGH,8.8,LOCAL,LOW,False,service_disable,hyperv,Remove the Hyper-V role on endpoints that do not host VMs,Microsoft Hyper-V role guidance,secure@microsoft.com,3.1,false,false,0.003330,0.241860
CVE-2026-80093,2026-09-08,HIGH,7.0,LOCAL,LOW,False,unmitigable,,No documented mitigation that preserves current use; re-role or replace,,secure@microsoft.com,3.1,false,false,0.003230,0.229840
CVE-2026-80096,2026-09-08,HIGH,8.8,NETWORK,LOW,False,service_disable,rdp,"Disable Remote Desktop, or require Network Level Authentication and gate by firewall",Microsoft CVE-2019-0708 guidance,secure@microsoft.com,3.1,false,false,0.009130,0.585860
CVE-2026-81352,2026-09-08,HIGH,8.8,NETWORK,NONE,True,app_update,application,Update the affected application; it services independently of the OS,,nvd@nist.gov,3.1,false,false,0.004800,0.390500
CVE-2026-81354,2026-09-08,HIGH,8.2,LOCAL,HIGH,False,unmitigable,,No documented mitigation that preserves current use; re-role or replace,,secure@microsoft.com,3.1,false,false,0.003480,0.260060
CVE-2026-81355,2026-09-08,HIGH,7.8,LOCAL,LOW,False,unmitigable,,No documented mitigation that preserves current use; re-role or replace,,nvd@nist.gov,3.1,false,false,0.002020,0.090440
CVE-2026-81963,2026-09-08,HIGH,7.8,LOCAL,LOW,False,unmitigable,,No documented mitigation that preserves current use; re-role or replace,,secure@microsoft.com,3.1,true,false,0.003930,0.310420
CVE-2026-83498,2026-09-08,HIGH,7.8,LOCAL,LOW,False,unmitigable,,No documented mitigation that preserves current use; re-role or replace,,secure@microsoft.com,3.1,false,false,0.003330,0.242560
CVE-2026-83501,2026-09-08,MEDIUM,5.5,LOCAL,LOW,False,unmitigable,,No documented mitigation that preserves current use; re-role or replace,,secure@microsoft.com,3.1,false,false,0.004040,0.321960
CVE-2026-83940,2026-09-08,HIGH,7.0,LOCAL,LOW,False,unmitigable,,No documented mitigation that preserves current use; re-role or replace,,secure@microsoft.com,3.1,false,false,0.002640,0.164740
CVE-2026-83942,2026-09-08,HIGH,7.8,LOCAL,LOW,False,unmitigable,,No documented mitigation that preserves current use; re-role or replace,,secure@microsoft.com,3.1,false,false,0.002980,0.202790
CVE-2026-83952,2026-09-08,HIGH,7.8,LOCAL,LOW,False,unmitigable,,No documented mitigation that preserves current use; re-role or replace,,secure@microsoft.com,3.1,false,false,0.003330,0.242270
CVE-2026-83954,2026-09-08,HIGH,7.8,LOCAL,LOW,False,unmitigable,,No documented mitigation that preserves current use; re-role or replace,,secure@microsoft.com,3.1,false,false,0.003330,0.242260
CVE-2026-83955,2026-09-08,HIGH,7.8,LOCAL,LOW,False,unmitigable,,No documented mitigation that preserves current use; re-role or replace,,secure@microsoft.com,3.1,false,false,0.003330,0.242340
CVE-2026-83967,2026-09-08,HIGH,7.8,LOCAL,LOW,False,unmitigable,,No documented mitigation that preserves current use; re-role or replace,,secure@microsoft.com,3.1,false,false,0.003330,0.241660
CVE-2026-83968,2026-09-08,HIGH,7.8,LOCAL,LOW,False,unmitigable,,No documented mitigation that preserves current use; re-role or replace,,secure@microsoft.com,3.1,false,false,0.003330,0.241650
CVE-2026-83969,2026-09-08,HIGH,7.8,LOCAL,LOW,False,unmitigable,,No documented mitigation that preserves current use; re-role or replace,,secure@microsoft.com,3.1,false,false,0.003330,0.241690
CVE-2026-83970,2026-09-08,HIGH,7.8,LOCAL,LOW,False,unmitigable,,No documented mitigation that preserves current use; re-role or replace,,secure@microsoft.com,3.1,false,false,0.003330,0.241690
CVE-2026-83971,2026-09-08,HIGH,7.8,LOCAL,LOW,False,unmitigable,,No documented mitigation that preserves current use; re-role or replace,,secure@microsoft.com,3.1,false,false,0.003330,0.241710
CVE-2026-83972,2026-09-08,HIGH,7.8,LOCAL,LOW,False,unmitigable,,No documented mitigation that preserves current use; re-role or replace,,secure@microsoft.com,3.1,false,false,0.003330,0.242100
CVE-2026-83973,2026-09-08,HIGH,7.8,LOCAL,LOW,False,unmitigable,,No documented mitigation that preserves current use; re-role or replace,,secure@microsoft.com,3.1,false,false,0.003330,0.242180
CVE-2026-83974,2026-09-08,HIGH,7.8,LOCAL,LOW,False,unmitigable,,No documented mitigation that preserves current use; re-role or replace,,secure@microsoft.com,3.1,false,false,0.003330,0.242170
CVE-2026-83975,2026-09-08,HIGH,7.8,LOCAL,LOW,False,unmitigable,,No documented mitigation that preserves current use; re-role or replace,,secure@microsoft.com,3.1,false,false,0.003330,0.242150
CVE-2026-83976,2026-09-08,HIGH,7.8,LOCAL,LOW,False,unmitigable,,No documented mitigation that preserves current use; re-role or replace,,secure@microsoft.com,3.1,false,false,0.003330,0.241710
CVE-2026-83977,2026-09-08,HIGH,7.8,LOCAL,LOW,False,unmitigable,,No documented mitigation that preserves current use; re-role or replace,,secure@microsoft.com,3.1,false,false,0.003330,0.241700
CVE-2026-83978,2026-09-08,HIGH,7.8,LOCAL,LOW,False,unmitigable,,No documented mitigation that preserves current use; re-role or replace,,secure@microsoft.com,3.1,false,false,0.003330,0.242270
CVE-2026-83979,2026-09-08,HIGH,7.8,LOCAL,LOW,False,unmitigable,,No documented mitigation that preserves current use; re-role or replace,,secure@microsoft.com,3.1,false,false,0.003330,0.242270
CVE-2026-83980,2026-09-08,HIGH,7.8,LOCAL,LOW,False,unmitigable,,No documented mitigation that preserves current use; re-role or replace,,secure@microsoft.com,3.1,false,false,0.003330,0.242270
CVE-2026-83981,2026-09-08,HIGH,7.8,LOCAL,LOW,False,unmitigable,,No documented mitigation that preserves current use; re-role or replace,,secure@microsoft.com,3.1,false,false,0.003330,0.241740
CVE-2026-83982,2026-09-08,HIGH,7.8,LOCAL,LOW,False,unmitigable,,No documented mitigation that preserves current use; re-role or replace,,secure@microsoft.com,3.1,false,false,0.003330,0.241730
CVE-2026-83983,2026-09-08,HIGH,7.8,LOCAL,LOW,False,unmitigable,,No documented mitigation that preserves current use; re-role or replace,,secure@microsoft.com,3.1,false,false,0.003330,0.241730
CVE-2026-83985,2026-09-08,HIGH,7.8,LOCAL,LOW,False,unmitigable,,No documented mitigation that preserves current use; re-role or replace,,secure@microsoft.com,3.1,false,false,0.003330,0.241960
CVE-2026-83986,2026-09-08,HIGH,7.8,LOCAL,LOW,False,unmitigable,,No documented mitigation that preserves current use; re-role or replace,,secure@microsoft.com,3.1,false,false,0.003330,0.241960
CVE-2026-83987,2026-09-08,HIGH,7.8,LOCAL,LOW,False,unmitigable,,No documented mitigation that preserves current use; re-role or replace,,secure@microsoft.com,3.1,false,false,0.003330,0.242590
CVE-2026-83988,2026-09-08,HIGH,7.8,LOCAL,LOW,False,unmitigable,,No documented mitigation that preserves current use; re-role or replace,,secure@microsoft.com,3.1,false,false,0.003330,0.241570
CVE-2026-83989,2026-09-08,HIGH,7.5,NETWORK,NONE,False,network_isolate,network,Segment to a restricted VLAN and block inbound access at the host firewall,,secure@microsoft.com,3.1,false,false,0.011740,0.663320
CVE-2026-83990,2026-09-08,HIGH,7.8,LOCAL,LOW,False,unmitigable,,No documented mitigation that preserves current use; re-role or replace,,secure@microsoft.com,3.1,false,false,0.003330,0.242340
CVE-2026-83991,2026-09-08,MEDIUM,5.5,LOCAL,LOW,False,unmitigable,,No documented mitigation that preserves current use; re-role or replace,,secure@microsoft.com,3.1,false,false,0.003020,0.207080
CVE-2026-83992,2026-09-08,HIGH,8.8,NETWORK,NONE,False,network_isolate,network,Segment to a restricted VLAN and block inbound access at the host firewall,,secure@microsoft.com,3.1,false,false,0.008190,0.555970
CVE-2026-83995,2026-09-08,HIGH,7.8,LOCAL,LOW,False,unmitigable,,No documented mitigation that preserves current use; re-role or replace,,secure@microsoft.com,3.1,false,false,0.003330,0.242340
CVE-2026-83996,2026-09-08,HIGH,8.8,LOCAL,LOW,False,unmitigable,,No documented mitigation that preserves current use; re-role or replace,,secure@microsoft.com,3.1,false,false,0.003330,0.242100
CVE-2026-83997,2026-09-08,HIGH,8.1,NETWORK,NONE,False,network_isolate,network,Segment to a restricted VLAN and block inbound access at the host firewall,,secure@microsoft.com,3.1,false,false,0.007070,0.516600
CVE-2026-83998,2026-09-08,HIGH,8.8,NETWORK,NONE,False,service_disable,rdp,"Disable Remote Desktop, or require Network Level Authentication and gate by firewall",Microsoft CVE-2019-0708 guidance,secure@microsoft.com,3.1,false,false,0.008190,0.555970
CVE-2026-83999,2026-09-08,HIGH,7.0,LOCAL,LOW,False,unmitigable,,No documented mitigation that preserves current use; re-role or replace,,secure@microsoft.com,3.1,false,false,0.002830,0.187640
CVE-2026-84000,2026-09-08,HIGH,7.8,LOCAL,LOW,False,unmitigable,,No documented mitigation that preserves current use; re-role or replace,,secure@microsoft.com,3.1,false,false,0.003330,0.242100
CVE-2026-84001,2026-09-08,HIGH,7.5,NETWORK,NONE,False,network_isolate,network,Segment to a restricted VLAN and block inbound access at the host firewall,,secure@microsoft.com,3.1,false,false,0.011740,0.663360
CVE-2026-85360,2026-09-08,HIGH,7.0,LOCAL,LOW,False,unmitigable,,No documented mitigation that preserves current use; re-role or replace,,secure@microsoft.com,3.1,false,false,0.002640,0.164780
CVE-2026-85877,2026-09-08,HIGH,8.8,NETWORK,NONE,False,service_disable,spooler,Stop and disable the Print Spooler service on devices that do not print,Microsoft ADV / KB5005010,secure@microsoft.com,3.1,false,false,0.008190,0.555840
